game_id,head_coach,coach_id,season,date,opponent,opponent_id,team_name,home_away,stadium,stadium_id,city,state,neutral_site,overtime_periods,attendance_paid,attendance_estimated,notes,game_story
2026_08_28_Woodbridge,Brad Womack,womackbrad,2026,8/28/2026,Woodbridge,woodbridge,Vikings,Away,A.T. Howard Memorial Stadium,woodbridge_home02,Woodbridge,Virginia,no,,,,,https://www.insidenova.com/headlines/stafford-stuns-woodbridge-with-last-minute-score/article_02bb6ff5-b734-482a-a02a-46b3c525559d.html
2026_09_03_UnityReed,Brad Womack,womackbrad,2026,9/3/2026,Unity Reed,unityreed,Lions,Home,Dr. Lloyd A. Busch Memorial Stadium,stafford_home02,Fredericksburg,Virginia,no,,,,,
2026_09_10_OsbournPark,Brad Womack,womackbrad,2026,9/10/2026,Osbourn Park,osbournpark,Yellow Jackets,Home,Dr. Lloyd A. Busch Memorial Stadium,stafford_home02,Fredericksburg,Virginia,no,,,,,
2026_09_25_MountainView,Brad Womack,womackbrad,2026,9/25/2026,Mountain View,mountainview,Wildcats,Home,Dr. Lloyd A. Busch Memorial Stadium,stafford_home02,Fredericksburg,Virginia,no,,,,,https://www.fredericksburgfreepress.com/2026/09/26/indians-air-it-out-remain-unbeaten-behind-qb-daltons-stellar-performance/
2026_10_02_ColonialForge,Brad Womack,womackbrad,2026,10/2/2026,Colonial Forge,colonialforge,Eagles,Away,,colonialforge_home01,Stafford,Virginia,no,,,,,
2026_10_09_Hartwood,Brad Womack,womackbrad,2026,10/9/2026,Hartwood,hartwood,Stallions,Home,Dr. Lloyd A. Busch Memorial Stadium,stafford_home02,Fredericksburg,Virginia,no,,,,,
2026_10_16_Massaponax,Brad Womack,womackbrad,2026,10/16/2026,Massaponax,massaponax,Panthers,Away,Panther Stadium,massaponax_home01,Fredericksburg,Virginia,no,,,,,
2026_10_23_Riverbend,Brad Womack,womackbrad,2026,10/23/2026,Riverbend,riverbend,Bears,Away,,riverbend_home01,Fredericksburg,Virginia,no,,,,,
2026_10_30_NorthStafford,Brad Womack,womackbrad,2026,10/30/2026,North Stafford,northstafford,Wolverines,Home,Dr. Lloyd A. Busch Memorial Stadium,stafford_home02,Fredericksburg,Virginia,no,,,,,
2026_11_06_BrookePoint,Brad Womack,womackbrad,2026,11/6/2026,Brooke Point,brookepoint,Black-Hawks,Home,Dr. Lloyd A. Busch Memorial Stadium,stafford_home02,Fredericksburg,Virginia,no,,,,,
2025_08_28_Woodbridge,Gerard Johnson,johnsongerard,2025,8/28/2025,Woodbridge,woodbridge,Vikings,Home,Dr. Lloyd A. Busch Memorial Stadium,stafford_home02,Fredericksburg,Virginia,no,,,,,https://fredericksburg.com/sports/high-school/football/friday-sept-20-high-school-football-rarchive.is/https://fredericksburg.com/sports/high-school/football/article_b070192c-4b84-4b9a-8c6c-64d17cc2629c.html
2025_09_05_UnityReed,Gerard Johnson,johnsongerard,2025,9/5/2025,Unity Reed,unityreed,Lions,Away,,unityreed_home02,Manassas,Virginia,no,,,,,https://fredericksburg.com/sports/high-school/football/article_3a381bd4-d987-46ac-9bde-74d41086c58d.html
2025_09_12_OsbournPark,Gerard Johnson,johnsongerard,2025,9/12/2025,Osbourn Park,osbournpark,Yellow Jackets,Away,,osbournpark_home02,Manassas,Virginia,no,,,,,https://fredericksburg.com/sports/high-school/football/article_c3ff816f-b807-4573-a9f2-e906f2bf4822.html
2025_09_19_JohnChampe,Gerard Johnson,johnsongerard,2025,9/19/2025,John Champe,johnchampe,Knights,Away,,johnchampe_home01,Aldie,Virginia,no,,,,,
2025_09_26_MountainView,Gerard Johnson,johnsongerard,2025,9/26/2025,Mountain View,mountainview,Wildcats,Away,,mountainview_home01,Stafford,Virginia,no,,,,,https://fredericksburg.com/sports/high-school/football/article_2930f8b1-693f-49bf-ade3-41ba9524c060.html
2025_10_03_ColonialForge,Gerard Johnson,johnsongerard,2025,10/3/2025,Colonial Forge,colonialforge,Eagles,Home,Dr. Lloyd A. Busch Memorial Stadium,stafford_home02,Fredericksburg,Virginia,no,,,,,https://fredericksburg.com/sports/high-school/football/article_8648f5b4-d1ae-426b-a621-972702dd2846.html
2025_10_17_Massaponax,Gerard Johnson,johnsongerard,2025,10/17/2025,Massaponax,massaponax,Panthers,Home,Dr. Lloyd A. Busch Memorial Stadium,stafford_home02,Fredericksburg,Virginia,no,,,,,https://fredericksburg.com/sports/high-school/football/article_d57c26e1-fed0-4ff4-92bb-f71a75862411.html
2025_10_24_Riverbend,Gerard Johnson,johnsongerard,2025,10/24/2025,Riverbend,riverbend,Bears,Home,Dr. Lloyd A. Busch Memorial Stadium,stafford_home02,Fredericksburg,Virginia,no,,,,,https://fredericksburg.com/sports/high-school/football/article_d161c5a5-4b21-4e24-954e-20e7f520089b.html
2025_10_31_NorthStafford,Gerard Johnson,johnsongerard,2025,10/31/2025,North Stafford,northstafford,Wolverines,Away,AJ Slye Memorial Stadium,northstafford_home01,Stafford,Virginia,no,,,,,https://fredericksburg.com/sports/high-school/football/article_602730cb-4068-4d0a-8b13-09119c050233.html
2025_11_07_BrookePoint,Gerard Johnson,johnsongerard,2025,11/7/2025,Brooke Point,brookepoint,Black-Hawks,Away,Thomas W. Berry Memorial Stadium,brookepoint_home01,Stafford,Virginia,no,,,,,https://fredericksburg.com/sports/high-school/article_f29ced90-aaf3-469d-91ab-4fe4f78f2cfc.html
2024_08_31_JamesMonroe,Jeff Drugatz,drugatzjeff,2024,8/31/2024,James Monroe,jamesmonroe,Yellow Jackets,Home,Dr. Lloyd A. Busch Memorial Stadium,stafford_home02,Fredericksburg,Virginia,no,,,,,https://fredericksburg.com/sports/high-school/football/article_a780252a-67ee-11ef-8a7e-67a5247e67fc.html
2024_09_06_Chancellor,Jeff Drugatz,drugatzjeff,2024,9/6/2024,Chancellor,chancellor,Chargers,Away,,chancellor_home01,Fredericksburg,Virginia,no,,,,,https://fredericksburg.com/sports/high-school/football/article_748b15e8-6d5d-11ef-9006-fb73d9966369.html
2024_09_13_Colgan,Jeff Drugatz,drugatzjeff,2024,9/13/2024,Colgan,colgan,Sharks,Home,Dr. Lloyd A. Busch Memorial Stadium,stafford_home02,Fredericksburg,Virginia,no,,,,,https://fredericksburg.com/sports/high-school/football/article_ee4d41e0-722a-11ef-a4f1-3b943e59dc07.html
2024_09_20_Independence,Jeff Drugatz,drugatzjeff,2024,9/20/2024,Independence,independence,Tigers,Away,,independence_home01,Ashburn,Virginia,no,,,,,https://fredericksburg.com/sports/high-school/football/friday-sept-20-high-school-football-roundup/article_5b3ac090-76ed-11ef-b1e0-331c5bd7b6ad.html
2024_09_27_ColonialForge,Jeff Drugatz,drugatzjeff,2024,9/27/2024,Colonial Forge,colonialforge,Eagles,Home,Dr. Lloyd A. Busch Memorial Stadium,stafford_home02,Fredericksburg,Virginia,no,,,,,https://fredericksburg.com/sports/high-school/football/article_f92ccf2a-7d3f-11ef-89b6-dbd8cb8d57a8.html
2024_10_04_BrookePoint,Jeff Drugatz,drugatzjeff,2024,10/4/2024,Brooke Point,brookepoint,Black-Hawks,Home,Dr. Lloyd A. Busch Memorial Stadium,stafford_home02,Fredericksburg,Virginia,no,,,,,https://fredericksburg.com/aplustest/article_229f4ec4-8253-11ef-813e-b7244daf82a5.html
2024_10_18_NorthStafford,Jeff Drugatz,drugatzjeff,2024,10/18/2024,North Stafford,northstafford,Wolverines,Away,AJ Slye Memorial Stadium,northstafford_home01,Stafford,Virginia,no,,,,,https://fredericksburg.com/sports/high-school/football/article_162c604c-8e4b-11ef-98bd-eb589281acdb.html
2024_10_25_Riverbend,Jeff Drugatz,drugatzjeff,2024,10/25/2024,Riverbend,riverbend,Bears,Away,,riverbend_home01,Fredericksburg,Virginia,no,,,,,https://fredericksburg.com/sports/high-school/football/article_ebfba56c-93bd-11ef-8d5c-071d66f61381.html
2024_11_01_Massaponax,Jeff Drugatz,drugatzjeff,2024,11/1/2024,Massaponax,massaponax,Panthers,Away,Panther Stadium,massaponax_home01,Fredericksburg,Virginia,no,,,,,https://fredericksburg.com/sports/high-school/football/article_30793e04-9867-11ef-ba85-cf03abb6fb1b.html
2024_11_08_MountainView,Jeff Drugatz,drugatzjeff,2024,11/8/2024,Mountain View,mountainview,Wildcats,Home,Dr. Lloyd A. Busch Memorial Stadium,stafford_home02,Fredericksburg,Virginia,no,,,,,https://fredericksburg.com/sports/high-school/football/article_dc087568-9ea3-11ef-83b8-7f411de873a4.html
2024_11_15_ColonialForge,Jeff Drugatz,drugatzjeff,2024,11/15/2024,Colonial Forge,colonialforge,Eagles,Home,Dr. Lloyd A. Busch Memorial Stadium,stafford_home02,Fredericksburg,Virginia,no,,,,,https://fredericksburg.com/sports/high-school/football/article_3393230e-a44a-11ef-b417-cbee84396824.html
2023_08_25_JamesMonroe,Jeff Drugatz,drugatzjeff,2023,8/25/2023,James Monroe,jamesmonroe,Yellow Jackets,Away,Maury Stadium,jamesmonroe_home01,Fredericksburg,Virginia,no,,,,Forfeit,https://fredericksburg.com/sports/high-school/football/article_d1f242e6-4370-11ee-86cd-f3426c5bb128.html
2023_08_31_Chancellor,Jeff Drugatz,drugatzjeff,2023,8/31/2023,Chancellor,chancellor,Chargers,Home,Dr. Lloyd A. Busch Memorial Stadium,stafford_home02,Fredericksburg,Virginia,no,,,,,https://fredericksburg.com/sports/high-school/football/article_5fc3b86a-48e0-11ee-a1e2-075910777a63.html
2023_09_08_Colgan,Jeff Drugatz,drugatzjeff,2023,9/8/2023,Colgan,colgan,Sharks,Away,,colgan_home01,Manassas,Virginia,no,,,,,https://fredericksburg.com/sports/high-school/article_e843ab0a-4ec6-11ee-9f27-7b7e56da2da6.html
2023_09_14_Independence,Jeff Drugatz,drugatzjeff,2023,9/14/2023,Independence,independence,Tigers,Home,Dr. Lloyd A. Busch Memorial Stadium,stafford_home02,Fredericksburg,Virginia,no,,,,,
2023_09_22_ColonialForge,Jeff Drugatz,drugatzjeff,2023,9/22/2023,Colonial Forge,colonialforge,Eagles,Away,,colonialforge_home01,Stafford,Virginia,no,,,,,https://fredericksburg.com/sports/high-school/football/article_66a7a880-59bb-11ee-8064-17063d69dd74.html
2023_09_29_BrookePoint,Jeff Drugatz,drugatzjeff,2023,9/29/2023,Brooke Point,brookepoint,Black-Hawks,Away,Thomas W. Berry Memorial Stadium,brookepoint_home01,Stafford,Virginia,no,,,,,https://fredericksburg.com/sports/high-school/football/article_a4dbf880-5f2a-11ee-b86c-9f0b9ce8886b.html
2023_10_13_NorthStafford,Jeff Drugatz,drugatzjeff,2023,10/13/2023,North Stafford,northstafford,Wolverines,Home,Dr. Lloyd A. Busch Memorial Stadium,stafford_home02,Fredericksburg,Virginia,no,,,,,https://fredericksburg.com/sports/high-school/football/article_25713ff2-6a32-11ee-a6d4-cf4333ceecf1.html
2023_10_20_Riverbend,Jeff Drugatz,drugatzjeff,2023,10/20/2023,Riverbend,riverbend,Bears,Home,Dr. Lloyd A. Busch Memorial Stadium,stafford_home02,Fredericksburg,Virginia,no,,,,,https://fredericksburg.com/sports/high-school/football/article_3ea5542a-6fb1-11ee-b15d-438b4477ff82.html
2023_10_27_Massaponax,Jeff Drugatz,drugatzjeff,2023,10/27/2023,Massaponax,massaponax,Panthers,Home,Dr. Lloyd A. Busch Memorial Stadium,stafford_home02,Fredericksburg,Virginia,no,,,,,https://fredericksburg.com/sports/high-school/football/article_301bb990-752d-11ee-97d9-ab91ad3e36fd.html
2023_11_03_MountainView,Jeff Drugatz,drugatzjeff,2023,11/3/2023,Mountain View,mountainview,Wildcats,Away,,mountainview_home01,Stafford,Virginia,no,,,,,https://fredericksburg.com/sports/high-school/football/article_339ef82a-7aaf-11ee-9d2d-c327da2a2e01.html
2022_08_26_JamesMonroe,Jeff Drugatz,drugatzjeff,2022,8/26/2022,James Monroe,jamesmonroe,Yellow Jackets,Home,Dr. Lloyd A. Busch Memorial Stadium,stafford_home02,Fredericksburg,Virginia,no,,,,,https://fredericksburg.com/sports/high-school/article_88e0030e-2cd8-513b-8bab-03d8f500fb93.html
2022_09_02_Chancellor,Jeff Drugatz,drugatzjeff,2022,9/2/2022,Chancellor,chancellor,Chargers,Away,,chancellor_home01,Fredericksburg,Virginia,no,,,,,https://fredericksburg.com/sports/high-school/article_d380b835-7d3c-54cb-9b5d-75ec81166017.html
2022_09_09_EasternView,Jeff Drugatz,drugatzjeff,2022,9/9/2022,Eastern View,easternview,Cyclones,Home,Dr. Lloyd A. Busch Memorial Stadium,stafford_home02,Fredericksburg,Virginia,no,,,,,https://fredericksburg.com/sports/high-school/article_e92656ea-58dd-59d1-97cf-efb43cd27f4a.html
2022_09_16_Spotsylvania,Jeff Drugatz,drugatzjeff,2022,9/16/2022,Spotsylvania,spotsylvania,Knights,Away,,spotsylvania_home03,Spotsylvania Courthouse,Virginia,no,,,,,https://fredericksburg.com/sports/high-school/article_a538135f-1344-5b52-890f-c16e9116358f.html
2022_09_23_ColonialForge,Jeff Drugatz,drugatzjeff,2022,9/23/2022,Colonial Forge,colonialforge,Eagles,Home,Dr. Lloyd A. Busch Memorial Stadium,stafford_home02,Fredericksburg,Virginia,no,,,,,https://fredericksburg.com/sports/high-school/article_f45be8cb-f951-53ba-ba92-59e6936beaaf.html
2022_09_30_MountainView,Jeff Drugatz,drugatzjeff,2022,9/30/2022,Mountain View,mountainview,Wildcats,Away,,mountainview_home01,Stafford,Virginia,no,,,,,https://fredericksburg.com/sports/high-school/article_528706a4-23a9-5ee4-a1ee-a9c117eb8a39.html
2022_10_06_BrookePoint,Jeff Drugatz,drugatzjeff,2022,10/6/2022,Brooke Point,brookepoint,Black-Hawks,Away,Thomas W. Berry Memorial Stadium,brookepoint_home01,Stafford,Virginia,no,,,,,https://fredericksburg.com/sports/high-school/article_7a03fa7a-466e-11ed-ab70-2f02904dfe95.html
2022_10_14_NorthStafford,Jeff Drugatz,drugatzjeff,2022,10/14/2022,North Stafford,northstafford,Wolverines,Home,Dr. Lloyd A. Busch Memorial Stadium,stafford_home02,Fredericksburg,Virginia,no,,,,,https://fredericksburg.com/sports/high-school/article_45e8116e-4c26-11ed-afea-e727bd30a030.html
2022_10_28_Riverbend,Jeff Drugatz,drugatzjeff,2022,10/28/2022,Riverbend,riverbend,Bears,Home,Dr. Lloyd A. Busch Memorial Stadium,stafford_home02,Fredericksburg,Virginia,no,,,,,https://fredericksburg.com/sports/high-school/article_d70a6f44-5729-11ed-8e74-5b9933c6345f.html
2022_11_01_Massaponax,Jeff Drugatz,drugatzjeff,2022,11/1/2022,Massaponax,massaponax,Panthers,Away,Panther Stadium,massaponax_home01,Fredericksburg,Virginia,no,,,,,
2021_08_27_JamesMonroe,Mo Hampton,hamptonmo,2021,8/27/2021,James Monroe,jamesmonroe,Yellow Jackets,Away,Maury Stadium,jamesmonroe_home01,Fredericksburg,Virginia,no,,,,,https://fredericksburg.com/sports/high-school/article_efd44f03-acb2-5076-b39c-f550483accf8.html
2021_09_10_EasternView,Mo Hampton,hamptonmo,2021,9/10/2021,Eastern View,easternview,Cyclones,Away,Cyclone Stadium,easternview_home01,Culpeper,Virginia,no,,,,,https://fredericksburg.com/sports/high-school/article_e7779152-99f3-5a9e-a84d-00455f202221.html
2021_09_17_Spotsylvania,Mo Hampton,hamptonmo,2021,9/17/2021,Spotsylvania,spotsylvania,Knights,Home,Dr. Lloyd A. Busch Memorial Stadium,stafford_home02,Fredericksburg,Virginia,no,,,,,https://fredericksburg.com/sports/high-school/article_b7daf576-f08a-542b-a9a2-06fc90860aa7.html
2021_09_24_ColonialForge,Mo Hampton,hamptonmo,2021,9/24/2021,Colonial Forge,colonialforge,Eagles,Away,,colonialforge_home01,Stafford,Virginia,no,,,,,https://fredericksburg.com/sports/high-school/article_b2d43639-2caa-562e-ad62-671158cc9f5b.html
2021_10_01_MountainView,Mo Hampton,hamptonmo,2021,10/1/2021,Mountain View,mountainview,Wildcats,Home,Dr. Lloyd A. Busch Memorial Stadium,stafford_home02,Fredericksburg,Virginia,no,,,,,https://fredericksburg.com/sports/high-school/article_c35ad7eb-45f7-5680-9c5e-c15e779851ce.html
2021_10_08_BrookePoint,Mo Hampton,hamptonmo,2021,10/8/2021,Brooke Point,brookepoint,Black-Hawks,Home,Dr. Lloyd A. Busch Memorial Stadium,stafford_home02,Fredericksburg,Virginia,no,,,,,https://fredericksburg.com/sports/high-school/article_3a4f2eed-f2b4-564d-8063-067406dc19c7.html
2021_10_18_NorthStafford,Mo Hampton,hamptonmo,2021,10/18/2021,North Stafford,northstafford,Wolverines,Away,AJ Slye Memorial Stadium,northstafford_home01,Stafford,Virginia,no,,,,,https://fredericksburg.com/sports/high-school/article_14592a4d-c99f-5fe5-9cc7-a8ebfe3fbb9d.html
2021_10_22_Massaponax,Mo Hampton,hamptonmo,2021,10/22/2021,Massaponax,massaponax,Panthers,Home,Dr. Lloyd A. Busch Memorial Stadium,stafford_home02,Fredericksburg,Virginia,no,,,,,https://fredericksburg.com/sports/high-school/article_a8f8cd54-6a82-51bc-b92c-d056b3782b34.html
2021_10_28_Riverbend,Mo Hampton,hamptonmo,2021,10/28/2021,Riverbend,riverbend,Bears,Away,,riverbend_home01,Fredericksburg,Virginia,no,,,,,https://fredericksburg.com/sports/high-school/article_0bb45a2a-dfbb-5200-ad3d-07bd6e5b34bc.html
2021_02_22_Massaponax,Mo Hampton,hamptonmo,2020,2/22/2021,Massaponax,massaponax,Panthers,Home,Dr. Lloyd A. Busch Memorial Stadium,stafford_home02,Fredericksburg,Virginia,no,,,,,https://fredericksburg.com/sports/high-school/article_a8cdd868-f7f3-56e4-8d7d-f674d11eb4c3.html
2021_03_05_NorthStafford,Mo Hampton,hamptonmo,2020,3/5/2021,North Stafford,northstafford,Wolverines,Home,Dr. Lloyd A. Busch Memorial Stadium,stafford_home02,Fredericksburg,Virginia,no,,,,,https://fredericksburg.com/sports/high-school/article_05eb7e0a-a080-5009-9fbb-83f5cf6c10f9.html
2021_03_12_BrookePoint,Mo Hampton,hamptonmo,2020,3/12/2021,Brooke Point,brookepoint,Black-Hawks,Away,Thomas W. Berry Memorial Stadium,brookepoint_home01,Stafford,Virginia,no,,,,,https://fredericksburg.com/sports/high-school/article_81b699d6-91a8-57f2-adbd-b23135db1013.html
2021_03_19_Riverbend,Mo Hampton,hamptonmo,2020,3/19/2021,Riverbend,riverbend,Bears,Away,,riverbend_home01,Fredericksburg,Virginia,no,,,,,https://fredericksburg.com/sports/high-school/article_982aa38d-9ac6-5637-9271-bb417947f14d.html
2021_03_26_MountainView,Mo Hampton,hamptonmo,2020,3/26/2021,Mountain View,mountainview,Wildcats,Home,Dr. Lloyd A. Busch Memorial Stadium,stafford_home02,Fredericksburg,Virginia,no,,,,,https://fredericksburg.com/sports/high-school/article_9d025ec7-120f-5666-b673-87e2a8a80723.html
2021_04_01_ColonialForge,Mo Hampton,hamptonmo,2020,4/1/2021,Colonial Forge,colonialforge,Eagles,Away,,colonialforge_home01,Stafford,Virginia,no,,,,,https://fredericksburg.com/sports/high-school/high-school-sports-roundup/article_317495c0-c3a5-58a3-941f-11f51f442a44.html
2021_04_09_Spotsylvania,Mo Hampton,hamptonmo,2020,4/9/2021,Spotsylvania,spotsylvania,Knights,Away,,spotsylvania_home03,Spotsylvania Courthouse,Virginia,no,,,,,https://fredericksburg.com/sports/high-school/article_ae20807d-a54e-5179-b0c7-73f8d71527a2.html
2019_08_29_JamesMonroe,Mo Hampton,hamptonmo,2019,8/29/2019,James Monroe,jamesmonroe,Yellow Jackets,Away,Maury Stadium,jamesmonroe_home01,Fredericksburg,Virginia,no,,,,,https://fredericksburg.com/sports/article_84ad9630-1cd5-565b-a413-1e59f7729a61.html
2019_09_06_KingGeorge,Mo Hampton,hamptonmo,2019,9/6/2019,King George,kinggeorge,Foxes,Home,Dr. Lloyd A. Busch Memorial Stadium,stafford_home02,Fredericksburg,Virginia,no,,,,,https://fredericksburg.com/sports/article_4074ec49-2404-5b9d-ad4e-6d480dc8722f.html
2019_09_13_Courtland,Mo Hampton,hamptonmo,2019,9/13/2019,Courtland,courtland,Cougars,Away,Robert P. Woods Memorial Stadium,courtland_home01,Spotsylvania Courthouse,Virginia,no,,,,,https://fredericksburg.com/sports/article_a407f6bd-710f-5011-bcc6-abdb76a8e1a5.html
2019_09_27_Massaponax,Mo Hampton,hamptonmo,2019,9/27/2019,Massaponax,massaponax,Panthers,Away,Panther Stadium,massaponax_home01,Fredericksburg,Virginia,no,,,,,https://fredericksburg.com/sports/article_ff19d146-e1bd-5c38-8d1a-b161ebd7a4e4.html
2019_10_04_Tuscarora,Mo Hampton,hamptonmo,2019,10/4/2019,Tuscarora,tuscarora,Huskies,Home,Dr. Lloyd A. Busch Memorial Stadium,stafford_home02,Fredericksburg,Virginia,no,,,,,
2019_10_11_NorthStafford,Mo Hampton,hamptonmo,2019,10/11/2019,North Stafford,northstafford,Wolverines,Away,AJ Slye Memorial Stadium,northstafford_home01,Stafford,Virginia,no,,,,,https://fredericksburg.com/sports/article_1289a737-e744-5bc7-95c9-749d6630499e.html
2019_10_18_BrookePoint,Mo Hampton,hamptonmo,2019,10/18/2019,Brooke Point,brookepoint,Black-Hawks,Home,Dr. Lloyd A. Busch Memorial Stadium,stafford_home02,Fredericksburg,Virginia,no,,,,,https://fredericksburg.com/sports/article_5a3d9f4d-5f86-5338-aeae-8c1a4e4208c0.html
2019_10_25_Riverbend,Mo Hampton,hamptonmo,2019,10/25/2019,Riverbend,riverbend,Bears,Away,,riverbend_home01,Fredericksburg,Virginia,no,1,,,,https://fredericksburg.com/sports/article_78504df3-97a0-5af6-bc6c-0fa72d79518f.html
2019_11_01_MountainView,Mo Hampton,hamptonmo,2019,11/1/2019,Mountain View,mountainview,Wildcats,Away,,mountainview_home01,Stafford,Virginia,no,,,,,https://fredericksburg.com/sports/article_a7223f45-77da-5c38-be8d-7fc908d8d55b.html
2019_11_08_ColonialForge,Mo Hampton,hamptonmo,2019,11/8/2019,Colonial Forge,colonialforge,Eagles,Home,Dr. Lloyd A. Busch Memorial Stadium,stafford_home02,Fredericksburg,Virginia,no,,,,,https://fredericksburg.com/sports/article_ce730598-389b-5b9c-8c7b-f96c4b54fa4f.html
2019_11_15_MountainView,Mo Hampton,hamptonmo,2019,11/15/2019,Mountain View,mountainview,Wildcats,Away,,mountainview_home01,Stafford,Virginia,no,,,,,https://fredericksburg.com/sports/article_31957b45-8b4e-5a32-b194-627d61c66280.html
2018_08_24_JamesMonroe,Mo Hampton,hamptonmo,2018,8/24/2018,James Monroe,jamesmonroe,Yellow Jackets,Home,Dr. Lloyd A. Busch Memorial Stadium,stafford_home02,Fredericksburg,Virginia,no,,,,,https://fredericksburg.com/sports/article_13d8c1fb-0434-5ae7-957f-c401cb6216d1.html
2018_08_30_Potomac,Mo Hampton,hamptonmo,2018,8/30/2018,Potomac,potomac,Panthers,Home,Dr. Lloyd A. Busch Memorial Stadium,stafford_home02,Fredericksburg,Virginia,no,,,,"Played on August 30, August 31, and September 1 due to weather delays",https://fredericksburg.com/sports/article_a7d2af1c-956b-5b62-bb6e-46095a183c60.html
2018_09_07_Courtland,Mo Hampton,hamptonmo,2018,9/7/2018,Courtland,courtland,Cougars,Away,Robert P. Woods Memorial Stadium,courtland_home01,Spotsylvania Courthouse,Virginia,no,,,,,https://fredericksburg.com/sports/article_5b27d32c-6b45-535a-b198-f3e06b2d8d34.html
2018_09_12_KingGeorge,Mo Hampton,hamptonmo,2018,9/12/2018,King George,kinggeorge,Foxes,Away,,kinggeorge_home02,King George,Virginia,no,,,,,https://fredericksburg.com/sports/article_bb91fbc6-f6bb-50fc-8ddd-089753d02159.html
2018_09_21_MountainView,Mo Hampton,hamptonmo,2018,9/21/2018,Mountain View,mountainview,Wildcats,Home,Dr. Lloyd A. Busch Memorial Stadium,stafford_home02,Fredericksburg,Virginia,no,,,,,https://fredericksburg.com/sports/article_0e4eb6f5-9007-5a50-bb7b-18d739506b7d.html
2018_09_28_NorthStafford,Mo Hampton,hamptonmo,2018,9/28/2018,North Stafford,northstafford,Wolverines,Away,Thomas W. Berry Memorial Stadium,brookepoint_home01,Stafford,Virginia,no,,,,at Brooke Point,https://fredericksburg.com/sports/article_fc249719-eb14-5032-a1d2-fdbe7e90fc9f.html
2018_10_05_Riverbend,Mo Hampton,hamptonmo,2018,10/5/2018,Riverbend,riverbend,Bears,Away,,riverbend_home01,Fredericksburg,Virginia,no,,,,,https://fredericksburg.com/sports/article_e4acc7db-10e4-5354-87a5-72d7bc844cf0.html
2018_10_12_ColonialForge,Mo Hampton,hamptonmo,2018,10/12/2018,Colonial Forge,colonialforge,Eagles,Home,Dr. Lloyd A. Busch Memorial Stadium,stafford_home02,Fredericksburg,Virginia,no,,,,,https://fredericksburg.com/sports/article_a75ae4ee-c418-58cd-b088-91a6e3f9c7d4.html
2018_10_19_Massaponax,Mo Hampton,hamptonmo,2018,10/19/2018,Massaponax,massaponax,Panthers,Away,Panther Stadium,massaponax_home01,Fredericksburg,Virginia,no,,,,,https://fredericksburg.com/sports/article_d70577b5-dbcc-5c25-ba28-fe1392643c94.html
2018_10_27_BrookePoint,Mo Hampton,hamptonmo,2018,10/27/2018,Brooke Point,brookepoint,Black-Hawks,Home,Dr. Lloyd A. Busch Memorial Stadium,stafford_home02,Fredericksburg,Virginia,no,,,,,https://fredericksburg.com/sports/article_94adba95-7f22-59cb-b17a-0b0c4c3ac89e.html
2017_08_25_JamesMonroe,Mo Hampton,hamptonmo,2017,8/25/2017,James Monroe,jamesmonroe,Yellow Jackets,Away,Maury Stadium,jamesmonroe_home01,Fredericksburg,Virginia,no,,,,,https://fredericksburg.com/sports/high-school/article_f8825941-4ac1-56c3-83b6-80495e721010.html
2017_09_01_Potomac,Mo Hampton,hamptonmo,2017,9/1/2017,Potomac,potomac,Panthers,Away,Chuck Coles Memorial Stadium,potomac_home01,Dumfries,Virginia,no,,,,,https://fredericksburg.com/sports/high-school/article_a610be2d-3c28-52ed-82b5-fb57a95395c7.html
2017_09_08_Courtland,Mo Hampton,hamptonmo,2017,9/8/2017,Courtland,courtland,Cougars,Home,Dr. Lloyd A. Busch Memorial Stadium,stafford_home02,Fredericksburg,Virginia,no,,,,,https://fredericksburg.com/sports/high-school/article_c6b23181-2fc5-58f3-bb46-a35dd321de39.html
2017_09_15_KingGeorge,Mo Hampton,hamptonmo,2017,9/15/2017,King George,kinggeorge,Foxes,Home,Dr. Lloyd A. Busch Memorial Stadium,stafford_home02,Fredericksburg,Virginia,no,,,,,https://fredericksburg.com/sports/high-school/article_5ea79c6e-5a4d-59df-b296-7e38db7d1905.html
2017_09_22_MountainView,Mo Hampton,hamptonmo,2017,9/22/2017,Mountain View,mountainview,Wildcats,Away,,mountainview_home01,Stafford,Virginia,no,,,,,https://fredericksburg.com/sports/high-school/article_63705d2c-0dc9-53f9-9e8e-bb413c7cc907.html
2017_09_29_NorthStafford,Mo Hampton,hamptonmo,2017,9/29/2017,North Stafford,northstafford,Wolverines,Home,Dr. Lloyd A. Busch Memorial Stadium,stafford_home02,Fredericksburg,Virginia,no,,,,,https://fredericksburg.com/sports/high-school/article_a5a95645-1eda-5839-8f09-92b698c6efa0.html
2017_10_06_Riverbend,Mo Hampton,hamptonmo,2017,10/6/2017,Riverbend,riverbend,Bears,Home,Dr. Lloyd A. Busch Memorial Stadium,stafford_home02,Fredericksburg,Virginia,no,,,,,https://fredericksburg.com/sports/high-school/article_d4334667-f419-5ca3-bf03-00b7a13020bc.html
2017_10_13_ColonialForge,Mo Hampton,hamptonmo,2017,10/13/2017,Colonial Forge,colonialforge,Eagles,Away,,colonialforge_home01,Stafford,Virginia,no,,,,,https://fredericksburg.com/sports/high-school/article_1e656b0c-2b20-5f6a-ae52-ac555289fa1d.html
2017_10_20_Massaponax,Mo Hampton,hamptonmo,2017,10/20/2017,Massaponax,massaponax,Panthers,Home,Dr. Lloyd A. Busch Memorial Stadium,stafford_home02,Fredericksburg,Virginia,no,,,,,https://fredericksburg.com/sports/high-school/article_6fada2fc-f09a-5f97-bc09-ba6a330d93eb.html
2017_10_27_BrookePoint,Mo Hampton,hamptonmo,2017,10/27/2017,Brooke Point,brookepoint,Black-Hawks,Away,Thomas W. Berry Memorial Stadium,brookepoint_home01,Stafford,Virginia,no,,,,,https://fredericksburg.com/sports/high-school/article_ff39622b-afc2-5bbd-97e4-8557f434f8a4.html
2017_11_10_PatrickHenry-Roanoke,Mo Hampton,hamptonmo,2017,11/10/2017,Patrick Henry-Roanoke,patrickhenry-roanoke,Patriots,Home,Dr. Lloyd A. Busch Memorial Stadium,stafford_home02,Fredericksburg,Virginia,no,,,,Region Quarterfinals,https://fredericksburg.com/sports/high-school/article_c9ada9cd-e42d-55c9-a040-e27757880f90.html
2017_11_17_Harrisonburg,Mo Hampton,hamptonmo,2017,11/17/2017,Harrisonburg,harrisonburg,Blue Streaks,Home,Dr. Lloyd A. Busch Memorial Stadium,stafford_home02,Fredericksburg,Virginia,no,,,,Region Semi-Finals,https://fredericksburg.com/sports/high-school/article_e04c5883-72ff-5128-9d59-2390a6a75cfa.html
2017_11_25_BrookePoint,Mo Hampton,hamptonmo,2017,11/25/2017,Brooke Point,brookepoint,Black-Hawks,Away,Thomas W. Berry Memorial Stadium,brookepoint_home01,Stafford,Virginia,no,,,,Region Championship,https://fredericksburg.com/sports/high-school/article_c22502de-d99d-5360-aee3-2bfba4dfb688.html
2017_12_02_Tuscarora,Mo Hampton,hamptonmo,2017,12/2/2017,Tuscarora,tuscarora,Huskies,Away,Fortune Field,tuscarora_home01,Leesburg,Virginia,no,,,,State Semi-Finals,https://fredericksburg.com/sports/high-school/article_9a26fe56-b22e-58c3-9c85-86bd8d35269e.html
2016_08_26_Patriot,Mo Hampton,hamptonmo,2016,8/26/2016,Patriot,patriot,Pioneers,Away,,patriot_home01,Nokesville,Virginia,no,,,,,https://fredericksburg.com/sports/high-school/article_e46ceb84-f846-5838-a231-48484a1c3663.html
2016_09_02_Woodbridge,Mo Hampton,hamptonmo,2016,9/2/2016,Woodbridge,woodbridge,Vikings,Away,A.T. Howard Memorial Stadium,woodbridge_home02,Woodbridge,Virginia,no,,,,,https://fredericksburg.com/sports/high-school/article_51e39d3e-37f8-5585-ad3d-8c32cb83c633.html
2016_09_09_ColonialForge,Mo Hampton,hamptonmo,2016,9/9/2016,Colonial Forge,colonialforge,Eagles,Home,Dr. Lloyd A. Busch Memorial Stadium,stafford_home02,Fredericksburg,Virginia,no,,,,,https://fredericksburg.com/sports/high-school/article_d271f238-e889-5aa4-ba1e-d11065d3c772.html
2016_09_23_OsbournPark,Mo Hampton,hamptonmo,2016,9/23/2016,Osbourn Park,osbournpark,Yellow Jackets,Away,,osbournpark_home02,Manassas,Virginia,no,,,,,
2016_10_01_Osbourn,Mo Hampton,hamptonmo,2016,10/1/2016,Osbourn,osbourn,Eagles,Away,,patriot_home01,Nokesville,Virginia,no,,,,at Patriot,
2016_10_07_Massaponax,Mo Hampton,hamptonmo,2016,10/7/2016,Massaponax,massaponax,Panthers,Home,Dr. Lloyd A. Busch Memorial Stadium,stafford_home02,Fredericksburg,Virginia,no,,,,,https://fredericksburg.com/sports/high-school/article_d68f65d7-7a55-564e-8590-1ac45e88b1f4.html
2016_10_14_NorthStafford,Mo Hampton,hamptonmo,2016,10/14/2016,North Stafford,northstafford,Wolverines,Away,AJ Slye Memorial Stadium,northstafford_home01,Stafford,Virginia,no,,,,,https://fredericksburg.com/sports/high-school/article_a4985776-8931-5ce5-ab89-a7f9461cd82f.html
2016_10_21_BrookePoint,Mo Hampton,hamptonmo,2016,10/21/2016,Brooke Point,brookepoint,Black-Hawks,Home,Dr. Lloyd A. Busch Memorial Stadium,stafford_home02,Fredericksburg,Virginia,no,,,,,https://fredericksburg.com/sports/high-school/article_b5460257-4d8c-5d31-b8e1-69465e62b11c.html
2016_10_28_MountainView,Mo Hampton,hamptonmo,2016,10/28/2016,Mountain View,mountainview,Wildcats,Home,Dr. Lloyd A. Busch Memorial Stadium,stafford_home02,Fredericksburg,Virginia,no,,,,,https://fredericksburg.com/sports/high-school/article_51b931a5-9b52-5a3f-be40-49243040ebfc.html
2016_11_04_Potomac,Mo Hampton,hamptonmo,2016,11/4/2016,Potomac,potomac,Panthers,Away,Chuck Coles Memorial Stadium,potomac_home01,Dumfries,Virginia,no,,,,,https://fredericksburg.com/sports/high-school/article_df6e061b-8375-57f6-82aa-08036d3c5186.html
2015_08_28_Patriot,Chad Lewis,lewischad,2015,8/28/2015,Patriot,patriot,Pioneers,Away,,patriot_home01,Nokesville,Virginia,no,,,,,https://fredericksburg.com/sports/high-school/article_aacdbfc4-4e05-11e5-b58b-67ea2b2856f2.html
2015_09_04_Woodbridge,Chad Lewis,lewischad,2015,9/4/2015,Woodbridge,woodbridge,Vikings,Home,Dr. Lloyd A. Busch Memorial Stadium,stafford_home02,Fredericksburg,Virginia,no,,,,,https://fredericksburg.com/sports/high-school/article_e1b88a8e-537b-11e5-b523-2f35d4f7af4f.html
2015_09_11_ColonialForge,Chad Lewis,lewischad,2015,9/11/2015,Colonial Forge,colonialforge,Eagles,Away,,colonialforge_home01,Stafford,Virginia,no,,,,,https://fredericksburg.com/sports/high-school/article_b0d061b2-5902-11e5-badc-07e6cc6d4ea9.html
2015_09_25_OsbournPark,Chad Lewis,lewischad,2015,9/25/2015,Osbourn Park,osbournpark,Yellow Jackets,Home,Dr. Lloyd A. Busch Memorial Stadium,stafford_home02,Fredericksburg,Virginia,no,,,,,https://fredericksburg.com/sports/high-school/article_92b3404e-6403-11e5-ad50-b39a55bdd1bd.html
2015_10_03_Osbourn,Chad Lewis,lewischad,2015,10/3/2015,Osbourn,osbourn,Eagles,Home,Dr. Lloyd A. Busch Memorial Stadium,stafford_home02,Fredericksburg,Virginia,no,,,,,https://fredericksburg.com/sports/high-school/article_782ae1e4-6a4a-11e5-8fbd-4fd5e3277d42.html
2015_10_10_Massaponax,Chad Lewis,lewischad,2015,10/10/2015,Massaponax,massaponax,Panthers,Away,Panther Stadium,massaponax_home01,Fredericksburg,Virginia,no,,,,,https://fredericksburg.com/sports/article_c4ca88b4-6fcd-11e5-9150-eb56f9813d48.html
2015_10_16_NorthStafford,Chad Lewis,lewischad,2015,10/16/2015,North Stafford,northstafford,Wolverines,Home,Dr. Lloyd A. Busch Memorial Stadium,stafford_home02,Fredericksburg,Virginia,no,,,,,https://fredericksburg.com/sports/high-school/article_5ca249aa-747f-11e5-b04b-e7a6ead892e8.html
2015_10_23_BrookePoint,Chad Lewis,lewischad,2015,10/23/2015,Brooke Point,brookepoint,Black-Hawks,Away,Thomas W. Berry Memorial Stadium,brookepoint_home01,Stafford,Virginia,no,,,,,https://fredericksburg.com/sports/high-school/article_f8391ab8-7a03-11e5-b471-634892a47097.html
2015_10_30_MountainView,Chad Lewis,lewischad,2015,10/30/2015,Mountain View,mountainview,Wildcats,Away,,mountainview_home01,Stafford,Virginia,no,,,,,https://fredericksburg.com/sports/high-school/article_40017df8-7f87-11e5-9e44-f3cdb25459f1.html
2015_11_06_Potomac,Chad Lewis,lewischad,2015,11/6/2015,Potomac,potomac,Panthers,Home,Dr. Lloyd A. Busch Memorial Stadium,stafford_home02,Fredericksburg,Virginia,no,,,,,https://fredericksburg.com/sports/high-school/article_126b52b4-850f-11e5-a43b-b3a33bf7feaf.html
2014_08_29_JamesMonroe,Chad Lewis,lewischad,2014,8/29/2014,James Monroe,jamesmonroe,Yellow Jackets,Home,Dr. Lloyd A. Busch Memorial Stadium,stafford_home02,Fredericksburg,Virginia,no,1,,,,https://fredericksburg.com/sports/high-school/article_2b69a05e-6a51-56ae-bb9b-bad2cfd66cf9.html
2014_09_05_KingGeorge,Chad Lewis,lewischad,2014,9/5/2014,King George,kinggeorge,Foxes,Away,,kinggeorge_home02,King George,Virginia,no,,,,,https://fredericksburg.com/sports/high-school/article_437149f6-2438-5284-b68b-875aa31583eb.html
2014_09_12_Albemarle,Chad Lewis,lewischad,2014,9/12/2014,Albemarle,albemarle,Patriots,Away,,albemarle_home01,Charlottesville,Virginia,no,,,,,https://fredericksburg.com/sports/high-school/article_944a80cc-eb67-5ba7-acd0-a20ba58dd854.html
2014_09_19_Courtland,Chad Lewis,lewischad,2014,9/19/2014,Courtland,courtland,Cougars,Home,Dr. Lloyd A. Busch Memorial Stadium,stafford_home02,Fredericksburg,Virginia,no,,,,First game on artificial turf at home,https://fredericksburg.com/sports/high-school/article_b80fc6d4-666a-5907-9668-48a259189bd5.html
2014_10_03_NorthStafford,Chad Lewis,lewischad,2014,10/3/2014,North Stafford,northstafford,Wolverines,Away,,northstafford_home01,Stafford,Virginia,no,,,,,https://fredericksburg.com/sports/high-school/article_97660eb1-a17d-5f75-a2f6-c830a087988a.html
2014_10_10_BrookePoint,Chad Lewis,lewischad,2014,10/10/2014,Brooke Point,brookepoint,Black-Hawks,Home,Dr. Lloyd A. Busch Memorial Stadium,stafford_home02,Fredericksburg,Virginia,no,,,,,https://fredericksburg.com/sports/high-school/article_8e2863c0-ce54-5ffc-a5a8-2b9336f30d2b.html
2014_10_17_Massaponax,Chad Lewis,lewischad,2014,10/17/2014,Massaponax,massaponax,Panthers,Away,Panther Stadium,massaponax_home01,Fredericksburg,Virginia,no,,,,,https://fredericksburg.com/sports/high-school/article_fa6c835d-ab0e-5e11-ba99-11c81c3a6f99.html
2014_10_24_Riverbend,Chad Lewis,lewischad,2014,10/24/2014,Riverbend,riverbend,Bears,Home,Dr. Lloyd A. Busch Memorial Stadium,stafford_home02,Fredericksburg,Virginia,no,,,,,https://fredericksburg.com/sports/high-school/article_70d7f8a4-0a6f-5985-a3aa-c8b00d8b52b9.html
2014_10_31_ColonialForge,Chad Lewis,lewischad,2014,10/31/2014,Colonial Forge,colonialforge,Eagles,Away,,colonialforge_home01,Stafford,Virginia,no,,,,,https://fredericksburg.com/sports/high-school/article_aa4bcca8-3b7e-55f8-8896-279641aa6bcd.html
2014_11_07_MountainView,Chad Lewis,lewischad,2014,11/7/2014,Mountain View,mountainview,Wildcats,Home,Dr. Lloyd A. Busch Memorial Stadium,stafford_home02,Fredericksburg,Virginia,no,,,,,https://fredericksburg.com/sports/high-school/article_c4ee071f-5835-5a12-98d9-4e18a998c1a6.html
2013_08_30_JamesMonroe,Chad Lewis,lewischad,2013,8/30/2013,James Monroe,jamesmonroe,Yellow Jackets,Away,Maury Stadium,jamesmonroe_home01,Fredericksburg,Virginia,no,,,,,https://fredericksburg.com/sports/high-school/article_b546f887-41d9-5dd6-8f4b-2d5d19319f25.html
2013_09_06_KingGeorge,Chad Lewis,lewischad,2013,9/6/2013,King George,kinggeorge,Foxes,Home,Dr. Lloyd A. Busch Memorial Stadium,stafford_home02,Fredericksburg,Virginia,no,,,,,https://fredericksburg.com/sports/article_e6f1bdb6-62d8-59e4-ad55-b8dfb3ccdbe2.html
2013_09_13_Albemarle,Chad Lewis,lewischad,2013,9/13/2013,Albemarle,albemarle,Patriots,Home,Dr. Lloyd A. Busch Memorial Stadium,stafford_home02,Fredericksburg,Virginia,no,,,,,https://fredericksburg.com/sports/article_f5e01d3e-65df-5016-84fb-c6d68b45faf1.html
2013_09_20_Courtland,Chad Lewis,lewischad,2013,9/20/2013,Courtland,courtland,Cougars,Away,Robert P. Woods Memorial Stadium,courtland_home01,Spotsylvania Courthouse,Virginia,no,,,,,https://fredericksburg.com/sports/high-school/article_946b1125-2418-5db9-9315-94ba707533f7.html
2013_10_04_NorthStafford,Chad Lewis,lewischad,2013,10/4/2013,North Stafford,northstafford,Wolverines,Away,,northstafford_home01,Stafford,Virginia,no,,,,,https://fredericksburg.com/sports/high-school/article_746f562a-6ccd-5aa6-b3a8-2c478c930c34.html
2013_10_12_BrookePoint,Chad Lewis,lewischad,2013,10/12/2013,Brooke Point,brookepoint,Black-Hawks,Away,Chuck Coles Memorial Stadium,potomac_home01,Dumfries,Virginia,no,,,,at Potomac,https://fredericksburg.com/sports/high-school/article_648d7d48-2f09-5c74-ad48-57ae8cf7d9d8.html
2013_10_18_Massaponax,Chad Lewis,lewischad,2013,10/18/2013,Massaponax,massaponax,Panthers,Home,Dr. Lloyd A. Busch Memorial Stadium,stafford_home02,Fredericksburg,Virginia,no,,,,,https://fredericksburg.com/sports/high-school/article_72a272eb-9cae-5cf9-bae1-5ddda5144ebd.html
2013_10_25_Riverbend,Chad Lewis,lewischad,2013,10/25/2013,Riverbend,riverbend,Bears,Away,,riverbend_home01,Fredericksburg,Virginia,no,,,,,https://fredericksburg.com/sports/high-school/article_bcc6a473-9a16-541b-b091-1b9e54d7f8c4.html
2013_11_01_ColonialForge,Chad Lewis,lewischad,2013,11/1/2013,Colonial Forge,colonialforge,Eagles,Home,Dr. Lloyd A. Busch Memorial Stadium,stafford_home02,Fredericksburg,Virginia,no,,,,,https://fredericksburg.com/sports/high-school/article_dabc2fda-e9b8-5c3c-ba72-e82ad962ad6a.html
2013_11_08_MountainView,Chad Lewis,lewischad,2013,11/8/2013,Mountain View,mountainview,Wildcats,Away,,mountainview_home01,Stafford,Virginia,no,,,,,https://fredericksburg.com/sports/high-school/article_e7ce7a72-fd22-5945-a8b8-b71c33c60e63.html
2012_08_24_Potomac,Chad Lewis,lewischad,2012,8/24/2012,Potomac,potomac,Panthers,Home,Dr. Lloyd A. Busch Memorial Stadium,stafford_home02,Fredericksburg,Virginia,no,,,,,https://fredericksburg.com/sports/article_374b4aae-c974-512a-9fea-71a256e80438.html
2012_08_31_JamesMonroe,Chad Lewis,lewischad,2012,8/31/2012,James Monroe,jamesmonroe,Yellow Jackets,Home,Dr. Lloyd A. Busch Memorial Stadium,stafford_home02,Fredericksburg,Virginia,no,,,,,https://fredericksburg.com/sports/article_b5b6c97d-2c49-5446-bf9e-98a980cfb2a4.html
2012_09_07_Massaponax,Chad Lewis,lewischad,2012,9/7/2012,Massaponax,massaponax,Panthers,Away,Panther Stadium,massaponax_home01,Fredericksburg,Virginia,no,,,,,https://fredericksburg.com/sports/article_6df030bb-f518-516c-9c97-e130601cd03b.html
2012_09_14_Orange,Chad Lewis,lewischad,2012,9/14/2012,Orange,orange,Hornets,Away,John Porterfield Park,orange_home01,Orange,Virginia,no,,,,,https://fredericksburg.com/sports/article_9b9dd5c3-66e8-5453-af7b-61e8113d806b.html
2012_09_21_ColonialForge,Chad Lewis,lewischad,2012,9/21/2012,Colonial Forge,colonialforge,Eagles,Home,Dr. Lloyd A. Busch Memorial Stadium,stafford_home02,Fredericksburg,Virginia,no,,,,,https://fredericksburg.com/sports/article_9197b27b-f86e-5e2b-8bc2-74727ecdfb70.html
2012_09_28_Riverbend,Chad Lewis,lewischad,2012,9/28/2012,Riverbend,riverbend,Bears,Home,Dr. Lloyd A. Busch Memorial Stadium,stafford_home02,Fredericksburg,Virginia,no,,,,,https://fredericksburg.com/sports/article_142b7b11-62ff-5de9-9c9f-797190ed5f90.html
2012_10_05_Albemarle,Chad Lewis,lewischad,2012,10/5/2012,Albemarle,albemarle,Patriots,Away,,albemarle_home01,Charlottesville,Virginia,no,,,,,https://www.newspapers.com/image/1218036254/?match=9&terms=stafford%20albemarle&search-id=07271c60-184f-4942-89d0-fc4bee0fc42b&search-rank=3
2012_10_12_MountainView,Chad Lewis,lewischad,2012,10/12/2012,Mountain View,mountainview,Wildcats,Home,Dr. Lloyd A. Busch Memorial Stadium,stafford_home02,Fredericksburg,Virginia,no,,,,,https://fredericksburg.com/sports/article_f9d092a6-e1de-5049-9aee-39adb029b3c2.html
2012_10_19_NorthStafford,Chad Lewis,lewischad,2012,10/19/2012,North Stafford,northstafford,Wolverines,Home,Dr. Lloyd A. Busch Memorial Stadium,stafford_home02,Fredericksburg,Virginia,no,,,,,https://fredericksburg.com/sports/article_1985d877-c9d3-5da2-9ee2-146356b3b386.html
2012_10_26_BrookePoint,Chad Lewis,lewischad,2012,10/26/2012,Brooke Point,brookepoint,Black-Hawks,Away,Thomas W. Berry Memorial Stadium,brookepoint_home01,Stafford,Virginia,no,,,,,https://fredericksburg.com/sports/article_38f20148-f8c7-5350-b4b1-29536bb11ace.html
2011_08_26_Potomac,Chad Lewis,lewischad,2011,8/26/2011,Potomac,potomac,Panthers,Home,Dr. Lloyd A. Busch Memorial Stadium,stafford_home02,Fredericksburg,Virginia,no,,,,,https://www.newspapers.com/image/1220088129/?match=8&terms=stafford%20potomac%20indians&search-id=419aa6fa-e4fa-4893-9f71-ffd38a656415&search-rank=1
2011_09_02_JamesMonroe,Chad Lewis,lewischad,2011,9/2/2011,James Monroe,jamesmonroe,Yellow Jackets,Away,Maury Stadium,jamesmonroe_home01,Fredericksburg,Virginia,no,,,,,https://www.newspapers.com/image/1218033929/?match=3&terms=%22james%20monroe%22&search-id=4a1fb44a-c7f7-4320-b47c-7d4495a4faa6&search-rank=2
2011_09_10_Massaponax,Chad Lewis,lewischad,2011,9/10/2011,Massaponax,massaponax,Panthers,Home,Dr. Lloyd A. Busch Memorial Stadium,stafford_home02,Fredericksburg,Virginia,no,,,,,https://fredericksburg.com/sportshs_football/article_25b73600-d5f4-5f62-9fbd-bc4f00541c35.html
2011_09_16_Orange,Chad Lewis,lewischad,2011,9/16/2011,Orange,orange,Hornets,Home,Dr. Lloyd A. Busch Memorial Stadium,stafford_home02,Fredericksburg,Virginia,no,,,,,https://www.newspapers.com/image/1218036339/?match=1&terms=stafford%20orange&search-id=79b6fd7f-8ea6-47b7-a239-760d920309cb&search-rank=2
2011_09_26_ColonialForge,Chad Lewis,lewischad,2011,9/26/2011,Colonial Forge,colonialforge,Eagles,Away,,colonialforge_home01,Stafford,Virginia,no,,,,,https://fredericksburg.com/sportshs_football/article_3686a965-e982-5341-9b9d-c23097d5d8bf.html
2011_09_30_Riverbend,Chad Lewis,lewischad,2011,9/30/2011,Riverbend,riverbend,Bears,Away,,riverbend_home01,Fredericksburg,Virginia,no,,,,,https://fredericksburg.com/sportshs_football/article_fae0e7ac-50a9-5536-a482-84760c1e85d4.html
2011_10_07_Albemarle,Chad Lewis,lewischad,2011,10/7/2011,Albemarle,albemarle,Patriots,Home,Dr. Lloyd A. Busch Memorial Stadium,stafford_home02,Fredericksburg,Virginia,no,,,,,https://fredericksburg.com/sportshs_football/article_810f3dd5-9ee0-5bc3-a9db-cf9736c98c6f.html
2011_10_14_MountainView,Chad Lewis,lewischad,2011,10/14/2011,Mountain View,mountainview,Wildcats,Away,,mountainview_home01,Stafford,Virginia,no,,,,,https://fredericksburg.com/sports/high-school/article_86539375-17dd-5bdb-88dc-9960e28b0fff.html
2011_10_21_NorthStafford,Chad Lewis,lewischad,2011,10/21/2011,North Stafford,northstafford,Wolverines,Away,,northstafford_home01,Stafford,Virginia,no,,,,,https://fredericksburg.com/sports/high-school/article_26af7d36-821c-52e1-8a9d-cbd138671223.html
2011_10_28_BrookePoint,Chad Lewis,lewischad,2011,10/28/2011,Brooke Point,brookepoint,Black-Hawks,Home,Dr. Lloyd A. Busch Memorial Stadium,stafford_home02,Fredericksburg,Virginia,no,,,,,https://fredericksburg.com/sports/high-school/article_0a9e03b5-bfe2-59e0-9e9a-d51869e1efde.html
2010_09_03_OsbournPark,Chad Lewis,lewischad,2010,9/3/2010,Osbourn Park,osbournpark,Yellow Jackets,Home,Dr. Lloyd A. Busch Memorial Stadium,stafford_home02,Fredericksburg,Virginia,no,,,,,https://fredericksburg.com/sportshs_football/article_ecd60dbe-492a-5fd2-b490-d39814dffaf9.html
2010_09_10_Potomac,Chad Lewis,lewischad,2010,9/10/2010,Potomac,potomac,Panthers,Away,Panther Stadium,potomac_home01,Dumfries,Virginia,no,1,,,,
2010_09_16_Woodbridge,Chad Lewis,lewischad,2010,9/16/2010,Woodbridge,woodbridge,Vikings,Away,A.T. Howard Memorial Stadium,woodbridge_home02,Woodbridge,Virginia,no,,,,,https://fredericksburg.com/sportshs_football/article_21f0b1a4-8bb5-5cae-b856-6e350fc0c2c3.html
2010_09_24_Riverbend,Chad Lewis,lewischad,2010,9/24/2010,Riverbend,riverbend,Bears,Away,,riverbend_home01,Fredericksburg,Virginia,no,,,,,https://fredericksburg.com/sportshs_football/article_24834308-0071-549c-9247-79766d072a8f.html
2010_10_01_Massaponax,Chad Lewis,lewischad,2010,10/1/2010,Massaponax,massaponax,Panthers,Home,Dr. Lloyd A. Busch Memorial Stadium,stafford_home02,Fredericksburg,Virginia,no,,,,,https://fredericksburg.com/sportshs_football/article_011e9e62-3947-55af-88f3-f81b52a19c0c.html
2010_10_08_MountainView,Chad Lewis,lewischad,2010,10/8/2010,Mountain View,mountainview,Wildcats,Away,,mountainview_home01,Stafford,Virginia,no,,,,,https://fredericksburg.com/sportshs_football/article_0a7d3d16-2af6-5f61-8494-8f699f2571f4.html
2010_10_15_NorthStafford,Chad Lewis,lewischad,2010,10/15/2010,North Stafford,northstafford,Wolverines,Home,Dr. Lloyd A. Busch Memorial Stadium,stafford_home02,Fredericksburg,Virginia,no,,,,,https://fredericksburg.com/sportshs_football/article_79dbf9a8-9195-5eb5-83ed-ddf52243cc64.html
2010_10_22_Albemarle,Chad Lewis,lewischad,2010,10/22/2010,Albemarle,albemarle,Patriots,Away,,albemarle_home01,Charlottesville,Virginia,no,,,,,https://www.newspapers.com/image/968549109/?match=4&terms=albemarle%20stafford
2010_10_29_BrookePoint,Chad Lewis,lewischad,2010,10/29/2010,Brooke Point,brookepoint,Black-Hawks,Home,Dr. Lloyd A. Busch Memorial Stadium,stafford_home02,Fredericksburg,Virginia,no,,,,,https://fredericksburg.com/sportshs_football/article_95b4fe02-22d1-54b8-80e5-8286c73235cf.html
2010_11_05_ColonialForge,Chad Lewis,lewischad,2010,11/5/2010,Colonial Forge,colonialforge,Eagles,Home,Dr. Lloyd A. Busch Memorial Stadium,stafford_home02,Fredericksburg,Virginia,no,,,,,https://fredericksburg.com/sportshs_football/article_16b2af1b-7158-5d95-b454-f40b139d1e0f.html
2010_11_12_LoudounValley,Chad Lewis,lewischad,2010,11/12/2010,Loudoun Valley,loudounvalley,Vikings,Away,Leonard Stadium,loudounvalley_home01,Purcellville,Virginia,no,,,,,https://fredericksburg.com/sportshs_football/article_15c291f4-3eb5-57af-b7c5-c2caecd20206.html
2009_09_04_OsbournPark,Chad Lewis,lewischad,2009,9/4/2009,Osbourn Park,osbournpark,Yellow Jackets,Away,,osbournpark_home02,Manassas,Virginia,no,,,,,https://fredericksburg.com/sportshs_football/article_b42cf74e-32e3-5d77-b4b0-1f746e6e35be.html
2009_09_11_Potomac,Chad Lewis,lewischad,2009,9/11/2009,Potomac,potomac,Panthers,Home,Dr. Lloyd A. Busch Memorial Stadium,stafford_home02,Fredericksburg,Virginia,no,,,,Game-winning field goal as time expired,https://fredericksburg.com/sportshs_football/article_cc032ed3-2434-53a2-9648-8d6592f40032.html
2009_09_18_Woodbridge,Chad Lewis,lewischad,2009,9/18/2009,Woodbridge,woodbridge,Vikings,Home,Dr. Lloyd A. Busch Memorial Stadium,stafford_home02,Fredericksburg,Virginia,no,,,,,https://fredericksburg.com/sportshs_football/article_ac8dd026-7156-52f3-880e-44203e2e998e.html
2009_09_25_Riverbend,Chad Lewis,lewischad,2009,9/25/2009,Riverbend,riverbend,Bears,Home,Dr. Lloyd A. Busch Memorial Stadium,stafford_home02,Fredericksburg,Virginia,no,,,,,https://fredericksburg.com/sportshs_football/article_6ef5eaf5-d173-557e-b5be-1c168402e921.html
2009_10_02_Massaponax,Chad Lewis,lewischad,2009,10/2/2009,Massaponax,massaponax,Panthers,Away,Panther Stadium,massaponax_home01,Fredericksburg,Virginia,no,,,,,https://fredericksburg.com/sportshs_football/article_01ffdbfd-9f26-5cae-a3e5-c56184c9974b.html
2009_10_09_MountainView,Chad Lewis,lewischad,2009,10/9/2009,Mountain View,mountainview,Wildcats,Home,Dr. Lloyd A. Busch Memorial Stadium,stafford_home02,Fredericksburg,Virginia,no,,,,,https://fredericksburg.com/sportshs_football/article_27a91d32-d80a-5955-b403-99ca54d0a08b.html
2009_10_16_NorthStafford,Chad Lewis,lewischad,2009,10/16/2009,North Stafford,northstafford,Wolverines,Away,,northstafford_home01,Stafford,Virginia,no,,,,,https://fredericksburg.com/sportshs_football/article_b1d5cf2d-e862-52e8-adac-f020425a08db.html
2009_10_23_Albemarle,Chad Lewis,lewischad,2009,10/23/2009,Albemarle,albemarle,Patriots,Home,Dr. Lloyd A. Busch Memorial Stadium,stafford_home02,Fredericksburg,Virginia,no,,,,,https://fredericksburg.com/sportshs_football/article_8672c410-de45-53a4-b619-5f4248e68e8e.html
2009_10_30_BrookePoint,Chad Lewis,lewischad,2009,10/30/2009,Brooke Point,brookepoint,Black-Hawks,Away,Thomas W. Berry Memorial Stadium,brookepoint_home01,Stafford,Virginia,no,,,,,https://fredericksburg.com/sportshs_football/article_538adf82-0628-5627-b380-32ed3acfc09b.html
2009_11_06_ColonialForge,Chad Lewis,lewischad,2009,11/6/2009,Colonial Forge,colonialforge,Eagles,Away,,colonialforge_home01,Stafford,Virginia,no,,,,,https://fredericksburg.com/sportshs_football/article_9fb87b5d-a60f-57bf-9558-19f133bca0b3.html
2008_09_04_Potomac,Chad Lewis,lewischad,2008,9/4/2008,Potomac,potomac,Panthers,Home,Dr. Lloyd A. Busch Memorial Stadium,stafford_home02,Fredericksburg,Virginia,no,,,,,https://fredericksburg.com/sportshs_football/article_80948df3-5ab1-5ad1-ae23-e89ff30f4746.html
2008_09_12_Fauquier,Chad Lewis,lewischad,2008,9/12/2008,Fauquier,fauquier,Falcons,Away,Falcon Field,fauquier_home01,Warrenton,Virginia,no,,,,,
2008_09_19_Liberty-Bealeton,Chad Lewis,lewischad,2008,9/19/2008,Liberty-Bealeton,liberty-bealeton,Eagles,Home,Dr. Lloyd A. Busch Memorial Stadium,stafford_home02,Fredericksburg,Virginia,no,,,,,https://fredericksburg.com/sportshs_football/article_452386df-9839-532d-8ae2-6b9639c3e53c.html
2008_09_26_BrookePoint,Chad Lewis,lewischad,2008,9/26/2008,Brooke Point,brookepoint,Black-Hawks,Home,Dr. Lloyd A. Busch Memorial Stadium,stafford_home02,Fredericksburg,Virginia,no,,,,,https://fredericksburg.com/sportshs_football/article_0bb85018-55c7-58a5-8a7e-eb67fe9782cd.html
2008_10_03_MountainView,Chad Lewis,lewischad,2008,10/3/2008,Mountain View,mountainview,Wildcats,Away,,mountainview_home01,Stafford,Virginia,no,,,,,https://fredericksburg.com/sportshs_football/article_1d9cb0a2-7685-5b7c-827a-618d096cc15c.html
2008_10_10_ColonialForge,Chad Lewis,lewischad,2008,10/10/2008,Colonial Forge,colonialforge,Eagles,Home,Dr. Lloyd A. Busch Memorial Stadium,stafford_home02,Fredericksburg,Virginia,no,,,,,https://www.newspapers.com/image/1217919411/?match=1&terms=%22colonial%20forge%22
2008_10_17_Riverbend,Chad Lewis,lewischad,2008,10/17/2008,Riverbend,riverbend,Bears,Away,,riverbend_home01,Fredericksburg,Virginia,no,,,,,https://fredericksburg.com/sportshs_football/article_21dd6bd5-2d37-527b-bb8a-c18e04ff2974.html
2008_10_24_Massaponax,Chad Lewis,lewischad,2008,10/24/2008,Massaponax,massaponax,Panthers,Home,Dr. Lloyd A. Busch Memorial Stadium,stafford_home02,Fredericksburg,Virginia,no,,,,,https://www.newspapers.com/image/1217923316/?match=5&terms=massaponax
2008_10_31_Albemarle,Chad Lewis,lewischad,2008,10/31/2008,Albemarle,albemarle,Patriots,Away,,albemarle_home01,Charlottesville,Virginia,no,,,,,https://fredericksburg.com/sportshs_football/article_e9fe8432-c419-5f51-a86a-fb145ef38e85.html
2008_11_07_NorthStafford,Chad Lewis,lewischad,2008,11/7/2008,North Stafford,northstafford,Wolverines,Away,,northstafford_home01,Stafford,Virginia,no,,,,,https://fredericksburg.com/sportshs_football/article_4e62f8bf-11ce-5e57-961d-295d2381ffc6.html
2007_09_07_Potomac,Chad Lewis,lewischad,2007,9/7/2007,Potomac,potomac,Panthers,Away,Panther Stadium,potomac_home01,Dumfries,Virginia,no,,,,,https://www.newspapers.com/image/985463570/?match=5&terms=stafford%20potomac
2007_09_14_Fauquier,Chad Lewis,lewischad,2007,9/14/2007,Fauquier,fauquier,Falcons,Home,Dr. Lloyd A. Busch Memorial Stadium,stafford_home02,Fredericksburg,Virginia,no,3,,,,https://fredericksburg.com/sportshs_football/article_c86785f9-e804-51bb-a75c-1953138197e0.html
2007_09_21_Liberty-Bealeton,Chad Lewis,lewischad,2007,9/21/2007,Liberty-Bealeton,liberty-bealeton,Eagles,Away,Kip Hull Field,liberty-bealeton_home01,Bealeton,Virginia,no,,,,,https://fredericksburg.com/sportshs_football/article_241346a9-4ba2-5ace-83f9-2efbcc2b30d8.html
2007_09_28_BrookePoint,Chad Lewis,lewischad,2007,9/28/2007,Brooke Point,brookepoint,Black-Hawks,Away,Thomas W. Berry Memorial Stadium,brookepoint_home01,Stafford,Virginia,no,,,,,https://fredericksburg.com/sportshs_football/article_624c6449-3470-58e3-9c95-ed20702afc3e.html
2007_10_05_MountainView,Chad Lewis,lewischad,2007,10/5/2007,Mountain View,mountainview,Wildcats,Home,Dr. Lloyd A. Busch Memorial Stadium,stafford_home02,Fredericksburg,Virginia,no,,,,,https://fredericksburg.com/sportshs_football/article_31c329db-07c5-52d5-bdfb-17db45b40a3a.html
2007_10_12_ColonialForge,Chad Lewis,lewischad,2007,10/12/2007,Colonial Forge,colonialforge,Eagles,Away,,colonialforge_home01,Stafford,Virginia,no,1,,,,https://fredericksburg.com/sportshs_football/article_5249fbfb-53c2-5f2d-9c4a-4afe87c7d0cc.html
2007_10_19_Riverbend,Chad Lewis,lewischad,2007,10/19/2007,Riverbend,riverbend,Bears,Home,Dr. Lloyd A. Busch Memorial Stadium,stafford_home02,Fredericksburg,Virginia,no,3,,,,https://fredericksburg.com/sportshs_football/article_857113a2-fc9d-5db5-b851-2eb5bf3594c1.html
2007_10_29_Massaponax,Chad Lewis,lewischad,2007,10/29/2007,Massaponax,massaponax,Panthers,Away,Panther Stadium,massaponax_home01,Fredericksburg,Virginia,no,,,,,https://fredericksburg.com/sportshs_football/article_4199baed-9da5-50b0-b244-dea14b93b535.html
2007_11_02_Albemarle,Chad Lewis,lewischad,2007,11/2/2007,Albemarle,albemarle,Patriots,Home,Dr. Lloyd A. Busch Memorial Stadium,stafford_home02,Fredericksburg,Virginia,no,,,,,https://fredericksburg.com/sportshs_football/article_373e38cb-cf22-53d7-9b5f-53edeeb53d35.html
2007_11_09_NorthStafford,Chad Lewis,lewischad,2007,11/9/2007,North Stafford,northstafford,Wolverines,Home,Dr. Lloyd A. Busch Memorial Stadium,stafford_home02,Fredericksburg,Virginia,no,,,,,https://fredericksburg.com/sportshs_football/article_6b8da3d1-52c7-5387-910b-3a51f2423335.html
2006_09_04_JamesMonroe,Chad Lewis,lewischad,2006,9/4/2006,James Monroe,jamesmonroe,Yellow Jackets,Away,Maury Stadium,jamesmonroe_home01,Fredericksburg,Virginia,no,,,,,https://news.google.com/newspapers?id=PpEyAAAAIBAJ&sjid=4wgGAAAAIBAJ&pg=4126%2C1351357
2006_09_09_Liberty-Bealeton,Chad Lewis,lewischad,2006,9/9/2006,Liberty-Bealeton,liberty-bealeton,Eagles,Home,Dr. Lloyd A. Busch Memorial Stadium,stafford_home02,Fredericksburg,Virginia,no,,,,,https://news.google.com/newspapers?id=Q5EyAAAAIBAJ&sjid=4wgGAAAAIBAJ&pg=6345%2C2751280
2006_09_15_Fauquier,Chad Lewis,lewischad,2006,9/15/2006,Fauquier,fauquier,Falcons,Away,Falcon Field,fauquier_home01,Warrenton,Virginia,no,,,,,https://news.google.com/newspapers?id=SZEyAAAAIBAJ&sjid=4wgGAAAAIBAJ&pg=6467%2C4737720
2006_09_22_Riverbend,Chad Lewis,lewischad,2006,9/22/2006,Riverbend,riverbend,Bears,Away,,riverbend_home01,Fredericksburg,Virginia,no,,,,,https://news.google.com/newspapers?id=UJEyAAAAIBAJ&sjid=4wgGAAAAIBAJ&pg=6546%2C6807867
2006_09_29_BrookePoint,Chad Lewis,lewischad,2006,9/29/2006,Brooke Point,brookepoint,Black-Hawks,Home,Dr. Lloyd A. Busch Memorial Stadium,stafford_home02,Fredericksburg,Virginia,no,,,,,https://news.google.com/newspapers?id=V5EyAAAAIBAJ&sjid=4wgGAAAAIBAJ&pg=6322%2C9076406
2006_10_09_MountainView,Chad Lewis,lewischad,2006,10/9/2006,Mountain View,mountainview,Wildcats,Home,Dr. Lloyd A. Busch Memorial Stadium,stafford_home02,Fredericksburg,Virginia,no,,,,,https://news.google.com/newspapers?id=bAQzAAAAIBAJ&sjid=kQgGAAAAIBAJ&pg=7050%2C2871407
2006_10_13_Massaponax,Chad Lewis,lewischad,2006,10/13/2006,Massaponax,massaponax,Panthers,Away,Panther Stadium,massaponax_home01,Fredericksburg,Virginia,no,,,,,https://news.google.com/newspapers?id=bwQzAAAAIBAJ&sjid=kQgGAAAAIBAJ&pg=3403%2C3992315
2006_10_20_Albemarle,Chad Lewis,lewischad,2006,10/20/2006,Albemarle,albemarle,Patriots,Home,Dr. Lloyd A. Busch Memorial Stadium,stafford_home02,Fredericksburg,Virginia,no,,,,,https://news.google.com/newspapers?id=dgQzAAAAIBAJ&sjid=kQgGAAAAIBAJ&pg=1836%2C6180035
2006_10_30_ColonialForge,Chad Lewis,lewischad,2006,10/30/2006,Colonial Forge,colonialforge,Eagles,Home,Dr. Lloyd A. Busch Memorial Stadium,stafford_home02,Fredericksburg,Virginia,no,,,,,https://news.google.com/newspapers?id=fgQzAAAAIBAJ&sjid=kQgGAAAAIBAJ&pg=4361%2C9301363
2006_11_10_NorthStafford,Chad Lewis,lewischad,2006,11/10/2006,North Stafford,northstafford,Wolverines,Away,,northstafford_home01,Stafford,Virginia,no,,,,,https://news.google.com/newspapers?id=ylYzAAAAIBAJ&sjid=eggGAAAAIBAJ&pg=6341%2C3308390
2005_09_02_JamesMonroe,Roger Pierce,pierceroger,2005,9/2/2005,James Monroe,jamesmonroe,Yellow Jackets,Home,Dr. Lloyd A. Busch Memorial Stadium,stafford_home02,Fredericksburg,Virginia,no,,,,,https://news.google.com/newspapers?id=SgQzAAAAIBAJ&sjid=gQgGAAAAIBAJ&pg=1999%2C851813
2005_09_09_Liberty-Bealeton,Roger Pierce,pierceroger,2005,9/9/2005,Liberty-Bealeton,liberty-bealeton,Eagles,Away,,liberty-bealeton_home01,Bealeton,Virginia,no,,,,,https://news.google.com/newspapers?id=UQQzAAAAIBAJ&sjid=gQgGAAAAIBAJ&pg=6668%2C2964819
2005_09_16_Fauquier,Roger Pierce,pierceroger,2005,9/16/2005,Fauquier,fauquier,Falcons,Home,Dr. Lloyd A. Busch Memorial Stadium,stafford_home02,Fredericksburg,Virginia,no,,,,,
2005_09_23_Riverbend,Roger Pierce,pierceroger,2005,9/23/2005,Riverbend,riverbend,Bears,Home,Dr. Lloyd A. Busch Memorial Stadium,stafford_home02,Fredericksburg,Virginia,no,,,,,https://news.google.com/newspapers?id=XQQzAAAAIBAJ&sjid=gQgGAAAAIBAJ&pg=6755%2C7201339
2005_09_30_BrookePoint,Roger Pierce,pierceroger,2005,9/30/2005,Brooke Point,brookepoint,Black-Hawks,Away,Thomas W. Berry Memorial Stadium,brookepoint_home01,Stafford,Virginia,no,,,,,https://news.google.com/newspapers?id=UTEzAAAAIBAJ&sjid=1AgGAAAAIBAJ&pg=3245%2C94693
2005_10_10_MountainView,Roger Pierce,pierceroger,2005,10/10/2005,Mountain View,mountainview,Wildcats,Away,,mountainview_home01,Stafford,Virginia,no,,,,,https://news.google.com/newspapers?id=WTEzAAAAIBAJ&sjid=1AgGAAAAIBAJ&pg=3337%2C3263500
2005_10_14_Massaponax,Roger Pierce,pierceroger,2005,10/14/2005,Massaponax,massaponax,Panthers,Home,Dr. Lloyd A. Busch Memorial Stadium,stafford_home02,Fredericksburg,Virginia,no,,,,,https://news.google.com/newspapers?id=XTEzAAAAIBAJ&sjid=1AgGAAAAIBAJ&pg=6518%2C4364246
2005_10_21_Albemarle,Roger Pierce,pierceroger,2005,10/21/2005,Albemarle,albemarle,Patriots,Away,,albemarle_home01,Charlottesville,Virginia,no,,,,,https://news.google.com/newspapers?id=YzEzAAAAIBAJ&sjid=1AgGAAAAIBAJ&pg=6551%2C6597383
2005_10_28_ColonialForge,Roger Pierce,pierceroger,2005,10/28/2005,Colonial Forge,colonialforge,Eagles,Away,,colonialforge_home01,Stafford,Virginia,no,,,,,https://news.google.com/newspapers?id=aDEzAAAAIBAJ&sjid=1AgGAAAAIBAJ&pg=3501%2C8655884
2005_11_11_NorthStafford,Roger Pierce,pierceroger,2005,11/11/2005,North Stafford,northstafford,Wolverines,Home,Dr. Lloyd A. Busch Memorial Stadium,stafford_home02,Fredericksburg,Virginia,no,,,,,https://news.google.com/newspapers?id=mjMzAAAAIBAJ&sjid=2QgGAAAAIBAJ&pg=6605%2C3446077
2004_09_10_Chancellor,Roger Pierce,pierceroger,2004,9/10/2004,Chancellor,chancellor,Chargers,Away,,chancellor_home01,Fredericksburg,Virginia,no,,,,,https://news.google.com/newspapers?id=HjQzAAAAIBAJ&sjid=2ggGAAAAIBAJ&pg=1867%2C3327981
2004_09_17_ColonialForge,Roger Pierce,pierceroger,2004,9/17/2004,Colonial Forge,colonialforge,Eagles,Away,,colonialforge_home01,Stafford,Virginia,no,,,,,https://news.google.com/newspapers?id=JDQzAAAAIBAJ&sjid=2ggGAAAAIBAJ&pg=3812%2C5133896
2004_09_24_KingGeorge,Roger Pierce,pierceroger,2004,9/24/2004,King George,kinggeorge,Foxes,Home,Dr. Lloyd A. Busch Memorial Stadium,stafford_home02,Fredericksburg,Virginia,no,,,,,https://news.google.com/newspapers?id=LDQzAAAAIBAJ&sjid=2ggGAAAAIBAJ&pg=1876%2C7413948
2004_10_01_BrookePoint,Roger Pierce,pierceroger,2004,10/1/2004,Brooke Point,brookepoint,Black-Hawks,Home,Dr. Lloyd A. Busch Memorial Stadium,stafford_home02,Fredericksburg,Virginia,no,,,,,https://fredericksburg.com/sportshs_football/article_a21739f6-e6b3-564c-b85d-974bc0d8e171.html
2004_10_08_Culpeper,Roger Pierce,pierceroger,2004,10/8/2004,Culpeper,culpeper,Blue Devils,Home,Dr. Lloyd A. Busch Memorial Stadium,stafford_home02,Fredericksburg,Virginia,no,,,,,https://fredericksburg.com/sportshs_football/article_b61c82cf-e39f-55dc-a9af-14d283b135a8.html
2004_10_15_Massaponax,Roger Pierce,pierceroger,2004,10/15/2004,Massaponax,massaponax,Panthers,Away,Panther Stadium,massaponax_home01,Fredericksburg,Virginia,no,,,,,https://fredericksburg.com/sportshs_football/article_432d5e0f-da69-5c5b-b644-4ded1b48bb72.html
2004_10_22_Albemarle,Roger Pierce,pierceroger,2004,10/22/2004,Albemarle,albemarle,Patriots,Home,Dr. Lloyd A. Busch Memorial Stadium,stafford_home02,Fredericksburg,Virginia,no,,,,,https://fredericksburg.com/sportshs_football/article_2543a7b2-2a2b-58a5-8e41-bf54a7b9977a.html
2004_10_29_ColonialForge,Roger Pierce,pierceroger,2004,10/29/2004,Colonial Forge,colonialforge,Eagles,Home,Dr. Lloyd A. Busch Memorial Stadium,stafford_home02,Fredericksburg,Virginia,no,,,,,https://fredericksburg.com/sportshs_football/article_d18cc50f-9c1f-5c34-ab0b-7e104aa1df93.html
2004_11_05_Spotsylvania,Roger Pierce,pierceroger,2004,11/5/2004,Spotsylvania,spotsylvania,Knights,Away,,spotsylvania_home03,Spotsylvania Courthouse,Virginia,no,,,,,https://news.google.com/newspapers?id=YvAyAAAAIBAJ&sjid=UAgGAAAAIBAJ&pg=6320%2C1306601
2004_11_13_NorthStafford,Roger Pierce,pierceroger,2004,11/13/2004,North Stafford,northstafford,Wolverines,Away,,northstafford_home01,Stafford,Virginia,no,,,,,https://news.google.com/newspapers?id=bPAyAAAAIBAJ&sjid=UAgGAAAAIBAJ&pg=2236%2C4934682
2003_09_05_Chancellor,Roger Pierce,pierceroger,2003,9/5/2003,Chancellor,chancellor,Chargers,Home,Dr. Lloyd A. Busch Memorial Stadium,stafford_home02,Fredericksburg,Virginia,no,,,,,https://news.google.com/newspapers?id=ZAUzAAAAIBAJ&sjid=0wgGAAAAIBAJ&pg=6318%2C1072255
2003_09_15_ColonialForge,Roger Pierce,pierceroger,2003,9/15/2003,Colonial Forge,colonialforge,Eagles,Home,Dr. Lloyd A. Busch Memorial Stadium,stafford_home02,Fredericksburg,Virginia,no,,,,,https://news.google.com/newspapers?id=bQUzAAAAIBAJ&sjid=0wgGAAAAIBAJ&pg=4292%2C3790913
2003_09_26_BrookePoint,Roger Pierce,pierceroger,2003,9/26/2003,Brooke Point,brookepoint,Black-Hawks,Away,Thomas W. Berry Memorial Stadium,brookepoint_home01,Stafford,Virginia,no,,,,,https://fredericksburg.com/sportshs_football/article_10a87850-116c-59d6-bdee-a06e215161f1.html
2003_10_03_Culpeper,Roger Pierce,pierceroger,2003,10/3/2003,Culpeper,culpeper,Blue Devils,Away,"George E. Broman, Jr. Field",culpeper_home01,Culpeper,Virginia,no,,,,,https://news.google.com/newspapers?id=UeoyAAAAIBAJ&sjid=RwgGAAAAIBAJ&pg=5013%2C900915
2003_10_10_Massaponax,Roger Pierce,pierceroger,2003,10/10/2003,Massaponax,massaponax,Panthers,Home,Dr. Lloyd A. Busch Memorial Stadium,stafford_home02,Fredericksburg,Virginia,no,,,,,https://news.google.com/newspapers?id=VuoyAAAAIBAJ&sjid=RwgGAAAAIBAJ&pg=3074%2C2820949
2003_10_17_Albemarle,Roger Pierce,pierceroger,2003,10/17/2003,Albemarle,albemarle,Patriots,Away,,albemarle_home01,Charlottesville,Virginia,no,,,,,https://news.google.com/newspapers?id=XeoyAAAAIBAJ&sjid=RwgGAAAAIBAJ&pg=6733%2C4802433
2003_10_24_ColonialForge,Roger Pierce,pierceroger,2003,10/24/2003,Colonial Forge,colonialforge,Eagles,Away,,colonialforge_home01,Stafford,Virginia,no,,,,,https://news.google.com/newspapers?id=ZOoyAAAAIBAJ&sjid=RwgGAAAAIBAJ&pg=6354%2C6760701
2003_10_31_Spotsylvania,Roger Pierce,pierceroger,2003,10/31/2003,Spotsylvania,spotsylvania,Knights,Home,Dr. Lloyd A. Busch Memorial Stadium,stafford_home02,Fredericksburg,Virginia,no,,,,,https://news.google.com/newspapers?id=7AQzAAAAIBAJ&sjid=fggGAAAAIBAJ&pg=4353%2C141582
2003_11_08_NorthStafford,Roger Pierce,pierceroger,2003,11/8/2003,North Stafford,northstafford,Wolverines,Home,Dr. Lloyd A. Busch Memorial Stadium,stafford_home02,Fredericksburg,Virginia,no,,,,,https://news.google.com/newspapers?id=9AQzAAAAIBAJ&sjid=fggGAAAAIBAJ&pg=5194%2C2413225
2003_11_14_KingGeorge,Roger Pierce,pierceroger,2003,11/14/2003,King George,kinggeorge,Foxes,Away,Thomas Lomax Hunter Field,kinggeorge_home01,King George,Virginia,no,,,,,https://fredericksburg.com/sportshs_football/article_baed3f47-019a-5d2d-9bee-4e06a22a975d.html
2002_09_06_ColonialForge,Roger Pierce,pierceroger,2002,9/6/2002,Colonial Forge,colonialforge,Eagles,Away,,colonialforge_home01,Stafford,Virginia,no,,,,,https://fredericksburg.com/sportshs_football/article_b4ba0c56-63ed-5620-bb6c-59cd15a10877.html
2002_09_13_BrookePoint,Roger Pierce,pierceroger,2002,9/13/2002,Brooke Point,brookepoint,Black-Hawks,Home,Dr. Lloyd A. Busch Memorial Stadium,stafford_home02,Fredericksburg,Virginia,no,,,,,https://fredericksburg.com/sportshs_football/article_8511bd6f-c78f-5e78-8194-3fd6affb1292.html
2002_09_20_Chancellor,Roger Pierce,pierceroger,2002,9/20/2002,Chancellor,chancellor,Chargers,Away,,chancellor_home01,Fredericksburg,Virginia,no,1,,,,https://fredericksburg.com/sportshs_football/article_e3731534-bc1a-5132-a860-8983bdb180a7.html
2002_09_27_Spotsylvania,Roger Pierce,pierceroger,2002,9/27/2002,Spotsylvania,spotsylvania,Knights,Away,,spotsylvania_home03,Spotsylvania Courthouse,Virginia,no,,,,,https://fredericksburg.com/sportshs_football/article_de6b083d-50b5-5128-99e5-cd959bc63730.html
2002_10_04_Courtland,Roger Pierce,pierceroger,2002,10/4/2002,Courtland,courtland,Cougars,Home,Dr. Lloyd A. Busch Memorial Stadium,stafford_home02,Fredericksburg,Virginia,no,,,,,https://news.google.com/newspapers?id=4esyAAAAIBAJ&sjid=SggGAAAAIBAJ&pg=5076%2C1005771
2002_10_14_BrookePoint,Roger Pierce,pierceroger,2002,10/14/2002,Brooke Point,brookepoint,Black-Hawks,Home,General Smedley D. Butler Stadium,quantico_home01,Quantico,Virginia,no,,,,at Quantico,https://news.google.com/newspapers?id=6esyAAAAIBAJ&sjid=SggGAAAAIBAJ&pg=1838%2C3873426
2002_10_18_Albemarle,Roger Pierce,pierceroger,2002,10/18/2002,Albemarle,albemarle,Patriots,Away,,albemarle_home01,Charlottesville,Virginia,no,,,,,https://news.google.com/newspapers?id=7OsyAAAAIBAJ&sjid=SggGAAAAIBAJ&pg=2223%2C4996897
2002_10_25_Culpeper,Roger Pierce,pierceroger,2002,10/25/2002,Culpeper,culpeper,Blue Devils,Away,"George E. Broman, Jr. Field",culpeper_home01,Culpeper,Virginia,no,,,,,https://news.google.com/newspapers?id=8-syAAAAIBAJ&sjid=SggGAAAAIBAJ&pg=6624%2C6850399
2002_11_01_ColonialForge,Roger Pierce,pierceroger,2002,11/1/2002,Colonial Forge,colonialforge,Eagles,Home,Dr. Lloyd A. Busch Memorial Stadium,stafford_home02,Fredericksburg,Virginia,no,,,,,https://news.google.com/newspapers?id=3y0zAAAAIBAJ&sjid=RggGAAAAIBAJ&pg=3239%2C363278
2002_11_08_NorthStafford,Roger Pierce,pierceroger,2002,11/8/2002,North Stafford,northstafford,Wolverines,Away,,northstafford_home01,Stafford,Virginia,no,,,,,https://news.google.com/newspapers?id=5i0zAAAAIBAJ&sjid=RggGAAAAIBAJ&pg=6520%2C2237404
2002_11_22_HalifaxCounty,Roger Pierce,pierceroger,2002,11/22/2002,Halifax County,halifaxcounty,Comets,Home,Dr. Lloyd A. Busch Memorial Stadium,stafford_home02,Fredericksburg,Virginia,no,,,,,https://news.google.com/newspapers?id=9C0zAAAAIBAJ&sjid=RggGAAAAIBAJ&pg=6504%2C5965883
2002_11_29_Culpeper,Roger Pierce,pierceroger,2002,11/29/2002,Culpeper,culpeper,Blue Devils,Home,Dr. Lloyd A. Busch Memorial Stadium,stafford_home02,Fredericksburg,Virginia,no,,,,,https://news.google.com/newspapers?id=-i0zAAAAIBAJ&sjid=RggGAAAAIBAJ&pg=4642%2C7877146
2002_12_08_Hopewell,Roger Pierce,pierceroger,2002,12/8/2002,Hopewell,hopewell,Blue Devils,Away,William L. Merner Athletic Field,hopewell_home01,Hopewell,Virginia,no,,,,,https://fredericksburg.com/sportshs_football/article_ec8ddfef-92e1-50d6-bb65-c9487fad8fe9.html
2002_12_14_Phoebus,Roger Pierce,pierceroger,2002,12/14/2002,Phoebus,phoebus,Phantoms,Home,University of Richmond Stadium,citystadium_richmond01,Richmond,Virginia,yes,,,,State Championship Game at Richmond,https://fredericksburg.com/sportshs_football/article_920d31ab-2ed4-5077-8adf-ff37f0e8571e.html
2001_09_07_ColonialForge,Roger Pierce,pierceroger,2001,9/7/2001,Colonial Forge,colonialforge,Eagles,Home,Dr. Lloyd A. Busch Memorial Stadium,stafford_home02,Fredericksburg,Virginia,no,,,,,https://news.google.com/newspapers?id=vTAzAAAAIBAJ&sjid=SAgGAAAAIBAJ&pg=6556%2C2142023
2001_09_21_Chancellor,Roger Pierce,pierceroger,2001,9/21/2001,Chancellor,chancellor,Chargers,Home,Dr. Lloyd A. Busch Memorial Stadium,stafford_home02,Fredericksburg,Virginia,no,,,,,https://news.google.com/newspapers?id=yjAzAAAAIBAJ&sjid=SAgGAAAAIBAJ&pg=6712%2C5968322
2001_09_28_Spotsylvania,Roger Pierce,pierceroger,2001,9/28/2001,Spotsylvania,spotsylvania,Knights,Home,Dr. Lloyd A. Busch Memorial Stadium,stafford_home02,Fredericksburg,Virginia,no,,,,,https://news.google.com/newspapers?id=0TAzAAAAIBAJ&sjid=SAgGAAAAIBAJ&pg=6660%2C7899204
2001_10_05_Courtland,Roger Pierce,pierceroger,2001,10/5/2001,Courtland,courtland,Cougars,Away,Robert P. Woods Memorial Stadium,courtland_home01,Spotsylvania Courthouse,Virginia,no,,,,,https://news.google.com/newspapers?id=ADQzAAAAIBAJ&sjid=3QgGAAAAIBAJ&pg=3378%2C1239950
2001_10_12_BrookePoint,Roger Pierce,pierceroger,2001,10/12/2001,Brooke Point,brookepoint,Black-Hawks,Away,,brookepoint_home01,Stafford,Virginia,no,,,,,https://news.google.com/newspapers?id=BTQzAAAAIBAJ&sjid=3QgGAAAAIBAJ&pg=2453%2C3208546
2001_10_19_Albemarle,Roger Pierce,pierceroger,2001,10/19/2001,Albemarle,albemarle,Patriots,Away,,albemarle_home01,Charlottesville,Virginia,no,,,,,https://news.google.com/newspapers?id=CzQzAAAAIBAJ&sjid=3QgGAAAAIBAJ&pg=1887%2C5275445
2001_10_26_Culpeper,Roger Pierce,pierceroger,2001,10/26/2001,Culpeper,culpeper,Blue Devils,Home,Dr. Lloyd A. Busch Memorial Stadium,stafford_home02,Fredericksburg,Virginia,no,,,,,https://news.google.com/newspapers?id=ETQzAAAAIBAJ&sjid=3QgGAAAAIBAJ&pg=6821%2C7279592
2001_11_02_ColonialForge,Roger Pierce,pierceroger,2001,11/2/2001,Colonial Forge,colonialforge,Eagles,Away,,colonialforge_home01,Stafford,Virginia,no,,,,,https://news.google.com/newspapers?id=vDIzAAAAIBAJ&sjid=kAgGAAAAIBAJ&pg=6603%2C682295
2001_11_09_NorthStafford,Roger Pierce,pierceroger,2001,11/9/2001,North Stafford,northstafford,Wolverines,Home,Dr. Lloyd A. Busch Memorial Stadium,stafford_home02,Fredericksburg,Virginia,no,,,,,https://news.google.com/newspapers?id=wTIzAAAAIBAJ&sjid=kAgGAAAAIBAJ&pg=6713%2C2641730
2000_09_05_JamesMonroe,Roger Pierce,pierceroger,2000,9/5/2000,James Monroe,jamesmonroe,Yellow Jackets,Home,Dr. Lloyd A. Busch Memorial Stadium,stafford_home02,Fredericksburg,Virginia,no,,,,,https://news.google.com/newspapers?id=HDEzAAAAIBAJ&sjid=iQgGAAAAIBAJ&pg=3904%2C1546287
2000_09_08_OsbournPark,Roger Pierce,pierceroger,2000,9/8/2000,Osbourn Park,osbournpark,Yellow Jackets,Away,,osbournpark_home02,Manassas,Virginia,no,,,,,https://news.google.com/newspapers?id=HzEzAAAAIBAJ&sjid=iQgGAAAAIBAJ&pg=6610%2C2307148
2000_09_15_Courtland,Roger Pierce,pierceroger,2000,9/15/2000,Courtland,courtland,Cougars,Home,Dr. Lloyd A. Busch Memorial Stadium,stafford_home02,Fredericksburg,Virginia,no,2,,,,https://news.google.com/newspapers?id=IzEzAAAAIBAJ&sjid=iQgGAAAAIBAJ&pg=2737%2C4258448
2000_09_22_JamesWood,Roger Pierce,pierceroger,2000,9/22/2000,James Wood,jameswood,Colonels,Away,,jameswood_home01,Winchester,Virginia,no,,,,,https://news.google.com/newspapers?nid=9fRKRCJz75UC&dat=20000923&printsec=frontpage&hl=en
2000_09_29_Sherando,Roger Pierce,pierceroger,2000,9/29/2000,Sherando,sherando,Warriors,Home,Dr. Lloyd A. Busch Memorial Stadium,stafford_home02,Fredericksburg,Virginia,no,,,,,https://news.google.com/newspapers?id=MTEzAAAAIBAJ&sjid=iQgGAAAAIBAJ&pg=6506%2C8207924
2000_10_06_Culpeper,Roger Pierce,pierceroger,2000,10/6/2000,Culpeper,culpeper,Blue Devils,Away,"George E. Broman, Jr. Field",culpeper_home01,Culpeper,Virginia,no,,,,,https://www.newspapers.com/image/1142864307/?match=3&terms=Culpeper
2000_10_13_BrookePoint,Roger Pierce,pierceroger,2000,10/13/2000,Brooke Point,brookepoint,Black-Hawks,Home,Dr. Lloyd A. Busch Memorial Stadium,stafford_home02,Fredericksburg,Virginia,no,,,,,https://www.newspapers.com/image/1142866042/?match=1&terms=%22brooke%20Point%22
2000_10_20_Fauquier,Roger Pierce,pierceroger,2000,10/20/2000,Fauquier,fauquier,Falcons,Away,Falcon Field,fauquier_home01,Warrenton,Virginia,no,,,,,https://www.newspapers.com/image/1142867659/?match=1&terms=fauquier
2000_10_27_ColonialForge,Roger Pierce,pierceroger,2000,10/27/2000,Colonial Forge,colonialforge,Eagles,Home,Dr. Lloyd A. Busch Memorial Stadium,stafford_home02,Fredericksburg,Virginia,no,,,,,https://www.newspapers.com/image/1142868760/?match=2&terms=%22colonial%20forge%22
2000_11_03_NorthStafford,Roger Pierce,pierceroger,2000,11/3/2000,North Stafford,northstafford,Wolverines,Away,,northstafford_home01,Stafford,Virginia,no,,,,,https://news.google.com/newspapers?id=wQMzAAAAIBAJ&sjid=lAgGAAAAIBAJ&pg=1983%2C945241
1999_09_03_JamesMonroe,Roger Pierce,pierceroger,1999,9/3/1999,James Monroe,jamesmonroe,Yellow Jackets,Away,Maury Stadium,jamesmonroe_home01,Fredericksburg,Virginia,no,,,,,https://news.google.com/newspapers?id=jAMzAAAAIBAJ&sjid=VggGAAAAIBAJ&pg=2304%2C831676
1999_09_09_OsbournPark,Roger Pierce,pierceroger,1999,9/9/1999,Osbourn Park,osbournpark,Yellow Jackets,Home,Dr. Lloyd A. Busch Memorial Stadium,stafford_home02,Fredericksburg,Virginia,no,,,,,https://news.google.com/newspapers?id=kgMzAAAAIBAJ&sjid=VggGAAAAIBAJ&pg=5533%2C2410306
1999_09_17_Courtland,Roger Pierce,pierceroger,1999,9/17/1999,Courtland,courtland,Cougars,Away,Robert P. Woods Memorial Stadium,courtland_home01,Spotsylvania Courthouse,Virginia,no,,,,,https://news.google.com/newspapers?id=mQMzAAAAIBAJ&sjid=VggGAAAAIBAJ&pg=4513%2C4488702
1999_09_24_JamesWood,Roger Pierce,pierceroger,1999,9/24/1999,James Wood,jameswood,Colonels,Home,Dr. Lloyd A. Busch Memorial Stadium,stafford_home02,Fredericksburg,Virginia,no,,,,,https://news.google.com/newspapers?id=oAMzAAAAIBAJ&sjid=VggGAAAAIBAJ&pg=6750%2C6432033
1999_10_01_Sherando,Roger Pierce,pierceroger,1999,10/1/1999,Sherando,sherando,Warriors,Away,,sherando_home01,Stephens City,Virginia,no,,,,,https://news.google.com/newspapers?id=ny4zAAAAIBAJ&sjid=gggGAAAAIBAJ&pg=6580%2C336461
1999_10_08_Culpeper,Roger Pierce,pierceroger,1999,10/8/1999,Culpeper,culpeper,Blue Devils,Home,Dr. Lloyd A. Busch Memorial Stadium,stafford_home02,Fredericksburg,Virginia,no,,,,,https://news.google.com/newspapers?id=pi4zAAAAIBAJ&sjid=gggGAAAAIBAJ&pg=2322%2C2194830
1999_10_15_BrookePoint,Roger Pierce,pierceroger,1999,10/15/1999,Brooke Point,brookepoint,Black-Hawks,Away,,brookepoint_home01,Stafford,Virginia,no,,,,,https://news.google.com/newspapers?id=rC4zAAAAIBAJ&sjid=gggGAAAAIBAJ&pg=4928%2C4245827
1999_10_25_Fauquier,Roger Pierce,pierceroger,1999,10/25/1999,Fauquier,fauquier,Falcons,Home,Dr. Lloyd A. Busch Memorial Stadium,stafford_home02,Fredericksburg,Virginia,no,,,,,https://news.google.com/newspapers?id=tS4zAAAAIBAJ&sjid=gggGAAAAIBAJ&pg=6684%2C7030219
1999_10_29_Potomac,Roger Pierce,pierceroger,1999,10/29/1999,Potomac,potomac,Panthers,Home,Dr. Lloyd A. Busch Memorial Stadium,stafford_home02,Fredericksburg,Virginia,no,,,,,https://news.google.com/newspapers?id=uS4zAAAAIBAJ&sjid=gggGAAAAIBAJ&pg=6663%2C8089591
1999_11_05_NorthStafford,Roger Pierce,pierceroger,1999,11/5/1999,North Stafford,northstafford,Wolverines,Home,Dr. Lloyd A. Busch Memorial Stadium,stafford_home02,Fredericksburg,Virginia,no,,,,,https://news.google.com/newspapers?id=u-wyAAAAIBAJ&sjid=mAgGAAAAIBAJ&pg=4282%2C1134446
1998_09_04_OsbournPark,Roger Pierce,pierceroger,1998,9/4/1998,Osbourn Park,osbournpark,Yellow Jackets,Home,Dr. Lloyd A. Busch Memorial Stadium,stafford_home02,Fredericksburg,Virginia,no,1,,,,https://www.newspapers.com/image/1142813043/?match=3&terms=%22osbourn%20park%22
1998_09_11_Woodbridge,Roger Pierce,pierceroger,1998,9/11/1998,Woodbridge,woodbridge,Vikings,Away,A.T. Howard Memorial Stadium,woodbridge_home02,Woodbridge,Virginia,no,,,,,https://news.google.com/newspapers?id=n9wyAAAAIBAJ&sjid=QQgGAAAAIBAJ&pg=6776%2C2629636
1998_09_18_BishopMcNamara-Maryland,Roger Pierce,pierceroger,1998,9/18/1998,Bishop McNamara-Maryland,bishopmcnamara-maryland,Mustangs,Home,,northstafford_home01,Stafford,Virginia,no,,,,at North Stafford; poor field conditions at home,https://news.google.com/newspapers?id=pNwyAAAAIBAJ&sjid=QQgGAAAAIBAJ&pg=6620%2C4437734
1998_09_25_JamesMonroe,Roger Pierce,pierceroger,1998,9/25/1998,James Monroe,jamesmonroe,Yellow Jackets,Home,,brookepoint_home01,Stafford,Virginia,no,,,,at Brooke Point,https://news.google.com/newspapers?id=qdwyAAAAIBAJ&sjid=QQgGAAAAIBAJ&pg=5374%2C6119992
1998_10_02_KingGeorge,Roger Pierce,pierceroger,1998,10/2/1998,King George,kinggeorge,Foxes,Home,,brookepoint_home01,Stafford,Virginia,no,,,,at Brooke Point,https://news.google.com/newspapers?id=BO0yAAAAIBAJ&sjid=gwgGAAAAIBAJ&pg=6449%2C733121
1998_10_09_BrookePoint,Roger Pierce,pierceroger,1998,10/9/1998,Brooke Point,brookepoint,Black-Hawks,Home,,brookepoint_home01,Stafford,Virginia,no,,,,at Brooke Point,https://news.google.com/newspapers?id=Cu0yAAAAIBAJ&sjid=gwgGAAAAIBAJ&pg=4909%2C2473932
1998_10_16_Culpeper,Roger Pierce,pierceroger,1998,10/16/1998,Culpeper,culpeper,Blue Devils,Away,"George E. Broman, Jr. Field",culpeper_home01,Culpeper,Virginia,no,,,,,https://news.google.com/newspapers?id=Ee0yAAAAIBAJ&sjid=gwgGAAAAIBAJ&pg=2264%2C4298986
1998_10_23_Chancellor,Roger Pierce,pierceroger,1998,10/23/1998,Chancellor,chancellor,Chargers,Away,,chancellor_home01,Fredericksburg,Virginia,no,,,,,https://news.google.com/newspapers?id=GO0yAAAAIBAJ&sjid=gwgGAAAAIBAJ&pg=6401%2C6201834
1998_10_30_Courtland,Roger Pierce,pierceroger,1998,10/30/1998,Courtland,courtland,Cougars,Home,Dr. Lloyd A. Busch Memorial Stadium,stafford_home02,Fredericksburg,Virginia,no,,,,,https://news.google.com/newspapers?id=H-0yAAAAIBAJ&sjid=gwgGAAAAIBAJ&pg=4950%2C7878100
1998_11_06_NorthStafford,Roger Pierce,pierceroger,1998,11/6/1998,North Stafford,northstafford,Wolverines,Away,,northstafford_home01,Stafford,Virginia,no,,,,,https://www.newspapers.com/image/1143170648/?match=2&terms=%22north%20stafford%22
1997_09_05_OsbournPark,John Kraus,krausjohn,1997,9/5/1997,Osbourn Park,osbournpark,Yellow Jackets,Away,,osbournpark_home02,Manassas,Virginia,no,,,,Forfeit; Original Score: Osbourn Park 27-13,https://news.google.com/newspapers?id=b_EyAAAAIBAJ&sjid=pQgGAAAAIBAJ&pg=3415%2C1055893
1997_09_12_Woodbridge,John Kraus,krausjohn,1997,9/12/1997,Woodbridge,woodbridge,Vikings,Home,Dr. Lloyd A. Busch Memorial Stadium,stafford_home02,Fredericksburg,Virginia,no,,,,,https://news.google.com/newspapers?id=dfEyAAAAIBAJ&sjid=pQgGAAAAIBAJ&pg=3604%2C2521336
1997_09_19_BishopMcNamara-Maryland,John Kraus,krausjohn,1997,9/19/1997,Bishop McNamara-Maryland,bishopmcnamara-maryland,Mustangs,Home,Dr. Lloyd A. Busch Memorial Stadium,stafford_home02,Fredericksburg,Virginia,no,,,,,https://news.google.com/newspapers?id=e_EyAAAAIBAJ&sjid=pQgGAAAAIBAJ&pg=7106%2C4143866
1997_09_26_JamesMonroe,John Kraus,krausjohn,1997,9/26/1997,James Monroe,jamesmonroe,Yellow Jackets,Away,Maury Stadium,jamesmonroe_home01,Fredericksburg,Virginia,no,,,,,https://news.google.com/newspapers?id=gPEyAAAAIBAJ&sjid=pQgGAAAAIBAJ&pg=3490%2C5655982
1997_10_03_KingGeorge,John Kraus,krausjohn,1997,10/3/1997,King George,kinggeorge,Foxes,Away,Thomas Lomax Hunter Field,kinggeorge_home01,King George,Virginia,no,,,,,https://news.google.com/newspapers?id=iC4zAAAAIBAJ&sjid=eAgGAAAAIBAJ&pg=6808%2C982046
1997_10_10_BrookePoint,John Kraus,krausjohn,1997,10/10/1997,Brooke Point,brookepoint,Black-Hawks,Away,,brookepoint_home01,Stafford,Virginia,no,,,,,https://news.google.com/newspapers?id=ji4zAAAAIBAJ&sjid=eAgGAAAAIBAJ&pg=5309%2C2537287
1997_10_17_Culpeper,John Kraus,krausjohn,1997,10/17/1997,Culpeper,culpeper,Blue Devils,Home,Dr. Lloyd A. Busch Memorial Stadium,stafford_home02,Fredericksburg,Virginia,no,,,,,https://news.google.com/newspapers?id=lC4zAAAAIBAJ&sjid=eAgGAAAAIBAJ&pg=6525%2C4249623
1997_10_27_Chancellor,John Kraus,krausjohn,1997,10/27/1997,Chancellor,chancellor,Chargers,Home,Dr. Lloyd A. Busch Memorial Stadium,stafford_home02,Fredericksburg,Virginia,no,,,,,https://news.google.com/newspapers?id=mi4zAAAAIBAJ&sjid=eAgGAAAAIBAJ&pg=3087%2C6317160
1997_10_31_Courtland,John Kraus,krausjohn,1997,10/31/1997,Courtland,courtland,Cougars,Away,Robert P. Woods Memorial Stadium,courtland_home01,Spotsylvania Courthouse,Virginia,no,,,,,https://news.google.com/newspapers?id=LOwyAAAAIBAJ&sjid=UwgGAAAAIBAJ&pg=2830%2C120699
1997_11_10_NorthStafford,John Kraus,krausjohn,1997,11/10/1997,North Stafford,northstafford,Wolverines,Home,Dr. Lloyd A. Busch Memorial Stadium,stafford_home02,Fredericksburg,Virginia,no,,,,,https://news.google.com/newspapers?id=NOwyAAAAIBAJ&sjid=UwgGAAAAIBAJ&pg=6845%2C2162327
1996_09_09_OsbournPark,John Kraus,krausjohn,1996,9/9/1996,Osbourn Park,osbournpark,Yellow Jackets,Home,Dr. Lloyd A. Busch Memorial Stadium,stafford_home02,Fredericksburg,Virginia,no,,,,,https://news.google.com/newspapers?id=bekyAAAAIBAJ&sjid=ygcGAAAAIBAJ&pg=3467%2C1514111
1996_09_13_Woodbridge,John Kraus,krausjohn,1996,9/13/1996,Woodbridge,woodbridge,Vikings,Away,A.T. Howard Memorial Stadium,woodbridge_home02,Woodbridge,Virginia,no,,,,,https://news.google.com/newspapers?id=cekyAAAAIBAJ&sjid=ygcGAAAAIBAJ&pg=5315%2C2291084
1996_09_21_BishopMcNamara-Maryland,John Kraus,krausjohn,1996,9/21/1996,Bishop McNamara-Maryland,bishopmcnamara-maryland,Mustangs,Away,,bishopmcnamara_home01,Forestville,Maryland,no,,,,,https://news.google.com/newspapers?id=eOkyAAAAIBAJ&sjid=ygcGAAAAIBAJ&pg=2336%2C4214101
1996_09_27_JamesMonroe,John Kraus,krausjohn,1996,9/27/1996,James Monroe,jamesmonroe,Yellow Jackets,Home,Dr. Lloyd A. Busch Memorial Stadium,stafford_home02,Fredericksburg,Virginia,no,,,,,https://news.google.com/newspapers?id=fekyAAAAIBAJ&sjid=ygcGAAAAIBAJ&pg=3607%2C5220384
1996_10_04_KingGeorge,John Kraus,krausjohn,1996,10/4/1996,King George,kinggeorge,Foxes,Home,Dr. Lloyd A. Busch Memorial Stadium,stafford_home02,Fredericksburg,Virginia,no,,,,,https://news.google.com/newspapers?id=hF4zAAAAIBAJ&sjid=2gcGAAAAIBAJ&pg=5411%2C969459
1996_10_11_BrookePoint,John Kraus,krausjohn,1996,10/11/1996,Brooke Point,brookepoint,Black-Hawks,Home,Dr. Lloyd A. Busch Memorial Stadium,stafford_home02,Fredericksburg,Virginia,no,,,,,https://news.google.com/newspapers?id=iF4zAAAAIBAJ&sjid=2gcGAAAAIBAJ&pg=6970%2C2369806
1996_10_21_Culpeper,John Kraus,krausjohn,1996,10/21/1996,Culpeper,culpeper,Blue Devils,Away,"George E. Broman, Jr. Field",culpeper_home01,Culpeper,Virginia,no,,,,,https://news.google.com/newspapers?id=jl4zAAAAIBAJ&sjid=2gcGAAAAIBAJ&pg=3398%2C4392098
1996_10_25_Chancellor,John Kraus,krausjohn,1996,10/25/1996,Chancellor,chancellor,Chargers,Away,,chancellor_home01,Fredericksburg,Virginia,no,,,,,https://news.google.com/newspapers?id=kF4zAAAAIBAJ&sjid=2gcGAAAAIBAJ&pg=6958%2C5199618
1996_11_01_Courtland,John Kraus,krausjohn,1996,11/1/1996,Courtland,courtland,Cougars,Home,Dr. Lloyd A. Busch Memorial Stadium,stafford_home02,Fredericksburg,Virginia,no,,,,,https://news.google.com/newspapers?id=v-kyAAAAIBAJ&sjid=zwcGAAAAIBAJ&pg=7013%2C348393
1996_11_09_NorthStafford,John Kraus,krausjohn,1996,11/9/1996,North Stafford,northstafford,Wolverines,Away,,northstafford_home01,Stafford,Virginia,no,,,,,https://news.google.com/newspapers?id=xukyAAAAIBAJ&sjid=zwcGAAAAIBAJ&pg=5412%2C2048797
1995_09_01_ThomasEdison,John Kraus,krausjohn,1995,9/1/1995,Thomas Edison,thomasedison,Eagles,Home,Dr. Lloyd A. Busch Memorial Stadium,stafford_home02,Fredericksburg,Virginia,no,,,,,https://news.google.com/newspapers?id=8_8yAAAAIBAJ&sjid=0gcGAAAAIBAJ&pg=4999%2C319684
1995_09_08_JamesMonroe,John Kraus,krausjohn,1995,9/8/1995,James Monroe,jamesmonroe,Yellow Jackets,Away,Maury Stadium,jamesmonroe_home01,Fredericksburg,Virginia,no,,,,,https://news.google.com/newspapers?id=-f8yAAAAIBAJ&sjid=0gcGAAAAIBAJ&pg=4250%2C1631965
1995_09_22_BrookePoint,John Kraus,krausjohn,1995,9/22/1995,Brooke Point,brookepoint,Black-Hawks,Away,,brookepoint_home01,Stafford,Virginia,no,,,,,https://news.google.com/newspapers?id=BQAzAAAAIBAJ&sjid=0gcGAAAAIBAJ&pg=4421%2C4423246
1995_09_29_Wakefield,John Kraus,krausjohn,1995,9/29/1995,Wakefield,wakefield,Warriors,Away,,wakefield_home01,Arlington,Virginia,no,,,,,https://news.google.com/newspapers?id=CwAzAAAAIBAJ&sjid=0gcGAAAAIBAJ&pg=4981%2C5811202
1995_10_06_StonewallJackson-Manassas,John Kraus,krausjohn,1995,10/6/1995,Stonewall Jackson-Manassas,unityreed,Raiders,Home,Dr. Lloyd A. Busch Memorial Stadium,stafford_home02,Fredericksburg,Virginia,no,1,,,,https://news.google.com/newspapers?id=DOoyAAAAIBAJ&sjid=1AcGAAAAIBAJ&pg=6739%2C1094852
1995_10_13_MountVernon,John Kraus,krausjohn,1995,10/13/1995,Mount Vernon,mountvernon,Majors,Home,Dr. Lloyd A. Busch Memorial Stadium,stafford_home02,Fredericksburg,Virginia,no,,,,,https://news.google.com/newspapers?id=EeoyAAAAIBAJ&sjid=1AcGAAAAIBAJ&pg=6912%2C2507651
1995_10_20_Potomac,John Kraus,krausjohn,1995,10/20/1995,Potomac,potomac,Panthers,Away,Panther Stadium,potomac_home01,Dumfries,Virginia,no,,,,,https://news.google.com/newspapers?id=F-oyAAAAIBAJ&sjid=1AcGAAAAIBAJ&pg=6664%2C3982781
1995_10_28_Woodbridge,John Kraus,krausjohn,1995,10/28/1995,Woodbridge,woodbridge,Vikings,Home,Dr. Lloyd A. Busch Memorial Stadium,stafford_home02,Fredericksburg,Virginia,no,,,,,https://news.google.com/newspapers?id=HuoyAAAAIBAJ&sjid=1AcGAAAAIBAJ&pg=2259%2C5795720
1995_11_03_OsbournPark,John Kraus,krausjohn,1995,11/3/1995,Osbourn Park,osbournpark,Yellow Jackets,Away,,osbournpark_home02,Manassas,Virginia,no,,,,,https://news.google.com/newspapers?id=OekyAAAAIBAJ&sjid=xAcGAAAAIBAJ&pg=6767%2C888293
1995_11_10_NorthStafford,John Kraus,krausjohn,1995,11/10/1995,North Stafford,northstafford,Wolverines,Home,Dr. Lloyd A. Busch Memorial Stadium,stafford_home02,Fredericksburg,Virginia,no,,,,,https://news.google.com/newspapers?id=PukyAAAAIBAJ&sjid=xAcGAAAAIBAJ&pg=3173%2C2308468
1994_09_02_ThomasEdison,John Kraus,krausjohn,1994,9/2/1994,Thomas Edison,thomasedison,Eagles,Away,,thomasedison_home01,Alexandria,Virginia,no,,,,,https://news.google.com/newspapers?id=xugyAAAAIBAJ&sjid=ugcGAAAAIBAJ&pg=6909%2C884715
1994_09_09_JamesMonroe,John Kraus,krausjohn,1994,9/9/1994,James Monroe,jamesmonroe,Yellow Jackets,Home,Dr. Lloyd A. Busch Memorial Stadium,stafford_home02,Fredericksburg,Virginia,no,,,,,https://news.google.com/newspapers?id=y-gyAAAAIBAJ&sjid=ugcGAAAAIBAJ&pg=3348%2C2217148
1994_09_23_BrookePoint,John Kraus,krausjohn,1994,9/23/1994,Brooke Point,brookepoint,Black-Hawks,Home,Dr. Lloyd A. Busch Memorial Stadium,stafford_home02,Fredericksburg,Virginia,no,,,,,https://news.google.com/newspapers?id=1-gyAAAAIBAJ&sjid=ugcGAAAAIBAJ&pg=5265%2C5224207
1994_09_30_Wakefield,John Kraus,krausjohn,1994,9/30/1994,Wakefield,wakefield,Warriors,Home,Dr. Lloyd A. Busch Memorial Stadium,stafford_home02,Fredericksburg,Virginia,no,,,,,https://news.google.com/newspapers?id=EgMzAAAAIBAJ&sjid=uQcGAAAAIBAJ&pg=6858%2C132665
1994_10_06_StonewallJackson-Manassas,John Kraus,krausjohn,1994,10/6/1994,Stonewall Jackson-Manassas,unityreed,Raiders,Away,,unityreed_home02,Manassas,Virginia,no,,,,,https://news.google.com/newspapers?id=FwMzAAAAIBAJ&sjid=uQcGAAAAIBAJ&pg=4884%2C1229963
1994_10_14_MountVernon,John Kraus,krausjohn,1994,10/14/1994,Mount Vernon,mountvernon,Majors,Away,,mountvernon_home01,Alexandria,Virginia,no,,,,,https://news.google.com/newspapers?id=HQMzAAAAIBAJ&sjid=uQcGAAAAIBAJ&pg=6995%2C3047011
1994_10_21_Potomac,John Kraus,krausjohn,1994,10/21/1994,Potomac,potomac,Panthers,Home,Dr. Lloyd A. Busch Memorial Stadium,stafford_home02,Fredericksburg,Virginia,no,,,,,https://news.google.com/newspapers?id=IAMzAAAAIBAJ&sjid=uQcGAAAAIBAJ&pg=6974%2C4386862
1994_10_28_Woodbridge,John Kraus,krausjohn,1994,10/28/1994,Woodbridge,woodbridge,Vikings,Away,A.T. Howard Memorial Stadium,woodbridge_home02,Woodbridge,Virginia,no,,,,,https://news.google.com/newspapers?id=JgMzAAAAIBAJ&sjid=uQcGAAAAIBAJ&pg=7051%2C5727817
1994_11_04_OsbournPark,John Kraus,krausjohn,1994,11/4/1994,Osbourn Park,osbournpark,Yellow Jackets,Home,Dr. Lloyd A. Busch Memorial Stadium,stafford_home02,Fredericksburg,Virginia,no,,,,,https://news.google.com/newspapers?id=7OcyAAAAIBAJ&sjid=uwcGAAAAIBAJ&pg=6931%2C822113
1994_11_11_NorthStafford,John Kraus,krausjohn,1994,11/11/1994,North Stafford,northstafford,Wolverines,Away,,northstafford_home01,Stafford,Virginia,no,,,,,https://news.google.com/newspapers?id=8ucyAAAAIBAJ&sjid=uwcGAAAAIBAJ&pg=4532%2C2218187
1994_11_18_ECGlass,John Kraus,krausjohn,1994,11/18/1994,E.C. Glass,ecglass,Hilltoppers,Away,City Stadium,citystadium_lynchburg01,Lynchburg,Virginia,no,,,,,https://news.google.com/newspapers?id=-OcyAAAAIBAJ&sjid=uwcGAAAAIBAJ&pg=5443%2C3658296
1993_09_10_JamesMonroe,John Kraus,krausjohn,1993,9/10/1993,James Monroe,jamesmonroe,Yellow Jackets,Away,Maury Stadium,jamesmonroe_home01,Fredericksburg,Virginia,no,,,,,https://news.google.com/newspapers?id=OeYyAAAAIBAJ&sjid=kgcGAAAAIBAJ&pg=6938%2C2330549
1993_09_17_McLean,John Kraus,krausjohn,1993,9/17/1993,McLean,mclean,Highlanders,Home,Dr. Lloyd A. Busch Memorial Stadium,stafford_home02,Fredericksburg,Virginia,no,,,,,https://news.google.com/newspapers?id=P-YyAAAAIBAJ&sjid=kgcGAAAAIBAJ&pg=6914%2C3778412
1993_09_24_Fauquier,John Kraus,krausjohn,1993,9/24/1993,Fauquier,fauquier,Falcons,Away,Falcon Field,fauquier_home01,Warrenton,Virginia,no,,,,,https://news.google.com/newspapers?id=ROYyAAAAIBAJ&sjid=kgcGAAAAIBAJ&pg=6867%2C5213952
1993_10_01_ThomasEdison,John Kraus,krausjohn,1993,10/1/1993,Thomas Edison,thomasedison,Eagles,Home,Dr. Lloyd A. Busch Memorial Stadium,stafford_home02,Fredericksburg,Virginia,no,,,,,https://news.google.com/newspapers?id=GeYyAAAAIBAJ&sjid=lQcGAAAAIBAJ&pg=6908%2C480416
1993_10_08_StonewallJackson-Manassas,John Kraus,krausjohn,1993,10/8/1993,Stonewall Jackson-Manassas,unityreed,Raiders,Away,,unityreed_home02,Manassas,Virginia,no,,,,,https://news.google.com/newspapers?id=H-YyAAAAIBAJ&sjid=lQcGAAAAIBAJ&pg=6972%2C1949833
1993_10_15_Chancellor,John Kraus,krausjohn,1993,10/15/1993,Chancellor,chancellor,Chargers,Home,Dr. Lloyd A. Busch Memorial Stadium,stafford_home02,Fredericksburg,Virginia,no,,,,,https://news.google.com/newspapers?id=JeYyAAAAIBAJ&sjid=lQcGAAAAIBAJ&pg=2203%2C3246616
1993_10_22_Potomac,John Kraus,krausjohn,1993,10/22/1993,Potomac,potomac,Panthers,Away,Panther Stadium,potomac_home01,Dumfries,Virginia,no,,,,,https://news.google.com/newspapers?id=K-YyAAAAIBAJ&sjid=lQcGAAAAIBAJ&pg=4721%2C4580083
1993_10_29_Woodbridge,John Kraus,krausjohn,1993,10/29/1993,Woodbridge,woodbridge,Vikings,Home,Dr. Lloyd A. Busch Memorial Stadium,stafford_home02,Fredericksburg,Virginia,no,,,,,https://news.google.com/newspapers?id=MOYyAAAAIBAJ&sjid=lQcGAAAAIBAJ&pg=6932%2C5929977
1993_11_05_OsbournPark,John Kraus,krausjohn,1993,11/5/1993,Osbourn Park,osbournpark,Yellow Jackets,Away,,osbournpark_home02,Manassas,Virginia,no,,,,,https://news.google.com/newspapers?id=XecyAAAAIBAJ&sjid=mQcGAAAAIBAJ&pg=6959%2C1041922
1993_11_12_NorthStafford,John Kraus,krausjohn,1993,11/12/1993,North Stafford,northstafford,Wolverines,Home,Dr. Lloyd A. Busch Memorial Stadium,stafford_home02,Fredericksburg,Virginia,no,,,,,https://news.google.com/newspapers?id=Y-cyAAAAIBAJ&sjid=mQcGAAAAIBAJ&pg=6906%2C2460856
1992_09_11_JamesMonroe,John Kraus,krausjohn,1992,9/11/1992,James Monroe,jamesmonroe,Yellow Jackets,Home,Dr. Lloyd A. Busch Memorial Stadium,stafford_home02,Fredericksburg,Virginia,no,,,,,https://news.google.com/newspapers?id=ZfpNAAAAIBAJ&sjid=dYsDAAAAIBAJ&pg=3200%2C1944789
1992_09_18_McLean,John Kraus,krausjohn,1992,9/18/1992,McLean,mclean,Highlanders,Away,,mclean_home01,McLean,Virginia,no,,,,,https://news.google.com/newspapers?id=a_pNAAAAIBAJ&sjid=dYsDAAAAIBAJ&pg=6704%2C3336403
1992_09_26_Fauquier,John Kraus,krausjohn,1992,9/26/1992,Fauquier,fauquier,Falcons,Home,Dr. Lloyd A. Busch Memorial Stadium,stafford_home02,Fredericksburg,Virginia,no,,,,,https://news.google.com/newspapers?id=cvpNAAAAIBAJ&sjid=dYsDAAAAIBAJ&pg=2998%2C5120885
1992_10_02_ThomasEdison,John Kraus,krausjohn,1992,10/2/1992,Thomas Edison,thomasedison,Eagles,Away,,thomasedison_home01,Alexandria,Virginia,no,,,,,https://news.google.com/newspapers?id=Cx0QAAAAIBAJ&sjid=posDAAAAIBAJ&pg=6685%2C664833
1992_10_09_StonewallJackson-Manassas,John Kraus,krausjohn,1992,10/9/1992,Stonewall Jackson-Manassas,unityreed,Raiders,Away,,unityreed_home02,Manassas,Virginia,no,,,,,https://news.google.com/newspapers?id=ER0QAAAAIBAJ&sjid=posDAAAAIBAJ&pg=6923%2C2258070
1992_10_16_Chancellor,John Kraus,krausjohn,1992,10/16/1992,Chancellor,chancellor,Chargers,Away,,chancellor_home01,Fredericksburg,Virginia,no,,,,,https://news.google.com/newspapers?id=Fx0QAAAAIBAJ&sjid=posDAAAAIBAJ&pg=6786%2C3643012
1992_10_23_Potomac,John Kraus,krausjohn,1992,10/23/1992,Potomac,potomac,Panthers,Home,Dr. Lloyd A. Busch Memorial Stadium,stafford_home02,Fredericksburg,Virginia,no,,,,,https://news.google.com/newspapers?id=MR0QAAAAIBAJ&sjid=posDAAAAIBAJ&pg=6905%2C5036721
1992_10_30_Woodbridge,John Kraus,krausjohn,1992,10/30/1992,Woodbridge,woodbridge,Vikings,Away,A.T. Howard Memorial Stadium,woodbridge_home02,Woodbridge,Virginia,no,,,,,https://news.google.com/newspapers?id=Nx0QAAAAIBAJ&sjid=posDAAAAIBAJ&pg=4750%2C6483941
1992_11_06_OsbournPark,John Kraus,krausjohn,1992,11/6/1992,Osbourn Park,osbournpark,Yellow Jackets,Home,Dr. Lloyd A. Busch Memorial Stadium,stafford_home02,Fredericksburg,Virginia,no,,,,,https://news.google.com/newspapers?id=MeFLAAAAIBAJ&sjid=fosDAAAAIBAJ&pg=5103%2C1028917
1992_11_13_NorthStafford,John Kraus,krausjohn,1992,11/13/1992,North Stafford,northstafford,Wolverines,Away,,northstafford_home01,Stafford,Virginia,no,,,,,https://news.google.com/newspapers?id=N-FLAAAAIBAJ&sjid=fosDAAAAIBAJ&pg=6660%2C2319127
1991_09_06_JamesMonroe,Tom Berry,berrytom,1991,9/6/1991,James Monroe,jamesmonroe,Yellow Jackets,Away,Maury Stadium,jamesmonroe_home01,Fredericksburg,Virginia,no,,,,,https://news.google.com/newspapers?id=tvdNAAAAIBAJ&sjid=OosDAAAAIBAJ&pg=3209%2C720556
1991_09_13_JamesWood,Tom Berry,berrytom,1991,9/13/1991,James Wood,jameswood,Colonels,Home,Dr. Lloyd A. Busch Memorial Stadium,stafford_home02,Fredericksburg,Virginia,no,,,,,https://news.google.com/newspapers?id=vPdNAAAAIBAJ&sjid=OosDAAAAIBAJ&pg=5173%2C1931365
1991_09_20_Fauquier,Tom Berry,berrytom,1991,9/20/1991,Fauquier,fauquier,Falcons,Away,Falcon Field,fauquier_home01,Warrenton,Virginia,no,,,,,https://news.google.com/newspapers?id=wvdNAAAAIBAJ&sjid=OosDAAAAIBAJ&pg=2797%2C3310663
1991_09_27_Chantilly,Tom Berry,berrytom,1991,9/27/1991,Chantilly,chantilly,Chargers,Home,Dr. Lloyd A. Busch Memorial Stadium,stafford_home02,Fredericksburg,Virginia,no,,,,,https://news.google.com/newspapers?id=yPdNAAAAIBAJ&sjid=OosDAAAAIBAJ&pg=7021%2C4481344
1991_10_04_StonewallJackson-Manassas,Tom Berry,berrytom,1991,10/4/1991,Stonewall Jackson-Manassas,unityreed,Raiders,Home,Dr. Lloyd A. Busch Memorial Stadium,stafford_home02,Fredericksburg,Virginia,no,,,,,https://news.google.com/newspapers?id=zN9LAAAAIBAJ&sjid=PIsDAAAAIBAJ&pg=4874%2C4813312
1991_10_11_GarField,Tom Berry,berrytom,1991,10/11/1991,Gar-Field,garfield,Indians,Away,Ralph L. Barnette Memorial Stadium,garfield_home02,Woodbridge,Virginia,no,,,,,https://news.google.com/newspapers?id=0t9LAAAAIBAJ&sjid=PIsDAAAAIBAJ&pg=3101%2C3468519
1991_10_18_Potomac,Tom Berry,berrytom,1991,10/18/1991,Potomac,potomac,Panthers,Away,Panther Stadium,potomac_home01,Dumfries,Virginia,no,,,,,https://news.google.com/newspapers?id=2N9LAAAAIBAJ&sjid=PIsDAAAAIBAJ&pg=2995%2C2263129
1991_10_25_Woodbridge,Tom Berry,berrytom,1991,10/25/1991,Woodbridge,woodbridge,Vikings,Home,Dr. Lloyd A. Busch Memorial Stadium,stafford_home02,Fredericksburg,Virginia,no,,,,,https://news.google.com/newspapers?id=3t9LAAAAIBAJ&sjid=PIsDAAAAIBAJ&pg=6520%2C963499
1991_11_01_OsbournPark,Tom Berry,berrytom,1991,11/1/1991,Osbourn Park,osbournpark,Yellow Jackets,Away,,osbournpark_home02,Manassas,Virginia,no,,,,,https://news.google.com/newspapers?id=4OwQAAAAIBAJ&sjid=FowDAAAAIBAJ&pg=4487%2C374992
1991_11_08_NorthStafford,Tom Berry,berrytom,1991,11/8/1991,North Stafford,northstafford,Wolverines,Home,Dr. Lloyd A. Busch Memorial Stadium,stafford_home02,Fredericksburg,Virginia,no,,,,,https://news.google.com/newspapers?id=pAFOAAAAIBAJ&sjid=FowDAAAAIBAJ&pg=4262%2C1681138
1990_09_07_JamesMonroe,Tom Berry,berrytom,1990,9/7/1990,James Monroe,jamesmonroe,Yellow Jackets,Home,Dr. Lloyd A. Busch Memorial Stadium,stafford_home02,Fredericksburg,Virginia,no,,,,Forfeit; Original Score: James Monroe 10-9,https://news.google.com/newspapers?id=I7FYAAAAIBAJ&sjid=NosDAAAAIBAJ&pg=2764%2C4519620
1990_09_14_JamesWood,Tom Berry,berrytom,1990,9/14/1990,James Wood,jameswood,Colonels,Away,,jameswood_home01,Winchester,Virginia,no,,,,,https://news.google.com/newspapers?id=KbFYAAAAIBAJ&sjid=NosDAAAAIBAJ&pg=1008%2C3128976
1990_09_21_Fauquier,Tom Berry,berrytom,1990,9/21/1990,Fauquier,fauquier,Falcons,Home,Dr. Lloyd A. Busch Memorial Stadium,stafford_home02,Fredericksburg,Virginia,no,,,,,https://news.google.com/newspapers?id=L7FYAAAAIBAJ&sjid=NosDAAAAIBAJ&pg=2684%2C1625863
1990_09_29_Chantilly,Tom Berry,berrytom,1990,9/29/1990,Chantilly,chantilly,Chargers,Away,,chantilly_home01,Chantilly,Virginia,no,,,,,https://news.google.com/newspapers?id=xP1NAAAAIBAJ&sjid=vYsDAAAAIBAJ&pg=3658%2C72108
1990_10_05_StonewallJackson-Manassas,Tom Berry,berrytom,1990,10/5/1990,Stonewall Jackson-Manassas,unityreed,Raiders,Away,,unityreed_home02,Manassas,Virginia,no,,,,,https://news.google.com/newspapers?id=yf1NAAAAIBAJ&sjid=vYsDAAAAIBAJ&pg=6784%2C1026976
1990_10_12_GarField,Tom Berry,berrytom,1990,10/12/1990,Gar-Field,garfield,Indians,Home,Dr. Lloyd A. Busch Memorial Stadium,stafford_home02,Fredericksburg,Virginia,no,,,,,https://news.google.com/newspapers?id=zP1NAAAAIBAJ&sjid=vYsDAAAAIBAJ&pg=5342%2C2433330
1990_10_19_Potomac,Tom Berry,berrytom,1990,10/19/1990,Potomac,potomac,Panthers,Home,Dr. Lloyd A. Busch Memorial Stadium,stafford_home02,Fredericksburg,Virginia,no,,,,,https://news.google.com/newspapers?id=0v1NAAAAIBAJ&sjid=vYsDAAAAIBAJ&pg=5205%2C3755508
1990_10_26_Woodbridge,Tom Berry,berrytom,1990,10/26/1990,Woodbridge,woodbridge,Vikings,Away,A.T. Howard Memorial Stadium,woodbridge_home02,Woodbridge,Virginia,no,,,,,https://news.google.com/newspapers?id=2P1NAAAAIBAJ&sjid=vYsDAAAAIBAJ&pg=7038%2C5091535
1990_11_02_OsbournPark,Tom Berry,berrytom,1990,11/2/1990,Osbourn Park,osbournpark,Yellow Jackets,Home,Dr. Lloyd A. Busch Memorial Stadium,stafford_home02,Fredericksburg,Virginia,no,,,,,https://news.google.com/newspapers?id=B2UQAAAAIBAJ&sjid=I4wDAAAAIBAJ&pg=6829%2C485138
1990_11_09_NorthStafford,Tom Berry,berrytom,1990,11/9/1990,North Stafford,northstafford,Wolverines,Away,,northstafford_home01,Stafford,Virginia,no,,,,,https://news.google.com/newspapers?id=NwJOAAAAIBAJ&sjid=I4wDAAAAIBAJ&pg=3928%2C1834141
1989_09_01_JamesMonroe,Tom Berry,berrytom,1989,9/1/1989,James Monroe,jamesmonroe,Yellow Jackets,Home,Dr. Lloyd A. Busch Memorial Stadium,stafford_home02,Fredericksburg,Virginia,no,,,,,https://news.google.com/newspapers?id=phwQAAAAIBAJ&sjid=uosDAAAAIBAJ&pg=1992%2C331995
1989_09_08_Spotsylvania,Tom Berry,berrytom,1989,9/8/1989,Spotsylvania,spotsylvania,Knights,Away,,spotsylvania_home02,Spotsylvania Courthouse,Virginia,no,,,,,https://news.google.com/newspapers?id=qxwQAAAAIBAJ&sjid=uosDAAAAIBAJ&pg=6786%2C1566022
1989_09_15_Woodbridge,Tom Berry,berrytom,1989,9/15/1989,Woodbridge,woodbridge,Vikings,Away,A.T. Howard Memorial Stadium,woodbridge_home02,Woodbridge,Virginia,no,,,,,https://news.google.com/newspapers?id=sRwQAAAAIBAJ&sjid=uosDAAAAIBAJ&pg=5277%2C2907593
1989_09_25_GarField,Tom Berry,berrytom,1989,9/25/1989,Gar-Field,garfield,Indians,Home,Dr. Lloyd A. Busch Memorial Stadium,stafford_home02,Fredericksburg,Virginia,no,,,,,https://news.google.com/newspapers?id=uRwQAAAAIBAJ&sjid=uosDAAAAIBAJ&pg=4714%2C5004596
1989_09_29_OsbournPark,Tom Berry,berrytom,1989,9/29/1989,Osbourn Park,osbournpark,Yellow Jackets,Away,,osbournpark_home02,Manassas,Virginia,no,,,,,https://news.google.com/newspapers?id=vRwQAAAAIBAJ&sjid=uosDAAAAIBAJ&pg=2912%2C5958392
1989_10_13_JamesWood,Tom Berry,berrytom,1989,10/13/1989,James Wood,jameswood,Colonels,Home,Dr. Lloyd A. Busch Memorial Stadium,stafford_home02,Fredericksburg,Virginia,no,,,,,https://news.google.com/newspapers?id=teVLAAAAIBAJ&sjid=xYsDAAAAIBAJ&pg=927%2C3582864
1989_10_20_Fauquier,Tom Berry,berrytom,1989,10/20/1989,Fauquier,fauquier,Falcons,Home,Dr. Lloyd A. Busch Memorial Stadium,stafford_home02,Fredericksburg,Virginia,no,,,,,https://news.google.com/newspapers?id=u-VLAAAAIBAJ&sjid=xYsDAAAAIBAJ&pg=2638%2C2153679
1989_10_27_StonewallJackson-Manassas,Tom Berry,berrytom,1989,10/27/1989,Stonewall Jackson-Manassas,unityreed,Raiders,Away,,unityreed_home02,Manassas,Virginia,no,,,,,https://news.google.com/newspapers?id=weVLAAAAIBAJ&sjid=xYsDAAAAIBAJ&pg=4686%2C669469
1989_11_03_Potomac,Tom Berry,berrytom,1989,11/3/1989,Potomac,potomac,Panthers,Away,Panther Stadium,potomac_home01,Dumfries,Virginia,no,,,,,https://news.google.com/newspapers?id=wPtNAAAAIBAJ&sjid=eosDAAAAIBAJ&pg=3279%2C727709
1989_11_10_NorthStafford,Tom Berry,berrytom,1989,11/10/1989,North Stafford,northstafford,Wolverines,Home,Dr. Lloyd A. Busch Memorial Stadium,stafford_home02,Fredericksburg,Virginia,no,,,,,https://news.google.com/newspapers?id=xvtNAAAAIBAJ&sjid=eosDAAAAIBAJ&pg=4675%2C2214513
1988_09_02_JamesMonroe,Tom Berry,berrytom,1988,9/2/1988,James Monroe,jamesmonroe,Yellow Jackets,Away,Maury Stadium,jamesmonroe_home01,Fredericksburg,Virginia,no,1,,,,https://www.newspapers.com/image/1142291426/?match=3&terms=james%20monroe
1988_09_09_Spotsylvania,Tom Berry,berrytom,1988,9/9/1988,Spotsylvania,spotsylvania,Knights,Home,Dr. Lloyd A. Busch Memorial Stadium,stafford_home02,Fredericksburg,Virginia,no,,,,,https://www.newspapers.com/image/1142291700/?match=1&terms=spotsylvania%20knights
1988_09_16_Woodbridge,Tom Berry,berrytom,1988,9/16/1988,Woodbridge,woodbridge,Vikings,Home,Dr. Lloyd A. Busch Memorial Stadium,stafford_home02,Fredericksburg,Virginia,no,,,,,https://www.newspapers.com/image/1142292348/?match=1&terms=woodbridge
1988_09_23_GarField,Tom Berry,berrytom,1988,9/23/1988,Gar-Field,garfield,Indians,Away,Ralph L. Barnette Memorial Stadium,garfield_home02,Woodbridge,Virginia,no,,,,,https://www.newspapers.com/image/1142293079/?match=11&terms=gar-field
1988_09_30_OsbournPark,Tom Berry,berrytom,1988,9/30/1988,Osbourn Park,osbournpark,Yellow Jackets,Home,Dr. Lloyd A. Busch Memorial Stadium,stafford_home02,Fredericksburg,Virginia,no,,,,,https://news.google.com/newspapers?id=LA4QAAAAIBAJ&sjid=q4sDAAAAIBAJ&pg=7012%2C66268
1988_10_14_JamesWood,Tom Berry,berrytom,1988,10/14/1988,James Wood,jameswood,Colonels,Away,,jameswood_home01,Winchester,Virginia,no,,,,,https://news.google.com/newspapers?id=dPxNAAAAIBAJ&sjid=q4sDAAAAIBAJ&pg=7048%2C2861412
1988_10_22_Fauquier,Tom Berry,berrytom,1988,10/22/1988,Fauquier,fauquier,Falcons,Away,Falcon Field,fauquier_home01,Warrenton,Virginia,no,,,,,https://news.google.com/newspapers?id=e_xNAAAAIBAJ&sjid=q4sDAAAAIBAJ&pg=7007%2C4630759
1988_10_28_StonewallJackson-Manassas,Tom Berry,berrytom,1988,10/28/1988,Stonewall Jackson-Manassas,unityreed,Raiders,Home,Dr. Lloyd A. Busch Memorial Stadium,stafford_home02,Fredericksburg,Virginia,no,,,,,https://news.google.com/newspapers?id=gPxNAAAAIBAJ&sjid=q4sDAAAAIBAJ&pg=7043%2C5568251
1988_11_04_Potomac,Tom Berry,berrytom,1988,11/4/1988,Potomac,potomac,Panthers,Home,Dr. Lloyd A. Busch Memorial Stadium,stafford_home02,Fredericksburg,Virginia,no,,,,,https://news.google.com/newspapers?id=pvpNAAAAIBAJ&sjid=fIsDAAAAIBAJ&pg=5009%2C882690
1988_11_11_NorthStafford,Tom Berry,berrytom,1988,11/11/1988,North Stafford,northstafford,Wolverines,Away,,northstafford_home01,Stafford,Virginia,no,,,,,https://news.google.com/newspapers?id=rPpNAAAAIBAJ&sjid=fIsDAAAAIBAJ&pg=4208%2C2321907
1987_09_04_JamesMonroe,Tom Berry,berrytom,1987,9/4/1987,James Monroe,jamesmonroe,Yellow Jackets,Home,Dr. Lloyd A. Busch Memorial Stadium,stafford_home02,Fredericksburg,Virginia,no,,,,,https://news.google.com/newspapers?id=--JLAAAAIBAJ&sjid=vIsDAAAAIBAJ&pg=5668%2C4905181
1987_09_11_Woodbridge,Tom Berry,berrytom,1987,9/11/1987,Woodbridge,woodbridge,Vikings,Away,A.T. Howard Memorial Stadium,woodbridge_home02,Woodbridge,Virginia,no,,,,,https://news.google.com/newspapers?id=AONLAAAAIBAJ&sjid=vIsDAAAAIBAJ&pg=1248%2C3707465
1987_09_18_GarField,Tom Berry,berrytom,1987,9/18/1987,Gar-Field,garfield,Indians,Home,Dr. Lloyd A. Busch Memorial Stadium,stafford_home02,Fredericksburg,Virginia,no,,,,,https://news.google.com/newspapers?id=BuNLAAAAIBAJ&sjid=vIsDAAAAIBAJ&pg=5826%2C2381723
1987_09_25_OsbournPark,Tom Berry,berrytom,1987,9/25/1987,Osbourn Park,osbournpark,Yellow Jackets,Away,,osbournpark_home02,Manassas,Virginia,no,,,,,https://news.google.com/newspapers?id=DONLAAAAIBAJ&sjid=vIsDAAAAIBAJ&pg=1216%2C833178
1987_10_02_Courtland,Tom Berry,berrytom,1987,10/2/1987,Courtland,courtland,Cougars,Away,,courtland_home01,Spotsylvania Courthouse,Virginia,no,,,,,https://news.google.com/newspapers?id=PgNOAAAAIBAJ&sjid=LYwDAAAAIBAJ&pg=5499%2C6197090
1987_10_09_JamesWood,Tom Berry,berrytom,1987,10/9/1987,James Wood,jameswood,Colonels,Home,Dr. Lloyd A. Busch Memorial Stadium,stafford_home02,Fredericksburg,Virginia,no,,,,,https://news.google.com/newspapers?id=RANOAAAAIBAJ&sjid=LYwDAAAAIBAJ&pg=1143%2C4804720
1987_10_16_Fauquier,Tom Berry,berrytom,1987,10/16/1987,Fauquier,fauquier,Falcons,Home,Dr. Lloyd A. Busch Memorial Stadium,stafford_home02,Fredericksburg,Virginia,no,,,,,https://news.google.com/newspapers?id=SgNOAAAAIBAJ&sjid=LYwDAAAAIBAJ&pg=1115%2C3366875
1987_10_23_StonewallJackson-Manassas,Tom Berry,berrytom,1987,10/23/1987,Stonewall Jackson-Manassas,unityreed,Raiders,Away,,unityreed_home02,Manassas,Virginia,no,,,,,https://news.google.com/newspapers?id=UANOAAAAIBAJ&sjid=LYwDAAAAIBAJ&pg=5654%2C2014280
1987_10_30_Potomac,Tom Berry,berrytom,1987,10/30/1987,Potomac,potomac,Panthers,Away,Panther Stadium,potomac_home01,Dumfries,Virginia,no,,,,,https://news.google.com/newspapers?id=VgNOAAAAIBAJ&sjid=LYwDAAAAIBAJ&pg=4781%2C350019
1987_11_06_NorthStafford,Tom Berry,berrytom,1987,11/6/1987,North Stafford,northstafford,Wolverines,Home,Dr. Lloyd A. Busch Memorial Stadium,stafford_home02,Fredericksburg,Virginia,no,,,,,https://news.google.com/newspapers?id=h_hNAAAAIBAJ&sjid=U4sDAAAAIBAJ&pg=2279%2C1078742
1986_09_05_JamesMonroe,Tom Berry,berrytom,1986,9/5/1986,James Monroe,jamesmonroe,Yellow Jackets,Away,Maury Stadium,jamesmonroe_home01,Fredericksburg,Virginia,no,,,,,https://news.google.com/newspapers?id=YuFLAAAAIBAJ&sjid=kYsDAAAAIBAJ&pg=6478%2C747661
1986_09_12_Woodbridge,Tom Berry,berrytom,1986,9/12/1986,Woodbridge,woodbridge,Vikings,Home,Dr. Lloyd A. Busch Memorial Stadium,stafford_home02,Fredericksburg,Virginia,no,,,,,https://news.google.com/newspapers?id=Z-FLAAAAIBAJ&sjid=kYsDAAAAIBAJ&pg=6789%2C1997985
1986_09_19_GarField,Tom Berry,berrytom,1986,9/19/1986,Gar-Field,garfield,Indians,Away,Ralph L. Barnette Memorial Stadium,garfield_home02,Woodbridge,Virginia,no,,,,,https://news.google.com/newspapers?id=beFLAAAAIBAJ&sjid=kYsDAAAAIBAJ&pg=4817%2C3259201
1986_09_26_OsbournPark,Tom Berry,berrytom,1986,9/26/1986,Osbourn Park,osbournpark,Yellow Jackets,Home,Dr. Lloyd A. Busch Memorial Stadium,stafford_home02,Fredericksburg,Virginia,no,,,,,https://news.google.com/newspapers?id=c-FLAAAAIBAJ&sjid=kYsDAAAAIBAJ&pg=5192%2C4658600
1986_10_03_Courtland,Tom Berry,berrytom,1986,10/3/1986,Courtland,courtland,Cougars,Home,Dr. Lloyd A. Busch Memorial Stadium,stafford_home02,Fredericksburg,Virginia,no,,,,,https://news.google.com/newspapers?id=_4MwAAAAIBAJ&sjid=YosDAAAAIBAJ&pg=6967%2C703943
1986_10_10_JamesWood,Tom Berry,berrytom,1986,10/10/1986,James Wood,jameswood,Colonels,Away,,jameswood_home01,Winchester,Virginia,no,,,,,https://news.google.com/newspapers?id=BYQwAAAAIBAJ&sjid=YosDAAAAIBAJ&pg=5375%2C2036256
1986_10_17_Fauquier,Tom Berry,berrytom,1986,10/17/1986,Fauquier,fauquier,Falcons,Away,Falcon Field,fauquier_home01,Warrenton,Virginia,no,,,,,https://news.google.com/newspapers?id=C4QwAAAAIBAJ&sjid=YosDAAAAIBAJ&pg=7147%2C3345551
1986_10_24_StonewallJackson-Manassas,Tom Berry,berrytom,1986,10/24/1986,Stonewall Jackson-Manassas,unityreed,Raiders,Home,Dr. Lloyd A. Busch Memorial Stadium,stafford_home02,Fredericksburg,Virginia,no,,,,,https://news.google.com/newspapers?id=EYQwAAAAIBAJ&sjid=YosDAAAAIBAJ&pg=3751%2C4607830
1986_10_31_Potomac,Tom Berry,berrytom,1986,10/31/1986,Potomac,potomac,Panthers,Home,Dr. Lloyd A. Busch Memorial Stadium,stafford_home02,Fredericksburg,Virginia,no,,,,,https://news.google.com/newspapers?id=We0QAAAAIBAJ&sjid=F4wDAAAAIBAJ&pg=6756%2C48358
1986_11_07_NorthStafford,Tom Berry,berrytom,1986,11/7/1986,North Stafford,northstafford,Wolverines,Away,,northstafford_home01,Stafford,Virginia,no,,,,,https://news.google.com/newspapers?id=TedLAAAAIBAJ&sjid=F4wDAAAAIBAJ&pg=3358%2C1314716
1985_08_30_Spotsylvania,Tom Berry,berrytom,1985,8/30/1985,Spotsylvania,spotsylvania,Knights,Home,Dr. Lloyd A. Busch Memorial Stadium,stafford_home02,Fredericksburg,Virginia,no,,,,,https://news.google.com/newspapers?id=d_tNAAAAIBAJ&sjid=jYsDAAAAIBAJ&pg=2797%2C5131782
1985_09_06_JamesMonroe,Tom Berry,berrytom,1985,9/6/1985,James Monroe,jamesmonroe,Yellow Jackets,Home,Dr. Lloyd A. Busch Memorial Stadium,stafford_home02,Fredericksburg,Virginia,no,,,,,https://news.google.com/newspapers?id=lc8vAAAAIBAJ&sjid=1Y0DAAAAIBAJ&pg=4161%2C696327
1985_09_13_Woodbridge,Tom Berry,berrytom,1985,9/13/1985,Woodbridge,woodbridge,Vikings,Away,A.T. Howard Memorial Stadium,woodbridge_home02,Woodbridge,Virginia,no,,,,,https://news.google.com/newspapers?id=m88vAAAAIBAJ&sjid=1Y0DAAAAIBAJ&pg=2102%2C1886229
1985_09_20_GarField,Tom Berry,berrytom,1985,9/20/1985,Gar-Field,garfield,Indians,Home,Dr. Lloyd A. Busch Memorial Stadium,stafford_home02,Fredericksburg,Virginia,no,,,,,https://news.google.com/newspapers?id=oc8vAAAAIBAJ&sjid=1Y0DAAAAIBAJ&pg=3026%2C3245730
1985_09_30_OsbournPark,Tom Berry,berrytom,1985,9/30/1985,Osbourn Park,osbournpark,Yellow Jackets,Away,,osbournpark_home02,Manassas,Virginia,no,,,,,https://news.google.com/newspapers?id=PP5NAAAAIBAJ&sjid=zosDAAAAIBAJ&pg=4752%2C5219140
1985_10_11_JamesWood,Tom Berry,berrytom,1985,10/11/1985,James Wood,jameswood,Colonels,Home,Dr. Lloyd A. Busch Memorial Stadium,stafford_home02,Fredericksburg,Virginia,no,,,,,https://news.google.com/newspapers?id=Rv5NAAAAIBAJ&sjid=zosDAAAAIBAJ&pg=5405%2C3327449
1985_10_18_Fauquier,Tom Berry,berrytom,1985,10/18/1985,Fauquier,fauquier,Falcons,Home,Dr. Lloyd A. Busch Memorial Stadium,stafford_home02,Fredericksburg,Virginia,no,,,,,https://news.google.com/newspapers?id=TP5NAAAAIBAJ&sjid=zosDAAAAIBAJ&pg=5009%2C2126572
1985_10_25_StonewallJackson-Manassas,Tom Berry,berrytom,1985,10/25/1985,Stonewall Jackson-Manassas,unityreed,Raiders,Away,,unityreed_home02,Manassas,Virginia,no,,,,,https://news.google.com/newspapers?nid=9fRKRCJz75UC&dat=19851026&printsec=frontpage&hl=en
1985_11_01_Potomac,Tom Berry,berrytom,1985,11/1/1985,Potomac,potomac,Panthers,Away,Panther Stadium,potomac_home01,Dumfries,Virginia,no,,,,,https://news.google.com/newspapers?id=mP1NAAAAIBAJ&sjid=u4sDAAAAIBAJ&pg=6339%2C211440
1985_11_08_NorthStafford,Tom Berry,berrytom,1985,11/8/1985,North Stafford,northstafford,Wolverines,Home,Dr. Lloyd A. Busch Memorial Stadium,stafford_home02,Fredericksburg,Virginia,no,,,,,https://news.google.com/newspapers?id=nv1NAAAAIBAJ&sjid=u4sDAAAAIBAJ&pg=3194%2C1481058
1984_08_31_Spotsylvania,Tom Berry,berrytom,1984,8/31/1984,Spotsylvania,spotsylvania,Knights,Home,Dr. Lloyd A. Busch Memorial Stadium,stafford_home02,Fredericksburg,Virginia,no,,,,,https://news.google.com/newspapers?id=bOJLAAAAIBAJ&sjid=x4sDAAAAIBAJ&pg=2642%2C41623
1984_09_07_JamesMonroe,Tom Berry,berrytom,1984,9/7/1984,James Monroe,jamesmonroe,Yellow Jackets,Away,Maury Stadium,jamesmonroe_home01,Fredericksburg,Virginia,no,,,,,https://news.google.com/newspapers?id=ceJLAAAAIBAJ&sjid=x4sDAAAAIBAJ&pg=4501%2C1086446
1984_09_14_Woodbridge,Tom Berry,berrytom,1984,9/14/1984,Woodbridge,woodbridge,Vikings,Home,Dr. Lloyd A. Busch Memorial Stadium,stafford_home02,Fredericksburg,Virginia,no,,,,,https://news.google.com/newspapers?id=d-JLAAAAIBAJ&sjid=x4sDAAAAIBAJ&pg=2404%2C2161677
1984_09_21_GarField,Tom Berry,berrytom,1984,9/21/1984,Gar-Field,garfield,Indians,Away,Ralph L. Barnette Memorial Stadium,garfield_home02,Woodbridge,Virginia,no,,,,,https://news.google.com/newspapers?id=feJLAAAAIBAJ&sjid=x4sDAAAAIBAJ&pg=3038%2C3451910
1984_09_28_OsbournPark,Tom Berry,berrytom,1984,9/28/1984,Osbourn Park,osbournpark,Yellow Jackets,Home,Dr. Lloyd A. Busch Memorial Stadium,stafford_home02,Fredericksburg,Virginia,no,,,,,https://news.google.com/newspapers?id=g-JLAAAAIBAJ&sjid=x4sDAAAAIBAJ&pg=6740%2C4584820
1984_10_12_JamesWood,Tom Berry,berrytom,1984,10/12/1984,James Wood,jameswood,Colonels,Away,,jameswood_home01,Winchester,Virginia,no,,,,,https://news.google.com/newspapers?id=CAFOAAAAIBAJ&sjid=-YsDAAAAIBAJ&pg=2007%2C1902601
1984_10_19_Fauquier,Tom Berry,berrytom,1984,10/19/1984,Fauquier,fauquier,Falcons,Away,Falcon Field,fauquier_home01,Warrenton,Virginia,no,,,,,https://news.google.com/newspapers?id=DgFOAAAAIBAJ&sjid=-YsDAAAAIBAJ&pg=6680%2C3127307
1984_10_26_StonewallJackson-Manassas,Tom Berry,berrytom,1984,10/26/1984,Stonewall Jackson-Manassas,unityreed,Raiders,Home,Dr. Lloyd A. Busch Memorial Stadium,stafford_home02,Fredericksburg,Virginia,no,,,,,https://news.google.com/newspapers?id=FAFOAAAAIBAJ&sjid=-YsDAAAAIBAJ&pg=6652%2C4227366
1984_11_02_Potomac,Tom Berry,berrytom,1984,11/2/1984,Potomac,potomac,Panthers,Home,Dr. Lloyd A. Busch Memorial Stadium,stafford_home02,Fredericksburg,Virginia,no,,,,,https://news.google.com/newspapers?id=AeNNAAAAIBAJ&sjid=ZosDAAAAIBAJ&pg=5700%2C379345
1984_11_09_NorthStafford,Tom Berry,berrytom,1984,11/9/1984,North Stafford,northstafford,Wolverines,Away,,northstafford_home01,Stafford,Virginia,no,,,,,https://news.google.com/newspapers?id=B-NNAAAAIBAJ&sjid=ZosDAAAAIBAJ&pg=4712%2C1553840
1983_09_02_JamesMonroe,Tom Berry,berrytom,1983,9/2/1983,James Monroe,jamesmonroe,Yellow Jackets,Home,Dr. Lloyd A. Busch Memorial Stadium,stafford_home02,Fredericksburg,Virginia,no,,,,,https://news.google.com/newspapers?id=2-FNAAAAIBAJ&sjid=SosDAAAAIBAJ&pg=6422%2C641310
1983_09_09_Spotsylvania,Tom Berry,berrytom,1983,9/9/1983,Spotsylvania,spotsylvania,Knights,Away,,spotsylvania_home02,Spotsylvania Courthouse,Virginia,no,,,600,,https://news.google.com/newspapers?id=4OFNAAAAIBAJ&sjid=SosDAAAAIBAJ&pg=2164%2C1537585
1983_09_16_Courtland,Tom Berry,berrytom,1983,9/16/1983,Courtland,courtland,Cougars,Away,,courtland_home01,Spotsylvania Courthouse,Virginia,no,,,,,https://news.google.com/newspapers?id=5uFNAAAAIBAJ&sjid=SosDAAAAIBAJ&pg=5266%2C2565870
1983_09_23_GarField,Tom Berry,berrytom,1983,9/23/1983,Gar-Field,garfield,Indians,Home,Dr. Lloyd A. Busch Memorial Stadium,stafford_home02,Fredericksburg,Virginia,no,,,,,https://news.google.com/newspapers?id=7OFNAAAAIBAJ&sjid=SosDAAAAIBAJ&pg=4799%2C3766992
1983_10_01_Potomac,Tom Berry,berrytom,1983,10/1/1983,Potomac,potomac,Panthers,Away,Panther Stadium,potomac_home01,Dumfries,Virginia,no,,,,,https://news.google.com/newspapers?id=IOJLAAAAIBAJ&sjid=wYsDAAAAIBAJ&pg=6633%2C353716
1983_10_07_JamesWood,Tom Berry,berrytom,1983,10/7/1983,James Wood,jameswood,Colonels,Home,Dr. Lloyd A. Busch Memorial Stadium,stafford_home02,Fredericksburg,Virginia,no,,,,,https://news.google.com/newspapers?id=JeJLAAAAIBAJ&sjid=wYsDAAAAIBAJ&pg=6704%2C1145895
1983_10_14_Woodbridge,Tom Berry,berrytom,1983,10/14/1983,Woodbridge,woodbridge,Vikings,Away,A.T. Howard Memorial Stadium,woodbridge_home02,Woodbridge,Virginia,no,,,,,https://news.google.com/newspapers?id=K-JLAAAAIBAJ&sjid=wYsDAAAAIBAJ&pg=2021%2C2302495
1983_10_22_Fauquier,Tom Berry,berrytom,1983,10/22/1983,Fauquier,fauquier,Falcons,Home,Dr. Lloyd A. Busch Memorial Stadium,stafford_home02,Fredericksburg,Virginia,no,,,250,,https://news.google.com/newspapers?id=WQ4QAAAAIBAJ&sjid=wYsDAAAAIBAJ&pg=4395%2C3705569
1983_10_28_StonewallJackson-Manassas,Tom Berry,berrytom,1983,10/28/1983,Stonewall Jackson-Manassas,unityreed,Raiders,Away,,unityreed_home02,Manassas,Virginia,no,,,,,https://news.google.com/newspapers?id=LOJLAAAAIBAJ&sjid=wYsDAAAAIBAJ&pg=6729%2C4550660
1983_11_04_NorthStafford,Tom Berry,berrytom,1983,11/4/1983,North Stafford,northstafford,Wolverines,Home,Dr. Lloyd A. Busch Memorial Stadium,stafford_home02,Fredericksburg,Virginia,no,,,,,https://news.google.com/newspapers?nid=9fRKRCJz75UC&dat=19831105&printsec=frontpage&hl=en
1982_09_03_JamesMonroe,Tom Berry,berrytom,1982,9/3/1982,James Monroe,jamesmonroe,Yellow Jackets,Away,Maury Stadium,jamesmonroe_home01,Fredericksburg,Virginia,no,,,,,https://news.google.com/newspapers?id=jQdfAAAAIBAJ&sjid=FYwDAAAAIBAJ&pg=6693%2C760371
1982_09_10_Spotsylvania,Tom Berry,berrytom,1982,9/10/1982,Spotsylvania,spotsylvania,Knights,Home,Dr. Lloyd A. Busch Memorial Stadium,stafford_home02,Fredericksburg,Virginia,no,,,700,,https://news.google.com/newspapers?id=kgdfAAAAIBAJ&sjid=FYwDAAAAIBAJ&pg=4835%2C1659255
1982_09_17_Courtland,Tom Berry,berrytom,1982,9/17/1982,Courtland,courtland,Cougars,Home,Dr. Lloyd A. Busch Memorial Stadium,stafford_home02,Fredericksburg,Virginia,no,,,,,https://news.google.com/newspapers?id=mAdfAAAAIBAJ&sjid=FYwDAAAAIBAJ&pg=3056%2C2593601
1982_09_24_GarField,Tom Berry,berrytom,1982,9/24/1982,Gar-Field,garfield,Indians,Away,Ralph L. Barnette Memorial Stadium,garfield_home02,Woodbridge,Virginia,no,,,,,https://news.google.com/newspapers?id=ngdfAAAAIBAJ&sjid=FYwDAAAAIBAJ&pg=4571%2C3741908
1982_10_01_Potomac,Tom Berry,berrytom,1982,10/1/1982,Potomac,potomac,Panthers,Home,Dr. Lloyd A. Busch Memorial Stadium,stafford_home02,Fredericksburg,Virginia,no,,,,,https://news.google.com/newspapers?id=vh1WAAAAIBAJ&sjid=EeQDAAAAIBAJ&pg=2957%2C158712
1982_10_08_JamesWood,Tom Berry,berrytom,1982,10/8/1982,James Wood,jameswood,Colonels,Away,,jameswood_home01,Winchester,Virginia,no,,,,,https://news.google.com/newspapers?id=xB1WAAAAIBAJ&sjid=EeQDAAAAIBAJ&pg=5973%2C1124262
1982_10_15_Woodbridge,Tom Berry,berrytom,1982,10/15/1982,Woodbridge,woodbridge,Vikings,Home,Dr. Lloyd A. Busch Memorial Stadium,stafford_home02,Fredericksburg,Virginia,no,,,400,,https://news.google.com/newspapers?id=yh1WAAAAIBAJ&sjid=EeQDAAAAIBAJ&pg=2581%2C2114235
1982_10_22_Fauquier,Tom Berry,berrytom,1982,10/22/1982,Fauquier,fauquier,Falcons,Away,Falcon Field,fauquier_home01,Warrenton,Virginia,no,,,,,https://news.google.com/newspapers?id=zx1WAAAAIBAJ&sjid=EeQDAAAAIBAJ&pg=6077%2C3051528
1982_10_29_StonewallJackson-Manassas,Tom Berry,berrytom,1982,10/29/1982,Stonewall Jackson-Manassas,unityreed,Raiders,Home,Dr. Lloyd A. Busch Memorial Stadium,stafford_home02,Fredericksburg,Virginia,no,,,,,https://news.google.com/newspapers?id=1R1WAAAAIBAJ&sjid=EeQDAAAAIBAJ&pg=6106%2C3960475
1982_11_05_NorthStafford,Tom Berry,berrytom,1982,11/5/1982,North Stafford,northstafford,Wolverines,Away,,northstafford_home01,Stafford,Virginia,no,,,2200,First Battle for the Victory Bell,https://news.google.com/newspapers?id=kOBNAAAAIBAJ&sjid=H4sDAAAAIBAJ&pg=6702%2C784234
1981_09_04_JamesMonroe,Terry Hoggatt,hoggattterry,1981,9/4/1981,James Monroe,jamesmonroe,Yellow Jackets,Home,Dr. Lloyd A. Busch Memorial Stadium,stafford_home02,Fredericksburg,Virginia,no,,,,,https://news.google.com/newspapers?id=SeRLAAAAIBAJ&sjid=EIsDAAAAIBAJ&pg=3665%2C738758
1981_09_11_Groveton,Terry Hoggatt,hoggattterry,1981,9/11/1981,Groveton,groveton,Tigers,Home,Dr. Lloyd A. Busch Memorial Stadium,stafford_home02,Fredericksburg,Virginia,no,,,,,https://news.google.com/newspapers?id=kBoQAAAAIBAJ&sjid=EIsDAAAAIBAJ&pg=6737%2C1689609
1981_09_18_Fauquier,Terry Hoggatt,hoggattterry,1981,9/18/1981,Fauquier,fauquier,Falcons,Away,Falcon Field,fauquier_home01,Warrenton,Virginia,no,,,,,https://news.google.com/newspapers?id=SuRLAAAAIBAJ&sjid=EIsDAAAAIBAJ&pg=2008%2C2681636
1981_09_25_GarField,Terry Hoggatt,hoggattterry,1981,9/25/1981,Gar-Field,garfield,Indians,Home,Dr. Lloyd A. Busch Memorial Stadium,stafford_home02,Fredericksburg,Virginia,no,,,,,https://news.google.com/newspapers?id=UORLAAAAIBAJ&sjid=EIsDAAAAIBAJ&pg=6712%2C3911600
1981_10_02_Potomac,Terry Hoggatt,hoggattterry,1981,10/2/1981,Potomac,potomac,Panthers,Away,Panther Stadium,potomac_home01,Dumfries,Virginia,no,,,,,https://news.google.com/newspapers?id=ZeNNAAAAIBAJ&sjid=m4sDAAAAIBAJ&pg=6831%2C454255
1981_10_09_JamesWood,Terry Hoggatt,hoggattterry,1981,10/9/1981,James Wood,jameswood,Colonels,Home,Dr. Lloyd A. Busch Memorial Stadium,stafford_home02,Fredericksburg,Virginia,no,,,,,https://news.google.com/newspapers?id=a-NNAAAAIBAJ&sjid=m4sDAAAAIBAJ&pg=6902%2C1681000
1981_10_16_Woodbridge,Terry Hoggatt,hoggattterry,1981,10/16/1981,Woodbridge,woodbridge,Vikings,Away,A.T. Howard Memorial Stadium,woodbridge_home02,Woodbridge,Virginia,no,,,,,https://news.google.com/newspapers?id=ceNNAAAAIBAJ&sjid=m4sDAAAAIBAJ&pg=6922%2C3018621
1981_10_24_Courtland,Terry Hoggatt,hoggattterry,1981,10/24/1981,Courtland,courtland,Cougars,Away,,courtland_home01,Spotsylvania Courthouse,Virginia,no,,,,,https://news.google.com/newspapers?id=eONNAAAAIBAJ&sjid=m4sDAAAAIBAJ&pg=2074%2C4516275
1981_10_30_StonewallJackson-Manassas,Terry Hoggatt,hoggattterry,1981,10/30/1981,Stonewall Jackson-Manassas,unityreed,Raiders,Away,,unityreed_home02,Manassas,Virginia,no,,,,,https://news.google.com/newspapers?id=feNNAAAAIBAJ&sjid=m4sDAAAAIBAJ&pg=5449%2C5469705
1981_11_06_CaveSpring,Terry Hoggatt,hoggattterry,1981,11/6/1981,Cave Spring,cavespring,Knights,Home,Dr. Lloyd A. Busch Memorial Stadium,stafford_home02,Fredericksburg,Virginia,no,,,,,https://news.google.com/newspapers?id=E_pNAAAAIBAJ&sjid=dosDAAAAIBAJ&pg=5204%2C1130927
1980_09_05_JamesMonroe,Terry Hoggatt,hoggattterry,1980,9/5/1980,James Monroe,jamesmonroe,Yellow Jackets,Away,Maury Stadium,jamesmonroe_home01,Fredericksburg,Virginia,no,,,,,https://news.google.com/newspapers?id=9uBLAAAAIBAJ&sjid=sosDAAAAIBAJ&pg=5638%2C1028316
1980_09_12_Groveton,Terry Hoggatt,hoggattterry,1980,9/12/1980,Groveton,groveton,Tigers,Away,,westpotomac_home01,Alexandria,Virginia,no,,,,,https://news.google.com/newspapers?id=_OBLAAAAIBAJ&sjid=sosDAAAAIBAJ&pg=5583%2C2110455
1980_09_19_Fauquier,Terry Hoggatt,hoggattterry,1980,9/19/1980,Fauquier,fauquier,Falcons,Home,Dr. Lloyd A. Busch Memorial Stadium,stafford_home02,Fredericksburg,Virginia,no,,,,,https://news.google.com/newspapers?id=AuFLAAAAIBAJ&sjid=sosDAAAAIBAJ&pg=6882%2C3214652
1980_09_26_GarField,Terry Hoggatt,hoggattterry,1980,9/26/1980,Gar-Field,garfield,Indians,Away,Ralph L. Barnette Memorial Stadium,garfield_home02,Woodbridge,Virginia,no,,,,Richie Alstaetter school record 39-yard field goal,https://news.google.com/newspapers?id=COFLAAAAIBAJ&sjid=sosDAAAAIBAJ&pg=5728%2C4256015
1980_10_04_BishopIreton,Terry Hoggatt,hoggattterry,1980,10/4/1980,Bishop Ireton,bishopireton,Cardinals,Home,Dr. Lloyd A. Busch Memorial Stadium,stafford_home02,Fredericksburg,Virginia,no,,,,,https://news.google.com/newspapers?id=NuNNAAAAIBAJ&sjid=lYsDAAAAIBAJ&pg=1179%2C3974235
1980_10_10_JamesWood,Terry Hoggatt,hoggattterry,1980,10/10/1980,James Wood,jameswood,Colonels,Away,,jameswood_home01,Winchester,Virginia,no,,,,,https://news.google.com/newspapers?id=O-NNAAAAIBAJ&sjid=lYsDAAAAIBAJ&pg=2813%2C3103405
1980_10_17_Woodbridge,Terry Hoggatt,hoggattterry,1980,10/17/1980,Woodbridge,woodbridge,Vikings,Home,Dr. Lloyd A. Busch Memorial Stadium,stafford_home02,Fredericksburg,Virginia,no,,,,,https://news.google.com/newspapers?id=QeNNAAAAIBAJ&sjid=lYsDAAAAIBAJ&pg=1233%2C2032666
1980_10_24_Courtland,Terry Hoggatt,hoggattterry,1980,10/24/1980,Courtland,courtland,Cougars,Home,Dr. Lloyd A. Busch Memorial Stadium,stafford_home02,Fredericksburg,Virginia,no,,,,,https://news.google.com/newspapers?id=R-NNAAAAIBAJ&sjid=lYsDAAAAIBAJ&pg=6176%2C1032747
1980_10_31_StonewallJackson-Manassas,Terry Hoggatt,hoggattterry,1980,10/31/1980,Stonewall Jackson-Manassas,unityreed,Raiders,Home,Dr. Lloyd A. Busch Memorial Stadium,stafford_home02,Fredericksburg,Virginia,no,,,,,https://news.google.com/newspapers?id=HwJOAAAAIBAJ&sjid=J4wDAAAAIBAJ&pg=5446%2C4776068
1980_11_07_CaveSpring,Terry Hoggatt,hoggattterry,1980,11/7/1980,Cave Spring,cavespring,Knights,Away,,cavespring_home01,Roanoke,Virginia,no,,,,,https://news.google.com/newspapers?id=JQJOAAAAIBAJ&sjid=J4wDAAAAIBAJ&pg=5389%2C3644036
1979_09_07_JamesMonroe,Terry Hoggatt,hoggattterry,1979,9/7/1979,James Monroe,jamesmonroe,Yellow Jackets,Home,Dr. Lloyd A. Busch Memorial Stadium,stafford_home02,Fredericksburg,Virginia,no,,,,,https://news.google.com/newspapers?id=1OJNAAAAIBAJ&sjid=ZIsDAAAAIBAJ&pg=6845%2C1388675
1979_09_14_OurLadyofGoodCounsel-Maryland,Terry Hoggatt,hoggattterry,1979,9/14/1979,Our Lady of Good Counsel-Maryland,ourladyofgoodcounsel-maryland,Falcons,Home,Dr. Lloyd A. Busch Memorial Stadium,stafford_home02,Fredericksburg,Virginia,no,,,,,https://news.google.com/newspapers?id=2uJNAAAAIBAJ&sjid=ZIsDAAAAIBAJ&pg=6992%2C2447526
1979_09_22_Fauquier,Terry Hoggatt,hoggattterry,1979,9/22/1979,Fauquier,fauquier,Falcons,Away,Falcon Field,fauquier_home01,Warrenton,Virginia,no,,,,,https://news.google.com/newspapers?id=4eJNAAAAIBAJ&sjid=ZIsDAAAAIBAJ&pg=7023%2C3843407
1979_09_29_GarField,Terry Hoggatt,hoggattterry,1979,9/29/1979,Gar-Field,garfield,Indians,Home,Dr. Lloyd A. Busch Memorial Stadium,stafford_home02,Fredericksburg,Virginia,no,,,,,https://news.google.com/newspapers?id=OfxNAAAAIBAJ&sjid=n4sDAAAAIBAJ&pg=6819%2C31135
1979_10_06_DeMatha-Maryland,Terry Hoggatt,hoggattterry,1979,10/6/1979,DeMatha-Maryland,dematha-maryland,Stags,Home,Dr. Lloyd A. Busch Memorial Stadium,stafford_home02,Fredericksburg,Virginia,no,,,,,https://news.google.com/newspapers?id=P_xNAAAAIBAJ&sjid=n4sDAAAAIBAJ&pg=6662%2C955933
1979_10_12_JamesWood,Terry Hoggatt,hoggattterry,1979,10/12/1979,James Wood,jameswood,Colonels,Home,Dr. Lloyd A. Busch Memorial Stadium,stafford_home02,Fredericksburg,Virginia,no,,,,,https://news.google.com/newspapers?id=RPxNAAAAIBAJ&sjid=n4sDAAAAIBAJ&pg=6810%2C1659902
1979_10_19_Woodbridge,Terry Hoggatt,hoggattterry,1979,10/19/1979,Woodbridge,woodbridge,Vikings,Away,A.T. Howard Memorial Stadium,woodbridge_home02,Woodbridge,Virginia,no,,,,,https://news.google.com/newspapers?id=SvxNAAAAIBAJ&sjid=n4sDAAAAIBAJ&pg=2143%2C2728300
1979_10_26_Denbigh,Terry Hoggatt,hoggattterry,1979,10/26/1979,Denbigh,denbigh,Patriots,Home,Dr. Lloyd A. Busch Memorial Stadium,stafford_home02,Fredericksburg,Virginia,no,,,,,https://news.google.com/newspapers?id=UPxNAAAAIBAJ&sjid=n4sDAAAAIBAJ&pg=2856%2C3630185
1979_11_03_StonewallJackson-Manassas,Terry Hoggatt,hoggattterry,1979,11/3/1979,Stonewall Jackson-Manassas,unityreed,Raiders,Away,,unityreed_home02,Manassas,Virginia,no,,,,,https://news.google.com/newspapers?id=JfZNAAAAIBAJ&sjid=E4sDAAAAIBAJ&pg=5084%2C684742
1979_11_09_Spotsylvania,Terry Hoggatt,hoggattterry,1979,11/9/1979,Spotsylvania,spotsylvania,Knights,Home,Dr. Lloyd A. Busch Memorial Stadium,stafford_home02,Fredericksburg,Virginia,no,,,,,https://news.google.com/newspapers?id=KvZNAAAAIBAJ&sjid=E4sDAAAAIBAJ&pg=4814%2C1461695
1978_09_01_JamesMonroe,Coleman Starnes,starnescoleman,1978,9/1/1978,James Monroe,jamesmonroe,Yellow Jackets,Away,Maury Stadium,jamesmonroe_home01,Fredericksburg,Virginia,no,,,,,https://news.google.com/newspapers?id=2AFOAAAAIBAJ&sjid=HowDAAAAIBAJ&pg=3614%2C404134
1978_09_08_OurLadyofGoodCounsel-Maryland,Coleman Starnes,starnescoleman,1978,9/8/1978,Our Lady of Good Counsel-Maryland,ourladyofgoodcounsel-maryland,Falcons,Home,Dr. Lloyd A. Busch Memorial Stadium,stafford_home02,Fredericksburg,Virginia,no,,,,,https://news.google.com/newspapers?id=3QFOAAAAIBAJ&sjid=HowDAAAAIBAJ&pg=6864%2C1332969
1978_09_15_Fauquier,Coleman Starnes,starnescoleman,1978,9/15/1978,Fauquier,fauquier,Falcons,Home,Dr. Lloyd A. Busch Memorial Stadium,stafford_home02,Fredericksburg,Virginia,no,,,,,https://news.google.com/newspapers?id=4wFOAAAAIBAJ&sjid=HowDAAAAIBAJ&pg=4963%2C2343340
1978_09_22_GarField,Coleman Starnes,starnescoleman,1978,9/22/1978,Gar-Field,garfield,Indians,Away,Ralph L. Barnette Memorial Stadium,garfield_home02,Woodbridge,Virginia,no,,,,,https://news.google.com/newspapers?id=6QFOAAAAIBAJ&sjid=HowDAAAAIBAJ&pg=6768%2C3323990
1978_09_29_DeMatha-Maryland,Coleman Starnes,starnescoleman,1978,9/29/1978,DeMatha-Maryland,dematha-maryland,Stags,Home,Dr. Lloyd A. Busch Memorial Stadium,stafford_home02,Fredericksburg,Virginia,no,,,,,https://news.google.com/newspapers?nid=9fRKRCJz75UC&dat=19780930&printsec=frontpage&hl=en
1978_10_06_JamesWood,Coleman Starnes,starnescoleman,1978,10/6/1978,James Wood,jameswood,Colonels,Away,,jameswood_home01,Winchester,Virginia,no,,,,,https://news.google.com/newspapers?id=PN5NAAAAIBAJ&sjid=8ooDAAAAIBAJ&pg=6649%2C804868
1978_10_13_Woodbridge,Coleman Starnes,starnescoleman,1978,10/13/1978,Woodbridge,woodbridge,Vikings,Home,Dr. Lloyd A. Busch Memorial Stadium,stafford_home02,Fredericksburg,Virginia,no,,,,,https://news.google.com/newspapers?nid=9fRKRCJz75UC&dat=19781014&printsec=frontpage&hl=en
1978_10_20_GeorgetownPrep-Maryland,Coleman Starnes,starnescoleman,1978,10/20/1978,Georgetown Prep-Maryland,georgetownprep-maryland,Hoyas,Home,Dr. Lloyd A. Busch Memorial Stadium,stafford_home02,Fredericksburg,Virginia,no,,,,,https://news.google.com/newspapers?id=SN5NAAAAIBAJ&sjid=8ooDAAAAIBAJ&pg=6774%2C2926218
1978_10_27_StonewallJackson-Manassas,Coleman Starnes,starnescoleman,1978,10/27/1978,Stonewall Jackson-Manassas,unityreed,Raiders,Home,Dr. Lloyd A. Busch Memorial Stadium,stafford_home02,Fredericksburg,Virginia,no,,,,,https://news.google.com/newspapers?id=Tt5NAAAAIBAJ&sjid=8ooDAAAAIBAJ&pg=4752%2C3931660
1978_11_03_Spotsylvania,Coleman Starnes,starnescoleman,1978,11/3/1978,Spotsylvania,spotsylvania,Knights,Home,Dr. Lloyd A. Busch Memorial Stadium,stafford_home02,Fredericksburg,Virginia,no,,,,,https://www.newspapers.com/image/1141642468/?match=6&terms=stafford%20indians
1977_09_02_Spotsylvania,Coleman Starnes,starnescoleman,1977,9/2/1977,Spotsylvania,spotsylvania,Knights,Home,Dr. Lloyd A. Busch Memorial Stadium,stafford_home02,Fredericksburg,Virginia,no,,,,,https://news.google.com/newspapers?id=4N9NAAAAIBAJ&sjid=CosDAAAAIBAJ&pg=5224%2C541301
1977_09_09_Albemarle,Coleman Starnes,starnescoleman,1977,9/9/1977,Albemarle,albemarle,Patriots,Away,,albemarle_home01,Charlottesville,Virginia,no,,,,,https://news.google.com/newspapers?id=5d9NAAAAIBAJ&sjid=CosDAAAAIBAJ&pg=4597%2C1426395
1977_09_16_StonewallJackson-Manassas,Coleman Starnes,starnescoleman,1977,9/16/1977,Stonewall Jackson-Manassas,unityreed,Raiders,Away,,unityreed_home02,Manassas,Virginia,no,,,,,https://news.google.com/newspapers?id=699NAAAAIBAJ&sjid=CosDAAAAIBAJ&pg=3145%2C2357463
1977_09_23_GarField,Coleman Starnes,starnescoleman,1977,9/23/1977,Gar-Field,garfield,Indians,Home,Dr. Lloyd A. Busch Memorial Stadium,stafford_home02,Fredericksburg,Virginia,no,,,,,https://news.google.com/newspapers?id=8d9NAAAAIBAJ&sjid=CosDAAAAIBAJ&pg=3812%2C3237801
1977_09_30_Fauquier,Coleman Starnes,starnescoleman,1977,9/30/1977,Fauquier,fauquier,Falcons,Away,Falcon Field,fauquier_home01,Warrenton,Virginia,no,,,,,https://news.google.com/newspapers?id=Vd9NAAAAIBAJ&sjid=BIsDAAAAIBAJ&pg=5277%2C56983
1977_10_07_JamesWood,Coleman Starnes,starnescoleman,1977,10/7/1977,James Wood,jameswood,Colonels,Home,Dr. Lloyd A. Busch Memorial Stadium,stafford_home02,Fredericksburg,Virginia,no,,,,,https://news.google.com/newspapers?id=W99NAAAAIBAJ&sjid=BIsDAAAAIBAJ&pg=3351%2C1100905
1977_10_15_Woodbridge,Coleman Starnes,starnescoleman,1977,10/15/1977,Woodbridge,woodbridge,Vikings,Away,A.T. Howard Memorial Stadium,woodbridge_home02,Woodbridge,Virginia,no,,,,,https://news.google.com/newspapers?id=Yt9NAAAAIBAJ&sjid=BIsDAAAAIBAJ&pg=6949%2C2325206
1977_10_21_DeMatha-Maryland,Coleman Starnes,starnescoleman,1977,10/21/1977,DeMatha-Maryland,dematha-maryland,Stags,Home,Dr. Lloyd A. Busch Memorial Stadium,stafford_home02,Fredericksburg,Virginia,no,,,,,https://news.google.com/newspapers?id=Z99NAAAAIBAJ&sjid=BIsDAAAAIBAJ&pg=5066%2C3203380
1977_10_28_OsbournPark,Coleman Starnes,starnescoleman,1977,10/28/1977,Osbourn Park,osbournpark,Yellow Jackets,Home,Dr. Lloyd A. Busch Memorial Stadium,stafford_home02,Fredericksburg,Virginia,no,,,,,https://news.google.com/newspapers?id=bd9NAAAAIBAJ&sjid=BIsDAAAAIBAJ&pg=3789%2C4214192
1977_11_04_JamesMonroe,Coleman Starnes,starnescoleman,1977,11/4/1977,James Monroe,jamesmonroe,Yellow Jackets,Away,Maury Stadium,jamesmonroe_home01,Fredericksburg,Virginia,no,,,,,https://news.google.com/newspapers?id=LN9NAAAAIBAJ&sjid=_ooDAAAAIBAJ&pg=3608%2C698166
1976_09_03_Spotsylvania,Charlie Harding,hardingcharlie,1976,9/3/1976,Spotsylvania,spotsylvania,Knights,Home,Dr. Lloyd A. Busch Memorial Stadium,stafford_home02,Fredericksburg,Virginia,no,,,,,https://news.google.com/newspapers?id=N-ZLAAAAIBAJ&sjid=A4wDAAAAIBAJ&pg=4695%2C770762
1976_09_10_Albemarle,Charlie Harding,hardingcharlie,1976,9/10/1976,Albemarle,albemarle,Patriots,Home,Dr. Lloyd A. Busch Memorial Stadium,stafford_home02,Fredericksburg,Virginia,no,,,,,https://news.google.com/newspapers?nid=9fRKRCJz75UC&dat=19760911&printsec=frontpage&hl=en
1976_09_17_StonewallJackson-Manassas,Charlie Harding,hardingcharlie,1976,9/17/1976,Stonewall Jackson-Manassas,unityreed,Raiders,Home,Dr. Lloyd A. Busch Memorial Stadium,stafford_home02,Fredericksburg,Virginia,no,,,,,https://news.google.com/newspapers?id=QuZLAAAAIBAJ&sjid=A4wDAAAAIBAJ&pg=4632%2C2471510
1976_09_24_GarField,Charlie Harding,hardingcharlie,1976,9/24/1976,Gar-Field,garfield,Indians,Away,Ralph L. Barnette Memorial Stadium,garfield_home02,Woodbridge,Virginia,no,,,,,https://news.google.com/newspapers?id=SOZLAAAAIBAJ&sjid=A4wDAAAAIBAJ&pg=4023%2C3373258
1976_10_04_Fauquier,Charlie Harding,hardingcharlie,1976,10/4/1976,Fauquier,fauquier,Falcons,Home,Dr. Lloyd A. Busch Memorial Stadium,stafford_home02,Fredericksburg,Virginia,no,,,,,https://news.google.com/newspapers?id=UDVWAAAAIBAJ&sjid=HegDAAAAIBAJ&pg=3302%2C3490586
1976_10_08_JamesWood,Charlie Harding,hardingcharlie,1976,10/8/1976,James Wood,jameswood,Colonels,Away,,jameswood_home01,Winchester,Virginia,no,,,,,https://news.google.com/newspapers?id=VDVWAAAAIBAJ&sjid=HegDAAAAIBAJ&pg=6581%2C2792535
1976_10_15_Woodbridge,Charlie Harding,hardingcharlie,1976,10/15/1976,Woodbridge,woodbridge,Vikings,Home,Dr. Lloyd A. Busch Memorial Stadium,stafford_home02,Fredericksburg,Virginia,no,,,,,https://news.google.com/newspapers?id=WjVWAAAAIBAJ&sjid=HegDAAAAIBAJ&pg=3888%2C1924605
1976_10_22_DeMatha-Maryland,Charlie Harding,hardingcharlie,1976,10/22/1976,DeMatha-Maryland,dematha-maryland,Stags,Home,Dr. Lloyd A. Busch Memorial Stadium,stafford_home02,Fredericksburg,Virginia,no,,,,,https://news.google.com/newspapers?id=YDVWAAAAIBAJ&sjid=HegDAAAAIBAJ&pg=2919%2C967518
1976_10_29_OsbournPark,Charlie Harding,hardingcharlie,1976,10/29/1976,Osbourn Park,osbournpark,Yellow Jackets,Away,,osbournpark_home02,Manassas,Virginia,no,,,,,https://news.google.com/newspapers?id=ZjVWAAAAIBAJ&sjid=HegDAAAAIBAJ&pg=6658%2C29498
1976_11_05_JamesMonroe,Charlie Harding,hardingcharlie,1976,11/5/1976,James Monroe,jamesmonroe,Yellow Jackets,Home,Dr. Lloyd A. Busch Memorial Stadium,stafford_home02,Fredericksburg,Virginia,no,,,,,https://news.google.com/newspapers?id=yuRLAAAAIBAJ&sjid=HosDAAAAIBAJ&pg=5116%2C781832
1975_09_05_Spotsylvania,Charlie Harding,hardingcharlie,1975,9/5/1975,Spotsylvania,spotsylvania,Knights,Home,Dr. Lloyd A. Busch Memorial Stadium,stafford_home02,Fredericksburg,Virginia,no,,,,,https://news.google.com/newspapers?id=E99NAAAAIBAJ&sjid=AYsDAAAAIBAJ&pg=5210%2C868429
1975_09_12_StonewallJackson-Manassas,Charlie Harding,hardingcharlie,1975,9/12/1975,Stonewall Jackson-Manassas,unityreed,Raiders,Away,,unityreed_home02,Manassas,Virginia,no,,,,,https://news.google.com/newspapers?id=Gd9NAAAAIBAJ&sjid=AYsDAAAAIBAJ&pg=3647%2C1860237
1975_09_19_Albemarle,Charlie Harding,hardingcharlie,1975,9/19/1975,Albemarle,albemarle,Patriots,Away,,albemarle_home01,Charlottesville,Virginia,no,,,,,https://news.google.com/newspapers?id=H99NAAAAIBAJ&sjid=AYsDAAAAIBAJ&pg=3661%2C2880080
1975_10_03_Fauquier,Charlie Harding,hardingcharlie,1975,10/3/1975,Fauquier,fauquier,Falcons,Home,Dr. Lloyd A. Busch Memorial Stadium,stafford_home02,Fredericksburg,Virginia,no,,,,,https://news.google.com/newspapers?id=Q9RHAAAAIBAJ&sjid=LowDAAAAIBAJ&pg=5191%2C3931833
1975_10_10_JamesWood,Charlie Harding,hardingcharlie,1975,10/10/1975,James Wood,jameswood,Colonels,Home,Dr. Lloyd A. Busch Memorial Stadium,stafford_home02,Fredericksburg,Virginia,no,,,,,https://news.google.com/newspapers?id=SdRHAAAAIBAJ&sjid=LowDAAAAIBAJ&pg=829%2C2899630
1975_10_20_Woodbridge,Charlie Harding,hardingcharlie,1975,10/20/1975,Woodbridge,woodbridge,Vikings,Away,A.T. Howard Memorial Stadium,woodbridge_home02,Woodbridge,Virginia,no,,,,,https://news.google.com/newspapers?id=UdRHAAAAIBAJ&sjid=LowDAAAAIBAJ&pg=3511%2C1618586
1975_10_24_Charlottesville,Charlie Harding,hardingcharlie,1975,10/24/1975,Charlottesville,charlottesville,Black Knights,Away,,lane_home01,Charlottesville,Virginia,no,,,,,https://news.google.com/newspapers?id=VdRHAAAAIBAJ&sjid=LowDAAAAIBAJ&pg=2179%2C810626
1975_10_31_OsbournPark,Charlie Harding,hardingcharlie,1975,10/31/1975,Osbourn Park,osbournpark,Yellow Jackets,Home,Dr. Lloyd A. Busch Memorial Stadium,stafford_home02,Fredericksburg,Virginia,no,,,,,https://news.google.com/newspapers?id=BN9LAAAAIBAJ&sjid=BYsDAAAAIBAJ&pg=7101%2C50663
1975_11_07_JamesMonroe,Charlie Harding,hardingcharlie,1975,11/7/1975,James Monroe,jamesmonroe,Yellow Jackets,Away,Maury Stadium,jamesmonroe_home01,Fredericksburg,Virginia,no,,,,,https://news.google.com/newspapers?id=Ct9LAAAAIBAJ&sjid=BYsDAAAAIBAJ&pg=4438%2C1138207
1975_11_14_GarField,Charlie Harding,hardingcharlie,1975,11/14/1975,Gar-Field,garfield,Indians,Home,Dr. Lloyd A. Busch Memorial Stadium,stafford_home02,Fredericksburg,Virginia,no,,,,,https://news.google.com/newspapers?id=EN9LAAAAIBAJ&sjid=BYsDAAAAIBAJ&pg=5666%2C2295391
1974_09_13_StonewallJackson-Manassas,Charlie Harding,hardingcharlie,1974,9/13/1974,Stonewall Jackson-Manassas,unityreed,Raiders,Home,Dr. Lloyd A. Busch Memorial Stadium,stafford_home02,Fredericksburg,Virginia,no,,,2500,First game at new stadium,https://news.google.com/newspapers?id=od5NAAAAIBAJ&sjid=9YoDAAAAIBAJ&pg=6929%2C1654567
1974_09_20_Albemarle,Charlie Harding,hardingcharlie,1974,9/20/1974,Albemarle,albemarle,Patriots,Home,Dr. Lloyd A. Busch Memorial Stadium,stafford_home02,Fredericksburg,Virginia,no,,,,,https://news.google.com/newspapers?id=p95NAAAAIBAJ&sjid=9YoDAAAAIBAJ&pg=6972%2C2567636
1974_09_27_GarField,Charlie Harding,hardingcharlie,1974,9/27/1974,Gar-Field,garfield,Indians,Away,,garfield_home02,Woodbridge,Virginia,no,,,,,https://news.google.com/newspapers?id=rd5NAAAAIBAJ&sjid=9YoDAAAAIBAJ&pg=6932%2C3410319
1974_10_04_Fauquier,Charlie Harding,hardingcharlie,1974,10/4/1974,Fauquier,fauquier,Falcons,Away,Falcon Field,fauquier_home01,Warrenton,Virginia,no,,,,,https://news.google.com/newspapers?id=PPZNAAAAIBAJ&sjid=FIsDAAAAIBAJ&pg=6871%2C715158
1974_10_11_JamesWood,Charlie Harding,hardingcharlie,1974,10/11/1974,James Wood,jameswood,Colonels,Away,,jameswood_home01,Winchester,Virginia,no,,,,,https://news.google.com/newspapers?id=QvZNAAAAIBAJ&sjid=FIsDAAAAIBAJ&pg=2589%2C1611129
1974_10_18_Woodbridge,Charlie Harding,hardingcharlie,1974,10/18/1974,Woodbridge,woodbridge,Vikings,Home,Dr. Lloyd A. Busch Memorial Stadium,stafford_home02,Fredericksburg,Virginia,no,,,,,https://news.google.com/newspapers?id=SPZNAAAAIBAJ&sjid=FIsDAAAAIBAJ&pg=5068%2C2527620
1974_10_25_Charlottesville,Charlie Harding,hardingcharlie,1974,10/25/1974,Charlottesville,charlottesville,Black Knights,Home,Dr. Lloyd A. Busch Memorial Stadium,stafford_home02,Fredericksburg,Virginia,no,,,,,https://news.google.com/newspapers?id=TvZNAAAAIBAJ&sjid=FIsDAAAAIBAJ&pg=3543%2C3420429
1974_11_01_Osbourn,Charlie Harding,hardingcharlie,1974,11/1/1974,Osbourn,osbournpark,Yellow Jackets,Away,Swavely Field,osbournpark_home01,Manassas,Virginia,no,,,,"Second most points scored, school and county history at the time",https://news.google.com/newspapers?id=N8lHAAAAIBAJ&sjid=gYsDAAAAIBAJ&pg=4938%2C4016414
1974_11_08_JamesMonroe,Charlie Harding,hardingcharlie,1974,11/8/1974,James Monroe,jamesmonroe,Yellow Jackets,Home,Dr. Lloyd A. Busch Memorial Stadium,stafford_home02,Fredericksburg,Virginia,no,,,,,https://news.google.com/newspapers?id=PclHAAAAIBAJ&sjid=gYsDAAAAIBAJ&pg=3862%2C3035454
1974_11_15_Spotsylvania,Charlie Harding,hardingcharlie,1974,11/15/1974,Spotsylvania,spotsylvania,Knights,Away,,spotsylvania_home02,Spotsylvania Courthouse,Virginia,no,,,,,https://news.google.com/newspapers?id=Q8lHAAAAIBAJ&sjid=gYsDAAAAIBAJ&pg=1074%2C2074801
1973_09_07_Handley,Charlie Harding,hardingcharlie,1973,9/7/1973,Handley,handley,Judges,Home,Dr. Lloyd A. Busch Memorial Stadium,stafford_home01,Fredericksburg,Virginia,no,,,,,https://news.google.com/newspapers?id=tN5NAAAAIBAJ&sjid=_IoDAAAAIBAJ&pg=2696%2C850255
1973_09_15_Lane,Charlie Harding,hardingcharlie,1973,9/15/1973,Lane,lane,Black Knights,Away,,lane_home01,Charlottesville,Virginia,no,,,,,https://news.google.com/newspapers?id=u95NAAAAIBAJ&sjid=_IoDAAAAIBAJ&pg=5148%2C1999407
1973_09_21_Woodbridge,Charlie Harding,hardingcharlie,1973,9/21/1973,Woodbridge,woodbridge,Vikings,Away,,woodbridge_home01,Woodbridge,Virginia,no,,,,,https://news.google.com/newspapers?id=wN5NAAAAIBAJ&sjid=_IoDAAAAIBAJ&pg=5470%2C2793182
1973_09_28_Fauquier,Charlie Harding,hardingcharlie,1973,9/28/1973,Fauquier,fauquier,Falcons,Home,Dr. Lloyd A. Busch Memorial Stadium,stafford_home01,Fredericksburg,Virginia,no,,,,,https://news.google.com/newspapers?id=xt5NAAAAIBAJ&sjid=_IoDAAAAIBAJ&pg=2682%2C3709641
1973_10_05_GarField,Charlie Harding,hardingcharlie,1973,10/5/1973,Gar-Field,garfield,Indians,Home,Dr. Lloyd A. Busch Memorial Stadium,stafford_home01,Fredericksburg,Virginia,no,,,,,https://news.google.com/newspapers?id=1vtNAAAAIBAJ&sjid=o4sDAAAAIBAJ&pg=5148%2C792455
1973_10_12_StonewallJackson-Manassas,Charlie Harding,hardingcharlie,1973,10/12/1973,Stonewall Jackson-Manassas,unityreed,Raiders,Away,,unityreed_home02,Manassas,Virginia,no,,,,,https://news.google.com/newspapers?id=3PtNAAAAIBAJ&sjid=o4sDAAAAIBAJ&pg=3897%2C1726526
1973_10_26_Osbourn,Charlie Harding,hardingcharlie,1973,10/26/1973,Osbourn,osbournpark,Yellow Jackets,Home,Dr. Lloyd A. Busch Memorial Stadium,stafford_home01,Fredericksburg,Virginia,no,,,,,https://news.google.com/newspapers?id=6PtNAAAAIBAJ&sjid=o4sDAAAAIBAJ&pg=7247%2C3600992
1973_11_02_JamesWood,Charlie Harding,hardingcharlie,1973,11/2/1973,James Wood,jameswood,Colonels,Home,Dr. Lloyd A. Busch Memorial Stadium,stafford_home01,Fredericksburg,Virginia,no,,,,,https://news.google.com/newspapers?id=mqBWAAAAIBAJ&sjid=tOcDAAAAIBAJ&pg=7422%2C358711
1973_11_09_Albemarle,Charlie Harding,hardingcharlie,1973,11/9/1973,Albemarle,albemarle,Patriots,Away,,albemarle_home01,Charlottesville,Virginia,no,,,,School record team rushing yards at the time,https://news.google.com/newspapers?id=oKBWAAAAIBAJ&sjid=tOcDAAAAIBAJ&pg=7328%2C1431428
1973_11_16_JamesMonroe,Charlie Harding,hardingcharlie,1973,11/16/1973,James Monroe,jamesmonroe,Yellow Jackets,Away,Maury Stadium,jamesmonroe_home01,Fredericksburg,Virginia,no,,3492,,James Monroe worst loss since 1941,https://news.google.com/newspapers?id=pqBWAAAAIBAJ&sjid=tOcDAAAAIBAJ&pg=4817%2C2468752
1972_09_02_StonewallJackson-Manassas,Charlie Harding,hardingcharlie,1972,9/2/1972,Stonewall Jackson-Manassas,unityreed,Raiders,Home,Dr. Lloyd A. Busch Memorial Stadium,stafford_home01,Fredericksburg,Virginia,no,,,,,https://news.google.com/newspapers?id=LXMQAAAAIBAJ&sjid=R4sDAAAAIBAJ&pg=7191%2C412049
1972_09_08_Osbourn,Charlie Harding,hardingcharlie,1972,9/8/1972,Osbourn,osbournpark,Yellow Jackets,Away,Swavely Field,osbournpark_home01,Manassas,Virginia,no,,,,,https://news.google.com/newspapers?id=MXMQAAAAIBAJ&sjid=R4sDAAAAIBAJ&pg=7175%2C1022468
1972_09_15_Spotsylvania,Charlie Harding,hardingcharlie,1972,9/15/1972,Spotsylvania,spotsylvania,Knights,Away,,spotsylvania_home02,Spotsylvania Courthouse,Virginia,no,,,,,https://news.google.com/newspapers?id=N3MQAAAAIBAJ&sjid=R4sDAAAAIBAJ&pg=5569%2C1915946
1972_09_29_JamesWood,Charlie Harding,hardingcharlie,1972,9/29/1972,James Wood,jameswood,Colonels,Away,,jameswood_home01,Winchester,Virginia,no,,,,,https://news.google.com/newspapers?id=2OFNAAAAIBAJ&sjid=R4sDAAAAIBAJ&pg=5894%2C3825157
1972_10_09_Albemarle,Charlie Harding,hardingcharlie,1972,10/9/1972,Albemarle,albemarle,Patriots,Home,Dr. Lloyd A. Busch Memorial Stadium,stafford_home01,Fredericksburg,Virginia,no,,,,,https://news.google.com/newspapers?id=_f1NAAAAIBAJ&sjid=yosDAAAAIBAJ&pg=7376%2C3006650
1972_10_14_Handley,Charlie Harding,hardingcharlie,1972,10/14/1972,Handley,handley,Judges,Away,Handley Bowl,handley_home01,Winchester,Virginia,no,,,,,https://news.google.com/newspapers?id=Av5NAAAAIBAJ&sjid=yosDAAAAIBAJ&pg=3597%2C2061809
1972_10_20_Fauquier,Charlie Harding,hardingcharlie,1972,10/20/1972,Fauquier,fauquier,Falcons,Home,Dr. Lloyd A. Busch Memorial Stadium,stafford_home01,Fredericksburg,Virginia,no,,,,,https://news.google.com/newspapers?id=B_5NAAAAIBAJ&sjid=yosDAAAAIBAJ&pg=4857%2C1335612
1972_10_27_GarField,Charlie Harding,hardingcharlie,1972,10/27/1972,Gar-Field,garfield,Indians,Away,,garfield_home02,Woodbridge,Virginia,no,,,,,https://news.google.com/newspapers?id=Df5NAAAAIBAJ&sjid=yosDAAAAIBAJ&pg=5754%2C396679
1972_11_03_Lane,Charlie Harding,hardingcharlie,1972,11/3/1972,Lane,lane,Black Knights,Home,Dr. Lloyd A. Busch Memorial Stadium,stafford_home01,Fredericksburg,Virginia,no,,,,,https://news.google.com/newspapers?id=v-BNAAAAIBAJ&sjid=JosDAAAAIBAJ&pg=2935%2C510140
1972_11_10_JamesMonroe,Charlie Harding,hardingcharlie,1972,11/10/1972,James Monroe,jamesmonroe,Yellow Jackets,Home,Dr. Lloyd A. Busch Memorial Stadium,stafford_home01,Fredericksburg,Virginia,no,,,2800,,https://news.google.com/newspapers?id=xeBNAAAAIBAJ&sjid=JosDAAAAIBAJ&pg=3708%2C1433876
1971_09_03_Lane,Charlie Harding,hardingcharlie,1971,9/3/1971,Lane,lane,Black Knights,Home,,stafford_home01,Fredericksburg,Virginia,no,,,,Clyde Brown 95-yd TD run longest school history,https://news.google.com/newspapers?id=8fNNAAAAIBAJ&sjid=14oDAAAAIBAJ&pg=6944%2C637123
1971_09_10_Woodbridge,Charlie Harding,hardingcharlie,1971,9/10/1971,Woodbridge,woodbridge,Vikings,Away,,woodbridge_home01,Woodbridge,Virginia,no,,,,,https://news.google.com/newspapers?id=9vNNAAAAIBAJ&sjid=14oDAAAAIBAJ&pg=5438%2C1365034
1971_09_17_JamesWood,Charlie Harding,hardingcharlie,1971,9/17/1971,James Wood,jameswood,Colonels,Home,,stafford_home01,Fredericksburg,Virginia,no,,,,,https://news.google.com/newspapers?id=_PNNAAAAIBAJ&sjid=14oDAAAAIBAJ&pg=5497%2C2230632
1971_09_24_GarField,Charlie Harding,hardingcharlie,1971,9/24/1971,Gar-Field,garfield,Indians,Away,,garfield_home01,Woodbridge,Virginia,no,,,,,https://news.google.com/newspapers?nid=9fRKRCJz75UC&dat=19710925&printsec=frontpage&hl=en
1971_10_02_Handley,Charlie Harding,hardingcharlie,1971,10/2/1971,Handley,handley,Judges,Away,Handley Bowl,handley_home01,Winchester,Virginia,no,,,,,https://news.google.com/newspapers?id=CfRNAAAAIBAJ&sjid=14oDAAAAIBAJ&pg=5225%2C4198125
1971_10_08_Spotsylvania,Charlie Harding,hardingcharlie,1971,10/8/1971,Spotsylvania,spotsylvania,Knights,Home,Dr. Lloyd A. Busch Memorial Stadium,stafford_home01,Fredericksburg,Virginia,no,,,2000,"Dedication of Dr. Lloyd A. Busch Memorial Stadium; First appearance of Individual Statistics in FLS
",https://news.google.com/newspapers?id=DvRNAAAAIBAJ&sjid=14oDAAAAIBAJ&pg=4523%2C4894518
1971_10_15_Osbourn,Charlie Harding,hardingcharlie,1971,10/15/1971,Osbourn,osbournpark,Yellow Jackets,Home,Dr. Lloyd A. Busch Memorial Stadium,stafford_home01,Fredericksburg,Virginia,no,,,,,https://news.google.com/newspapers?id=FPRNAAAAIBAJ&sjid=14oDAAAAIBAJ&pg=3089%2C5759640
1971_10_22_StonewallJackson-Manassas,Charlie Harding,hardingcharlie,1971,10/22/1971,Stonewall Jackson-Manassas,unityreed,Raiders,Home,Dr. Lloyd A. Busch Memorial Stadium,stafford_home01,Fredericksburg,Virginia,no,,,,Bomb threat at halftime,https://news.google.com/newspapers?id=GvRNAAAAIBAJ&sjid=14oDAAAAIBAJ&pg=7194%2C6639074
1971_10_29_Albemarle,Charlie Harding,hardingcharlie,1971,10/29/1971,Albemarle,albemarle,Patriots,Away,,albemarle_home01,Charlottesville,Virginia,no,,,,,https://news.google.com/newspapers?id=IPRNAAAAIBAJ&sjid=14oDAAAAIBAJ&pg=4936%2C7631382
1971_11_05_JamesMonroe,Charlie Harding,hardingcharlie,1971,11/5/1971,James Monroe,jamesmonroe,Yellow Jackets,Away,Maury Stadium,jamesmonroe_home01,Fredericksburg,Virginia,no,,,3000,,https://news.google.com/newspapers?id=ruVNAAAAIBAJ&sjid=c4oDAAAAIBAJ&pg=5151%2C710990
1970_09_04_Lane,Joe Michael,michaeljoe,1970,9/4/1970,Lane,lane,Black Knights,Away,,lane_home01,Charlottesville,Virginia,no,,,,,https://news.google.com/newspapers?id=ONZNAAAAIBAJ&sjid=vooDAAAAIBAJ&pg=4606%2C726958
1970_09_11_Woodbridge,Joe Michael,michaeljoe,1970,9/11/1970,Woodbridge,woodbridge,Vikings,Home,,stafford_home01,Fredericksburg,Virginia,no,,,,,https://news.google.com/newspapers?id=PdZNAAAAIBAJ&sjid=vooDAAAAIBAJ&pg=4754%2C1468841
1970_09_18_JamesWood,Joe Michael,michaeljoe,1970,9/18/1970,James Wood,jameswood,Colonels,Away,,jameswood_home01,Winchester,Virginia,no,,,,,https://news.google.com/newspapers?id=Q9ZNAAAAIBAJ&sjid=vooDAAAAIBAJ&pg=5374%2C2303001
1970_09_25_GarField,Joe Michael,michaeljoe,1970,9/25/1970,Gar-Field,garfield,Indians,Home,,stafford_home01,Fredericksburg,Virginia,no,,,,,https://news.google.com/newspapers?id=SdZNAAAAIBAJ&sjid=vooDAAAAIBAJ&pg=4703%2C3109891
1970_10_02_Handley,Joe Michael,michaeljoe,1970,10/2/1970,Handley,handley,Judges,Home,,stafford_home01,Fredericksburg,Virginia,no,,,,,https://news.google.com/newspapers?id=T9ZNAAAAIBAJ&sjid=vooDAAAAIBAJ&pg=4982%2C3873892
1970_10_09_Spotsylvania,Joe Michael,michaeljoe,1970,10/9/1970,Spotsylvania,spotsylvania,Knights,Away,,spotsylvania_home02,Spotsylvania Courthouse,Virginia,no,,,,,https://news.google.com/newspapers?id=VdZNAAAAIBAJ&sjid=vooDAAAAIBAJ&pg=4828%2C4682242
1970_10_16_Osbourn,Joe Michael,michaeljoe,1970,10/16/1970,Osbourn,osbournpark,Yellow Jackets,Away,Swavely Field,osbournpark_home01,Manassas,Virginia,no,,,,,https://news.google.com/newspapers?id=W9ZNAAAAIBAJ&sjid=vooDAAAAIBAJ&pg=7184%2C5592729
1970_10_23_StonewallJackson-Manassas,Joe Michael,michaeljoe,1970,10/23/1970,Stonewall Jackson-Manassas,unityreed,Raiders,Away,,unityreed_home01,Manassas,Virginia,no,,,,,https://news.google.com/newspapers?id=YdZNAAAAIBAJ&sjid=vooDAAAAIBAJ&pg=6839%2C6413427
1970_11_06_JamesMonroe,Joe Michael,michaeljoe,1970,11/6/1970,James Monroe,jamesmonroe,Yellow Jackets,Home,,stafford_home01,Fredericksburg,Virginia,no,,,2500,,https://news.google.com/newspapers?id=x9JNAAAAIBAJ&sjid=XooDAAAAIBAJ&pg=836%2C6885952
1970_11_14_Albemarle,Joe Michael,michaeljoe,1970,11/14/1970,Albemarle,albemarle,Patriots,Home,,stafford_home01,Fredericksburg,Virginia,no,,,,,https://news.google.com/newspapers?id=ztJNAAAAIBAJ&sjid=XooDAAAAIBAJ&pg=1083%2C5769199
1969_09_05_Varina,Joe Michael,michaeljoe,1969,9/5/1969,Varina,varina,Blue Devils,Home,,stafford_home01,Fredericksburg,Virginia,no,,,,,https://news.google.com/newspapers?id=OfRNAAAAIBAJ&sjid=sYoDAAAAIBAJ&pg=5458%2C628931
1969_09_12_StonewallJackson-Manassas,Joe Michael,michaeljoe,1969,9/12/1969,Stonewall Jackson-Manassas,unityreed,Raiders,Home,,stafford_home01,Fredericksburg,Virginia,no,,,,,https://news.google.com/newspapers?id=P_RNAAAAIBAJ&sjid=sYoDAAAAIBAJ&pg=7312%2C1370605
1969_09_20_Handley,Joe Michael,michaeljoe,1969,9/20/1969,Handley,handley,Judges,Away,Handley Bowl,handley_home01,Winchester,Virginia,no,,,,,https://news.google.com/newspapers?id=RvRNAAAAIBAJ&sjid=sYoDAAAAIBAJ&pg=7342%2C2430801
1969_09_26_GarField,Joe Michael,michaeljoe,1969,9/26/1969,Gar-Field,garfield,Indians,Home,,stafford_home01,Fredericksburg,Virginia,no,,,,,https://news.google.com/newspapers?id=S_RNAAAAIBAJ&sjid=sYoDAAAAIBAJ&pg=7354%2C2972552
1969_10_03_JamesMonroe,Joe Michael,michaeljoe,1969,10/3/1969,James Monroe,jamesmonroe,Yellow Jackets,Away,Maury Stadium,jamesmonroe_home01,Fredericksburg,Virginia,no,,5362,,Area record at the time,https://news.google.com/newspapers?id=UfRNAAAAIBAJ&sjid=sYoDAAAAIBAJ&pg=5076%2C3726476
1969_10_10_Spotsylvania,Joe Michael,michaeljoe,1969,10/10/1969,Spotsylvania,spotsylvania,Knights,Home,,stafford_home01,Fredericksburg,Virginia,no,,,,,https://news.google.com/newspapers?id=V_RNAAAAIBAJ&sjid=sYoDAAAAIBAJ&pg=7194%2C4505971
1969_10_17_Osbourn,Joe Michael,michaeljoe,1969,10/17/1969,Osbourn,osbournpark,Yellow Jackets,Away,Swavely Field,osbournpark_home01,Manassas,Virginia,no,,,,,https://news.google.com/newspapers?id=XfRNAAAAIBAJ&sjid=sYoDAAAAIBAJ&pg=4562%2C5234959
1969_10_24_Orange,Joe Michael,michaeljoe,1969,10/24/1969,Orange,orange,Hornets,Home,,stafford_home01,Fredericksburg,Virginia,no,,,,,https://news.google.com/newspapers?id=Y_RNAAAAIBAJ&sjid=sYoDAAAAIBAJ&pg=7298%2C5992827
1969_10_31_Culpeper,Joe Michael,michaeljoe,1969,10/31/1969,Culpeper,culpeper,Blue Devils,Away,,culpeper_home01,Culpeper,Virginia,no,,,,,https://news.google.com/newspapers?id=GTVWAAAAIBAJ&sjid=_OcDAAAAIBAJ&pg=985%2C6801623
1969_11_07_Woodbridge,Joe Michael,michaeljoe,1969,11/7/1969,Woodbridge,woodbridge,Vikings,Away,,woodbridge_home01,Woodbridge,Virginia,no,,,,,https://news.google.com/newspapers?id=HzVWAAAAIBAJ&sjid=_OcDAAAAIBAJ&pg=954%2C6052100
1968_09_06_Woodbridge,Joe Michael,michaeljoe,1968,9/6/1968,Woodbridge,woodbridge,Vikings,Home,,stafford_home01,Fredericksburg,Virginia,no,,,4000,,https://news.google.com/newspapers?id=xOZNAAAAIBAJ&sjid=g4oDAAAAIBAJ&pg=764%2C6214578
1968_09_13_StonewallJackson-Manassas,Joe Michael,michaeljoe,1968,9/13/1968,Stonewall Jackson-Manassas,unityreed,Raiders,Away,,unityreed_home01,Manassas,Virginia,no,,,,,https://news.google.com/newspapers?id=yuZNAAAAIBAJ&sjid=g4oDAAAAIBAJ&pg=4348%2C5417743
1968_09_20_Handley,Joe Michael,michaeljoe,1968,9/20/1968,Handley,handley,Judges,Home,,stafford_home01,Fredericksburg,Virginia,no,,,2500,,https://news.google.com/newspapers?id=0OZNAAAAIBAJ&sjid=g4oDAAAAIBAJ&pg=2546%2C4517309
1968_09_27_GarField,Joe Michael,michaeljoe,1968,9/27/1968,Gar-Field,garfield,Indians,Away,,garfield_home01,Woodbridge,Virginia,no,,,,,https://news.google.com/newspapers?id=1uZNAAAAIBAJ&sjid=g4oDAAAAIBAJ&pg=788%2C3704362
1968_10_04_JamesMonroe,Joe Michael,michaeljoe,1968,10/4/1968,James Monroe,jamesmonroe,Yellow Jackets,Home,,stafford_home01,Fredericksburg,Virginia,no,,,3000,,https://news.google.com/newspapers?id=3OZNAAAAIBAJ&sjid=g4oDAAAAIBAJ&pg=792%2C2965409
1968_10_11_Spotsylvania,Joe Michael,michaeljoe,1968,10/11/1968,Spotsylvania,spotsylvania,Knights,Away,,spotsylvania_home02,Spotsylvania Courthouse,Virginia,no,,3989,,Largest crowd at Spotsylvania at the time; 5th highest in area history at the time,https://news.google.com/newspapers?id=4uZNAAAAIBAJ&sjid=g4oDAAAAIBAJ&pg=816%2C2215914
1968_10_18_Osbourn,Joe Michael,michaeljoe,1968,10/18/1968,Osbourn,osbournpark,Yellow Jackets,Home,,stafford_home01,Fredericksburg,Virginia,no,,,,,https://news.google.com/newspapers?id=6OZNAAAAIBAJ&sjid=g4oDAAAAIBAJ&pg=966%2C1444246
1968_10_25_Orange,Joe Michael,michaeljoe,1968,10/25/1968,Orange,orange,Hornets,Away,John Porterfield Park,orange_home01,Orange,Virginia,no,,,,,https://news.google.com/newspapers?id=7uZNAAAAIBAJ&sjid=g4oDAAAAIBAJ&pg=790%2C609319
1968_11_01_Culpeper,Joe Michael,michaeljoe,1968,11/1/1968,Culpeper,culpeper,Blue Devils,Home,,stafford_home01,Fredericksburg,Virginia,no,,,,,https://news.google.com/newspapers?id=7-sjAAAAIBAJ&sjid=xooDAAAAIBAJ&pg=704%2C6560580
1968_11_15_Varina,Joe Michael,michaeljoe,1968,11/15/1968,Varina,varina,Blue Devils,Home,,stafford_home01,Fredericksburg,Virginia,no,,,,,https://news.google.com/newspapers?id=g8cpAAAAIBAJ&sjid=xooDAAAAIBAJ&pg=636%2C4911828
1967_09_01_Herndon,Joe Michael,michaeljoe,1967,9/1/1967,Herndon,herndon,Hornets,Home,,stafford_home01,Fredericksburg,Virginia,no,,,,,https://news.google.com/newspapers?id=e9RNAAAAIBAJ&sjid=ZIoDAAAAIBAJ&pg=5760%2C6478668
1967_09_08_StonewallJackson-Manassas,Joe Michael,michaeljoe,1967,9/8/1967,Stonewall Jackson-Manassas,unityreed,Raiders,Home,,stafford_home01,Fredericksburg,Virginia,no,,,,,https://news.google.com/newspapers?id=gNRNAAAAIBAJ&sjid=ZIoDAAAAIBAJ&pg=7370%2C5815553
1967_09_15_Woodbridge,Joe Michael,michaeljoe,1967,9/15/1967,Woodbridge,woodbridge,Vikings,Away,,woodbridge_home01,Woodbridge,Virginia,no,,,,,https://news.google.com/newspapers?id=htRNAAAAIBAJ&sjid=ZIoDAAAAIBAJ&pg=5650%2C5020737
1967_09_22_GarField,Joe Michael,michaeljoe,1967,9/22/1967,Gar-Field,garfield,Indians,Home,,stafford_home01,Fredericksburg,Virginia,no,,2619,,,https://news.google.com/newspapers?id=jNRNAAAAIBAJ&sjid=ZIoDAAAAIBAJ&pg=7378%2C4182956
1967_09_29_JamesMonroe,Joe Michael,michaeljoe,1967,9/29/1967,James Monroe,jamesmonroe,Yellow Jackets,Away,Maury Stadium,jamesmonroe_home01,Fredericksburg,Virginia,no,,4400,,Area record at the time,https://news.google.com/newspapers?id=ktRNAAAAIBAJ&sjid=ZIoDAAAAIBAJ&pg=7264%2C3411972
1967_10_06_Spotsylvania,Joe Michael,michaeljoe,1967,10/6/1967,Spotsylvania,spotsylvania,Knights,Home,,stafford_home01,Fredericksburg,Virginia,no,,,,,https://news.google.com/newspapers?id=mNRNAAAAIBAJ&sjid=ZIoDAAAAIBAJ&pg=7280%2C2655269
1967_10_13_Osbourn,Joe Michael,michaeljoe,1967,10/13/1967,Osbourn,osbournpark,Yellow Jackets,Away,Swavely Field,osbournpark_home01,Manassas,Virginia,no,,,,,https://news.google.com/newspapers?id=ntRNAAAAIBAJ&sjid=ZIoDAAAAIBAJ&pg=7273%2C1837937
1967_10_20_Orange,Joe Michael,michaeljoe,1967,10/20/1967,Orange,orange,Hornets,Home,,stafford_home01,Fredericksburg,Virginia,no,,,,,https://news.google.com/newspapers?id=pNRNAAAAIBAJ&sjid=ZIoDAAAAIBAJ&pg=7293%2C1129958
1967_10_27_Culpeper,Joe Michael,michaeljoe,1967,10/27/1967,Culpeper,culpeper,Blue Devils,Away,,culpeper_home01,Culpeper,Virginia,no,,,,,https://news.google.com/newspapers?id=qtRNAAAAIBAJ&sjid=ZIoDAAAAIBAJ&pg=7215%2C337650
1967_11_03_Brentsville,Joe Michael,michaeljoe,1967,11/3/1967,Brentsville,brentsville,Tigers,Away,,brentsville_home01,Nokesville,Virginia,no,,,,,https://news.google.com/newspapers?id=rc1NAAAAIBAJ&sjid=RooDAAAAIBAJ&pg=5465%2C6284469
1966_09_02_Herndon,Don Hafer,haferdon,1966,9/2/1966,Herndon,herndon,Hornets,Away,,herndon_home01,Herndon,Virginia,no,,,,,https://news.google.com/newspapers?id=PflNAAAAIBAJ&sjid=bIsDAAAAIBAJ&pg=2481%2C2970433
1966_09_09_StonewallJackson-Manassas,Don Hafer,haferdon,1966,9/9/1966,Stonewall Jackson-Manassas,unityreed,Raiders,Away,,unityreed_home01,Manassas,Virginia,no,,,,,https://news.google.com/newspapers?id=QvlNAAAAIBAJ&sjid=bIsDAAAAIBAJ&pg=3372%2C2356095
1966_09_16_Woodbridge,Don Hafer,haferdon,1966,9/16/1966,Woodbridge,woodbridge,Vikings,Home,,stafford_home01,Fredericksburg,Virginia,no,,,,,https://news.google.com/newspapers?id=SPlNAAAAIBAJ&sjid=bIsDAAAAIBAJ&pg=912%2C1523951
1966_09_23_GarField,Don Hafer,haferdon,1966,9/23/1966,Gar-Field,garfield,Indians,Away,,garfield_home01,Woodbridge,Virginia,no,,,,,https://news.google.com/newspapers?id=TvlNAAAAIBAJ&sjid=bIsDAAAAIBAJ&pg=964%2C782131
1966_09_30_JamesMonroe,Don Hafer,haferdon,1966,9/30/1966,James Monroe,jamesmonroe,Yellow Jackets,Home,,stafford_home01,Fredericksburg,Virginia,no,,3687,,,https://news.google.com/newspapers?id=EeBNAAAAIBAJ&sjid=DIsDAAAAIBAJ&pg=7118%2C31869
1966_10_07_Spotsylvania,Don Hafer,haferdon,1966,10/7/1966,Spotsylvania,spotsylvania,Knights,Away,,spotsylvania_home02,Spotsylvania Courthouse,Virginia,no,,,,,https://news.google.com/newspapers?id=F-BNAAAAIBAJ&sjid=DIsDAAAAIBAJ&pg=6988%2C792965
1966_10_14_Osbourn,Don Hafer,haferdon,1966,10/14/1966,Osbourn,osbournpark,Yellow Jackets,Home,,stafford_home01,Fredericksburg,Virginia,no,,,,,https://news.google.com/newspapers?id=HeBNAAAAIBAJ&sjid=DIsDAAAAIBAJ&pg=7010%2C1533277
1966_10_21_Orange,Don Hafer,haferdon,1966,10/21/1966,Orange,orange,Hornets,Away,John Porterfield Park,orange_home01,Orange,Virginia,no,,,,,https://news.google.com/newspapers?id=I-BNAAAAIBAJ&sjid=DIsDAAAAIBAJ&pg=6982%2C2285616
1966_10_28_Culpeper,Don Hafer,haferdon,1966,10/28/1966,Culpeper,culpeper,Blue Devils,Home,,stafford_home01,Fredericksburg,Virginia,no,,,,,https://news.google.com/newspapers?id=KeBNAAAAIBAJ&sjid=DIsDAAAAIBAJ&pg=4840%2C3059345
1966_11_04_Brentsville,Don Hafer,haferdon,1966,11/4/1966,Brentsville,brentsville,Tigers,Home,,stafford_home01,Fredericksburg,Virginia,no,,,,,https://news.google.com/newspapers?id=L-BNAAAAIBAJ&sjid=DIsDAAAAIBAJ&pg=5214%2C3762498
1965_09_03_Herndon,Don Hafer,haferdon,1965,9/3/1965,Herndon,herndon,Hornets,Home,,stafford_home01,Fredericksburg,Virginia,no,,,,,https://news.google.com/newspapers?id=zv5NAAAAIBAJ&sjid=z4sDAAAAIBAJ&pg=1088%2C2311753
1965_09_10_PatrickHenry-Ashland,Don Hafer,haferdon,1965,9/10/1965,Patrick Henry-Ashland,patrickhenry-ashland,Patriots,Away,,patrickhenry-ashland_home01,Ashland,Virginia,no,,,,,https://news.google.com/newspapers?id=0_5NAAAAIBAJ&sjid=z4sDAAAAIBAJ&pg=4718%2C1807335
1965_09_17_LeeDavis,Don Hafer,haferdon,1965,9/17/1965,Lee-Davis,Mechanicsville,Confederates,Home,,stafford_home01,Fredericksburg,Virginia,no,,,,,https://news.google.com/newspapers?id=2f5NAAAAIBAJ&sjid=z4sDAAAAIBAJ&pg=2907%2C1130970
1965_09_24_GarField,Don Hafer,haferdon,1965,9/24/1965,Gar-Field,garfield,Indians,Away,,garfield_home01,Woodbridge,Virginia,no,,,,,https://news.google.com/newspapers?id=3_5NAAAAIBAJ&sjid=z4sDAAAAIBAJ&pg=3334%2C509801
1965_10_01_JamesMonroe,Don Hafer,haferdon,1965,10/1/1965,James Monroe,jamesmonroe,Yellow Jackets,Away,Maury Stadium,jamesmonroe_home01,Fredericksburg,Virginia,no,,3294,,,https://news.google.com/newspapers?id=VflNAAAAIBAJ&sjid=bosDAAAAIBAJ&pg=774%2C115684
1965_10_08_Spotsylvania,Don Hafer,haferdon,1965,10/8/1965,Spotsylvania,spotsylvania,Knights,Away,,spotsylvania_home02,Spotsylvania Courthouse,Virginia,no,,,,,https://news.google.com/newspapers?id=W_lNAAAAIBAJ&sjid=bosDAAAAIBAJ&pg=775%2C774256
1965_10_15_Osbourn,Don Hafer,haferdon,1965,10/15/1965,Osbourn,osbournpark,Yellow Jackets,Away,Swavely Field,osbournpark_home01,Manassas,Virginia,no,,,,,https://news.google.com/newspapers?id=YflNAAAAIBAJ&sjid=bosDAAAAIBAJ&pg=744%2C1474848
1965_10_22_Orange,Don Hafer,haferdon,1965,10/22/1965,Orange,orange,Hornets,Home,,stafford_home01,Fredericksburg,Virginia,no,,,,,https://news.google.com/newspapers?id=Z_lNAAAAIBAJ&sjid=bosDAAAAIBAJ&pg=884%2C2127551
1965_10_29_Culpeper,Don Hafer,haferdon,1965,10/29/1965,Culpeper,culpeper,Blue Devils,Away,,culpeper_home01,Culpeper,Virginia,no,,,,,https://news.google.com/newspapers?id=bflNAAAAIBAJ&sjid=bosDAAAAIBAJ&pg=795%2C2858832
1965_11_05_Brentsville,Don Hafer,haferdon,1965,11/5/1965,Brentsville,brentsville,Tigers,Away,,brentsville_home01,Nokesville,Virginia,no,,,,,https://news.google.com/newspapers?id=c_lNAAAAIBAJ&sjid=bosDAAAAIBAJ&pg=2185%2C3460510
1964_09_04_Herndon,Bill Humphries,humphriesbill,1964,9/4/1964,Herndon,herndon,Hornets,Away,,herndon_home01,Herndon,Virginia,no,,,,,https://news.google.com/newspapers?id=_d5NAAAAIBAJ&sjid=8YoDAAAAIBAJ&pg=3625%2C6340694
1964_09_11_Quantico,Bill Humphries,humphriesbill,1964,9/11/1964,Quantico,quantico,Devil Warriors,Home,,stafford_home01,Fredericksburg,Virginia,no,,,,,https://news.google.com/newspapers?id=At9NAAAAIBAJ&sjid=8YoDAAAAIBAJ&pg=3870%2C6852110
1964_09_18_LeeDavis,Bill Humphries,humphriesbill,1964,9/18/1964,Lee-Davis,Mechanicsville,Confederates,Away,,mechanicsville_home01,Mechanicsville,Virginia,no,,,,,https://news.google.com/newspapers?id=CN9NAAAAIBAJ&sjid=8YoDAAAAIBAJ&pg=5561%2C7587575
1964_09_25_GarField,Bill Humphries,humphriesbill,1964,9/25/1964,Gar-Field,garfield,Indians,Away,,garfield_home01,Woodbridge,Virginia,no,,,,,https://news.google.com/newspapers?id=Dt9NAAAAIBAJ&sjid=8YoDAAAAIBAJ&pg=6167%2C8271614
1964_10_02_JamesMonroe,Bill Humphries,humphriesbill,1964,10/2/1964,James Monroe,jamesmonroe,Yellow Jackets,Away,Maury Stadium,jamesmonroe_home01,Fredericksburg,Virginia,no,,2593,,,https://news.google.com/newspapers?id=SBgQAAAAIBAJ&sjid=jYoDAAAAIBAJ&pg=7410%2C258116
1964_10_08_Spotsylvania,Bill Humphries,humphriesbill,1964,10/8/1964,Spotsylvania,spotsylvania,Knights,Home,,stafford_home01,Fredericksburg,Virginia,no,,,,,https://news.google.com/newspapers?id=TRgQAAAAIBAJ&sjid=jYoDAAAAIBAJ&pg=7220%2C782297
1964_10_19_Osbourn,Bill Humphries,humphriesbill,1964,10/19/1964,Osbourn,osbournpark,Yellow Jackets,Home,,stafford_home01,Fredericksburg,Virginia,no,,,,,https://news.google.com/newspapers?id=N-xNAAAAIBAJ&sjid=jYoDAAAAIBAJ&pg=5898%2C1694074
1964_10_23_Orange,Bill Humphries,humphriesbill,1964,10/23/1964,Orange,orange,Hornets,Away,John Porterfield Park,orange_home01,Orange,Virginia,no,,,,,https://news.google.com/newspapers?id=O-xNAAAAIBAJ&sjid=jYoDAAAAIBAJ&pg=7416%2C2152139
1964_10_29_Culpeper,Bill Humphries,humphriesbill,1964,10/29/1964,Culpeper,culpeper,Blue Devils,Home,,stafford_home01,Fredericksburg,Virginia,no,,,,,https://news.google.com/newspapers?id=QOxNAAAAIBAJ&sjid=jYoDAAAAIBAJ&pg=7276%2C2677817
1964_11_13_Lane,Bill Humphries,humphriesbill,1964,11/13/1964,Lane,lane,Black Knights,Away,,lane_home01,Charlottesville,Virginia,no,,,,,https://news.google.com/newspapers?id=SOxNAAAAIBAJ&sjid=jYoDAAAAIBAJ&pg=4921%2C3949864
1963_09_06_Herndon,Jack Pack,packjack,1963,9/6/1963,Herndon,herndon,Hornets,Home,,stafford_home01,Fredericksburg,Virginia,no,,,1000,,https://news.google.com/newspapers?id=puFNAAAAIBAJ&sjid=J4sDAAAAIBAJ&pg=3524%2C5645995
1963_09_13_Quantico,Jack Pack,packjack,1963,9/13/1963,Quantico,quantico,Devil Warriors,Home,,stafford_home01,Fredericksburg,Virginia,no,,,,,https://news.google.com/newspapers?id=rOFNAAAAIBAJ&sjid=J4sDAAAAIBAJ&pg=5640%2C6201831
1963_09_20_Lane,Jack Pack,packjack,1963,9/20/1963,Lane,lane,Black Knights,Away,,lane_home01,Charlottesville,Virginia,no,,,,,https://news.google.com/newspapers?id=seFNAAAAIBAJ&sjid=J4sDAAAAIBAJ&pg=5072%2C6867989
1963_09_27_GarField,Jack Pack,packjack,1963,9/27/1963,Gar-Field,garfield,Indians,Home,,stafford_home01,Fredericksburg,Virginia,no,,,,,https://news.google.com/newspapers?id=tuFNAAAAIBAJ&sjid=J4sDAAAAIBAJ&pg=4042%2C7499213
1963_10_04_JamesMonroe,Jack Pack,packjack,1963,10/4/1963,James Monroe,jamesmonroe,Yellow Jackets,Away,Maury Stadium,jamesmonroe_home01,Fredericksburg,Virginia,no,,3874,,Second largest crowd at Maury Stadium at the time,https://news.google.com/newspapers?id=ALkwAAAAIBAJ&sjid=sYsDAAAAIBAJ&pg=6916%2C526210
1963_10_10_Spotsylvania,Jack Pack,packjack,1963,10/10/1963,Spotsylvania,spotsylvania,Knights,Away,,spotsylvania_home02,Spotsylvania Courthouse,Virginia,no,,,,,https://news.google.com/newspapers?id=BbkwAAAAIBAJ&sjid=sYsDAAAAIBAJ&pg=6956%2C1046723
1963_10_18_Osbourn,Jack Pack,packjack,1963,10/18/1963,Osbourn,osbournpark,Yellow Jackets,Away,Swavely Field,osbournpark_home01,Manassas,Virginia,no,,,,,https://news.google.com/newspapers?id=DLkwAAAAIBAJ&sjid=sYsDAAAAIBAJ&pg=5390%2C1714373
1963_10_25_Orange,Jack Pack,packjack,1963,10/25/1963,Orange,orange,Hornets,Home,,stafford_home01,Fredericksburg,Virginia,no,,,,,https://news.google.com/newspapers?id=EbkwAAAAIBAJ&sjid=sYsDAAAAIBAJ&pg=5324%2C2296039
1963_11_02_LaPlata-Maryland,Jack Pack,packjack,1963,11/2/1963,La Plata-Maryland,laplata-maryland,Warriors,Away,Milton M. Somers Field,laplata_home01,La Plata,Maryland,no,,,,,https://news.google.com/newspapers?id=GLkwAAAAIBAJ&sjid=sYsDAAAAIBAJ&pg=5527%2C2973542
1963_11_08_LeeDavis,Jack Pack,packjack,1963,11/8/1963,Lee-Davis,Mechanicsville,Confederates,Home,,stafford_home01,Fredericksburg,Virginia,no,,,,,https://news.google.com/newspapers?id=HLkwAAAAIBAJ&sjid=sYsDAAAAIBAJ&pg=4272%2C3489641
1962_09_07_Marshall,Don Hafer,haferdon,1962,9/7/1962,Marshall,marshall,Wolves,Home,,stafford_home01,Fredericksburg,Virginia,no,,,,,https://news.google.com/newspapers?id=ZAAUAAAAIBAJ&sjid=VYoDAAAAIBAJ&pg=4847%2C4603670
1962_09_15_Varina,Don Hafer,haferdon,1962,9/15/1962,Varina,varina,Blue Devils,Home,,stafford_home01,Fredericksburg,Virginia,no,,,,,https://news.google.com/newspapers?id=awAUAAAAIBAJ&sjid=VYoDAAAAIBAJ&pg=7022%2C5195788
1962_09_21_Lane,Don Hafer,haferdon,1962,9/21/1962,Lane,lane,Black Knights,Home,,stafford_home01,Fredericksburg,Virginia,no,,,,,https://news.google.com/newspapers?id=cAAUAAAAIBAJ&sjid=VYoDAAAAIBAJ&pg=5225%2C5722846
1962_09_28_GarField,Don Hafer,haferdon,1962,9/28/1962,Gar-Field,garfield,Indians,Away,,garfield_home01,Woodbridge,Virginia,no,,,,,https://news.google.com/newspapers?id=dgAUAAAAIBAJ&sjid=VYoDAAAAIBAJ&pg=6940%2C6270620
1962_10_05_JamesMonroe,Don Hafer,haferdon,1962,10/5/1962,James Monroe,jamesmonroe,Yellow Jackets,Away,Maury Stadium,jamesmonroe_home01,Fredericksburg,Virginia,no,,2834,,Forfeit; original score James Monroe 28-0,https://news.google.com/newspapers?id=A_hNAAAAIBAJ&sjid=TIsDAAAAIBAJ&pg=7267%2C6332778
1962_10_11_Spotsylvania,Don Hafer,haferdon,1962,10/11/1962,Spotsylvania,spotsylvania,Knights,Home,,stafford_home01,Fredericksburg,Virginia,no,,,,,https://news.google.com/newspapers?id=CPhNAAAAIBAJ&sjid=TIsDAAAAIBAJ&pg=7165%2C5878261
1962_10_20_JRTucker,Don Hafer,haferdon,1962,10/20/1962,J.R. Tucker,jrtucker,Tigers,Home,,stafford_home01,Fredericksburg,Virginia,no,,,,,https://news.google.com/newspapers?id=EPhNAAAAIBAJ&sjid=TIsDAAAAIBAJ&pg=7293%2C5211342
1962_10_26_Orange,Don Hafer,haferdon,1962,10/26/1962,Orange,orange,Hornets,Away,John Porterfield Park,orange_home01,Orange,Virginia,no,,,,,https://news.google.com/newspapers?id=FfhNAAAAIBAJ&sjid=TIsDAAAAIBAJ&pg=6302%2C4790458
1962_11_02_Culpeper,Don Hafer,haferdon,1962,11/2/1962,Culpeper,culpeper,Blue Devils,Away,,culpeper_home01,Culpeper,Virginia,no,,,,,https://news.google.com/newspapers?id=G_hNAAAAIBAJ&sjid=TIsDAAAAIBAJ&pg=7263%2C4291932
1962_11_10_Herndon,Don Hafer,haferdon,1962,11/10/1962,Herndon,herndon,Hornets,Away,,fallschurch_home01,Falls Church,Virginia,no,,,,at Falls Church,https://news.google.com/newspapers?id=IvhNAAAAIBAJ&sjid=TIsDAAAAIBAJ&pg=3661%2C3701250
1961_09_15_Varina,Rock Harrison,harrisonrock,1961,9/15/1961,Varina,varina,Blue Devils,Away,,varina_home01,Henrico,Virginia,no,,,,,https://news.google.com/newspapers?id=LPJNAAAAIBAJ&sjid=qIoDAAAAIBAJ&pg=5686%2C4886670
1961_09_22_ColonialHeights,Rock Harrison,harrisonrock,1961,9/22/1961,Colonial Heights,colonialheights,Colonials,Away,,colonialheights_home01,Colonial Heights,Virginia,no,,,,,https://news.google.com/newspapers?id=MvJNAAAAIBAJ&sjid=qIoDAAAAIBAJ&pg=5969%2C5429833
1961_09_30_GarField,Rock Harrison,harrisonrock,1961,9/30/1961,Gar-Field,garfield,Indians,Home,,stafford_home01,Fredericksburg,Virginia,no,,,,,https://news.google.com/newspapers?id=mHQQAAAAIBAJ&sjid=sIsDAAAAIBAJ&pg=7353%2C45087
1961_10_06_JamesMonroe,Rock Harrison,harrisonrock,1961,10/6/1961,James Monroe,jamesmonroe,Yellow Jackets,Away,Maury Stadium,jamesmonroe_home01,Fredericksburg,Virginia,no,,,,,https://news.google.com/newspapers?id=2PxNAAAAIBAJ&sjid=sIsDAAAAIBAJ&pg=6442%2C440757
1961_10_13_Spotsylvania,Rock Harrison,harrisonrock,1961,10/13/1961,Spotsylvania,spotsylvania,Knights,Away,,spotsylvania_home02,Spotsylvania Courthouse,Virginia,no,,,1700,Largest crowd at Spotsylvania at the time,https://news.google.com/newspapers?id=3vxNAAAAIBAJ&sjid=sIsDAAAAIBAJ&pg=6080%2C933950
1961_10_20_Warren,Rock Harrison,harrisonrock,1961,10/20/1961,Warren,warren,Wildcats,Away,,warren_home01,Front Royal,Virginia,no,,,,,https://news.google.com/newspapers?id=5PxNAAAAIBAJ&sjid=sIsDAAAAIBAJ&pg=2791%2C1433776
1961_10_27_Orange,Rock Harrison,harrisonrock,1961,10/27/1961,Orange,orange,Hornets,Home,,stafford_home01,Fredericksburg,Virginia,no,,,,,https://news.google.com/newspapers?id=6vxNAAAAIBAJ&sjid=sIsDAAAAIBAJ&pg=6725%2C1871813
1961_11_03_Culpeper,Rock Harrison,harrisonrock,1961,11/3/1961,Culpeper,culpeper,Blue Devils,Home,,stafford_home01,Fredericksburg,Virginia,no,,,,,https://news.google.com/newspapers?id=8PxNAAAAIBAJ&sjid=sIsDAAAAIBAJ&pg=2063%2C2411846
1961_11_10_Herndon,Rock Harrison,harrisonrock,1961,11/10/1961,Herndon,herndon,Hornets,Home,,stafford_home01,Fredericksburg,Virginia,no,,,,,https://news.google.com/newspapers?id=9vxNAAAAIBAJ&sjid=sIsDAAAAIBAJ&pg=4550%2C2891967
1960_09_16_GeorgeMason,Rock Harrison,harrisonrock,1960,9/16/1960,George Mason,meridian,Mustangs,Home,,stafford_home01,Fredericksburg,Virginia,no,,,,,https://news.google.com/newspapers?id=PORLAAAAIBAJ&sjid=p4oDAAAAIBAJ&pg=3333%2C900087
1960_09_23_ColonialHeights,Rock Harrison,harrisonrock,1960,9/23/1960,Colonial Heights,colonialheights,Colonials,Home,,stafford_home01,Fredericksburg,Virginia,no,,,,,https://news.google.com/newspapers?id=QuRLAAAAIBAJ&sjid=p4oDAAAAIBAJ&pg=6744%2C353408
1960_10_01_GarField,Rock Harrison,harrisonrock,1960,10/1/1960,Gar-Field,garfield,Indians,Away,,garfield_home01,Woodbridge,Virginia,no,,,,,https://news.google.com/newspapers?id=iKoRAAAAIBAJ&sjid=becDAAAAIBAJ&pg=2087%2C96523
1960_10_07_JamesMonroe,Rock Harrison,harrisonrock,1960,10/7/1960,James Monroe,jamesmonroe,Yellow Jackets,Away,Maury Stadium,jamesmonroe_home01,Fredericksburg,Virginia,no,,2577,,,https://news.google.com/newspapers?id=jaoRAAAAIBAJ&sjid=becDAAAAIBAJ&pg=1069%2C506488
1960_10_13_Spotsylvania,Rock Harrison,harrisonrock,1960,10/13/1960,Spotsylvania,spotsylvania,Knights,Home,,stafford_home01,Fredericksburg,Virginia,no,,,,Visitor's stands collapsed,https://news.google.com/newspapers?id=kqoRAAAAIBAJ&sjid=becDAAAAIBAJ&pg=823%2C893393
1960_10_22_Herndon,Rock Harrison,harrisonrock,1960,10/22/1960,Herndon,herndon,Hornets,Away,,herndon_home01,Herndon,Virginia,no,,,,,https://news.google.com/newspapers?id=mqoRAAAAIBAJ&sjid=becDAAAAIBAJ&pg=1631%2C1500526
1960_10_28_Orange,Rock Harrison,harrisonrock,1960,10/28/1960,Orange,orange,Hornets,Away,John Porterfield Park,orange_home01,Orange,Virginia,no,,,2000,,https://news.google.com/newspapers?id=n6oRAAAAIBAJ&sjid=becDAAAAIBAJ&pg=819%2C1931314
1960_11_04_Culpeper,Rock Harrison,harrisonrock,1960,11/4/1960,Culpeper,culpeper,Blue Devils,Away,,culpeper_home01,Culpeper,Virginia,no,,,,,https://news.google.com/newspapers?id=paoRAAAAIBAJ&sjid=becDAAAAIBAJ&pg=788%2C2422015
1960_11_12_Albemarle,Rock Harrison,harrisonrock,1960,11/12/1960,Albemarle,albemarle,Patriots,Home,,stafford_home01,Fredericksburg,Virginia,no,,,,,https://news.google.com/newspapers?id=rKoRAAAAIBAJ&sjid=becDAAAAIBAJ&pg=810%2C2948946
1960_11_18_Warren,Rock Harrison,harrisonrock,1960,11/18/1960,Warren,warren,Wildcats,Home,,stafford_home01,Fredericksburg,Virginia,no,,,,,https://news.google.com/newspapers?id=saoRAAAAIBAJ&sjid=becDAAAAIBAJ&pg=944%2C3342290
1959_09_11_JamesMonroe,Rock Harrison,harrisonrock,1959,9/11/1959,James Monroe,jamesmonroe,Yellow Jackets,Away,Maury Stadium,jamesmonroe_home01,Fredericksburg,Virginia,no,,2350,,,https://news.google.com/newspapers?id=it9NAAAAIBAJ&sjid=-4oDAAAAIBAJ&pg=6950%2C5008586
1959_09_18_Orange,Rock Harrison,harrisonrock,1959,9/18/1959,Orange,orange,Hornets,Home,,stafford_home01,Fredericksburg,Virginia,no,,,,,https://news.google.com/newspapers?id=jd9NAAAAIBAJ&sjid=-4oDAAAAIBAJ&pg=1708%2C5575262
1959_09_25_Culpeper,Rock Harrison,harrisonrock,1959,9/25/1959,Culpeper,culpeper,Blue Devils,Home,,stafford_home01,Fredericksburg,Virginia,no,,,,,https://news.google.com/newspapers?id=kN9NAAAAIBAJ&sjid=-4oDAAAAIBAJ&pg=6077%2C6060157
1959_10_03_GeorgeMason,Rock Harrison,harrisonrock,1959,10/3/1959,George Mason,meridian,Mustangs,Away,,meridian_home01,Falls Church,Virginia,no,,,,,https://news.google.com/newspapers?id=p_BNAAAAIBAJ&sjid=nooDAAAAIBAJ&pg=6852%2C303773
1959_10_09_Spotsylvania,Rock Harrison,harrisonrock,1959,10/9/1959,Spotsylvania,spotsylvania,Knights,Home,,stafford_home01,Fredericksburg,Virginia,no,,,,,https://news.google.com/newspapers?id=rPBNAAAAIBAJ&sjid=nooDAAAAIBAJ&pg=1822%2C720828
1959_10_23_LeeDavis,Rock Harrison,harrisonrock,1959,10/23/1959,Lee-Davis,Mechanicsville,Confederates,Home,,stafford_home01,Fredericksburg,Virginia,no,,,,,https://news.google.com/newspapers?id=uPBNAAAAIBAJ&sjid=nooDAAAAIBAJ&pg=4085%2C1757673
1959_10_30_GarField,Rock Harrison,harrisonrock,1959,10/30/1959,Gar-Field,garfield,Indians,Home,,stafford_home01,Fredericksburg,Virginia,no,,,,,https://news.google.com/newspapers?id=vvBNAAAAIBAJ&sjid=nooDAAAAIBAJ&pg=2273%2C2264451
1959_11_06_Albemarle,Rock Harrison,harrisonrock,1959,11/6/1959,Albemarle,albemarle,Patriots,Away,,albemarle_home01,Charlottesville,Virginia,no,,,,,https://news.google.com/newspapers?id=xPBNAAAAIBAJ&sjid=nooDAAAAIBAJ&pg=4400%2C2798181
1959_11_13_KingGeorge,Rock Harrison,harrisonrock,1959,11/13/1959,King George,kinggeorge,Foxes,Home,,stafford_home01,Fredericksburg,Virginia,no,,,,,https://news.google.com/newspapers?id=yvBNAAAAIBAJ&sjid=nooDAAAAIBAJ&pg=2272%2C3287002
1958_09_12_JamesMonroe,Bob Stover,stoverbob,1958,9/12/1958,James Monroe,jamesmonroe,Yellow Jackets,Away,Maury Stadium,jamesmonroe_home01,Fredericksburg,Virginia,no,,,1800,,https://news.google.com/newspapers?id=odNNAAAAIBAJ&sjid=a4oDAAAAIBAJ&pg=6909%2C5080844
1958_09_19_Orange,Bob Stover,stoverbob,1958,9/19/1958,Orange,orange,Hornets,Away,John Porterfield Park,orange_home01,Orange,Virginia,no,,,,,https://news.google.com/newspapers?id=p9NNAAAAIBAJ&sjid=a4oDAAAAIBAJ&pg=4921%2C5633575
1958_09_26_Culpeper,Bob Stover,stoverbob,1958,9/26/1958,Culpeper,culpeper,Blue Devils,Away,,culpeper_home01,Culpeper,Virginia,no,,,,,https://news.google.com/newspapers?id=rdNNAAAAIBAJ&sjid=a4oDAAAAIBAJ&pg=6687%2C6154470
1958_10_03_Varina,Bob Stover,stoverbob,1958,10/3/1958,Varina,varina,Blue Devils,Home,,stafford_home01,Fredericksburg,Virginia,no,,,,First after-dark football game at home,https://news.google.com/newspapers?id=suZLAAAAIBAJ&sjid=-4sDAAAAIBAJ&pg=6685%2C354861
1958_10_10_Spotsylvania,Bob Stover,stoverbob,1958,10/10/1958,Spotsylvania,spotsylvania,Knights,Home,,stafford_home01,Fredericksburg,Virginia,no,,,,,https://news.google.com/newspapers?id=uOZLAAAAIBAJ&sjid=-4sDAAAAIBAJ&pg=6760%2C871385
1958_10_17_LeeDavis,Bob Stover,stoverbob,1958,10/17/1958,Lee-Davis,Mechanicsville,Confederates,Away,,mechanicsville_home01,Mechanicsville,Virginia,no,,,,,https://news.google.com/newspapers?id=vuZLAAAAIBAJ&sjid=-4sDAAAAIBAJ&pg=4849%2C1407798
1958_10_24_KingGeorge,Bob Stover,stoverbob,1958,10/24/1958,King George,kinggeorge,Foxes,Away,Thomas Lomax Hunter Field,kinggeorge_home01,King George,Virginia,no,,,,,https://news.google.com/newspapers?id=xOZLAAAAIBAJ&sjid=-4sDAAAAIBAJ&pg=6961%2C1955443
1958_10_31_GarField,Bob Stover,stoverbob,1958,10/31/1958,Gar-Field,garfield,Indians,Away,,triangle_home01,Triangle,Virginia,no,,,,at Triangle,https://news.google.com/newspapers?id=yuZLAAAAIBAJ&sjid=-4sDAAAAIBAJ&pg=6808%2C2480609
1958_11_07_Midlothian,Bob Stover,stoverbob,1958,11/7/1958,Midlothian,midlothian,Trojans,Home,,stafford_home01,Fredericksburg,Virginia,no,,,,,https://news.google.com/newspapers?id=0OZLAAAAIBAJ&sjid=-4sDAAAAIBAJ&pg=3496%2C3031301
1958_11_14_Madison,Bob Stover,stoverbob,1958,11/14/1958,Madison,madison,Mountaineers,Home,,stafford_home01,Fredericksburg,Virginia,no,,,,,https://news.google.com/newspapers?id=1uZLAAAAIBAJ&sjid=-4sDAAAAIBAJ&pg=4659%2C3527926
1957_09_13_Benedictine,Bob Stover,stoverbob,1957,9/13/1957,Benedictine,benedictine,Cadets,Away,City Stadium,citystadium_richmond01,Richmond,Virginia,no,,,500,,https://news.google.com/newspapers?id=seFLAAAAIBAJ&sjid=tooDAAAAIBAJ&pg=6623%2C1153489
1957_09_19_Orange,Bob Stover,stoverbob,1957,9/19/1957,Orange,orange,Hornets,Home,Maury Stadium,jamesmonroe_home01,Fredericksburg,Virginia,no,,,,,https://news.google.com/newspapers?id=tuFLAAAAIBAJ&sjid=tooDAAAAIBAJ&pg=5273%2C649565
1957_09_27_JamesMonroe,Bob Stover,stoverbob,1957,9/27/1957,James Monroe,jamesmonroe,Yellow Jackets,Away,Maury Stadium,jamesmonroe_home01,Fredericksburg,Virginia,no,,1557,,,https://news.google.com/newspapers?id=vOFLAAAAIBAJ&sjid=tooDAAAAIBAJ&pg=6915%2C94334
1957_10_04_Varina,Bob Stover,stoverbob,1957,10/4/1957,Varina,varina,Blue Devils,Away,,varina_home01,Henrico,Virginia,no,,,,,https://news.google.com/newspapers?id=adZNAAAAIBAJ&sjid=vIoDAAAAIBAJ&pg=5060%2C421814
1957_10_10_Spotsylvania,Bob Stover,stoverbob,1957,10/10/1957,Spotsylvania,spotsylvania,Knights,Home,Maury Stadium,jamesmonroe_home01,Fredericksburg,Virginia,no,,,,,https://news.google.com/newspapers?id=GiIRAAAAIBAJ&sjid=vIoDAAAAIBAJ&pg=4947%2C852121
1957_10_17_ThomasDale,Bob Stover,stoverbob,1957,10/17/1957,Thomas Dale,thomasdale,Knights,Home,Maury Stadium,jamesmonroe_home01,Fredericksburg,Virginia,no,,,,,https://news.google.com/newspapers?id=HyIRAAAAIBAJ&sjid=vIoDAAAAIBAJ&pg=7231%2C1356693
1957_11_02_GarField,Bob Stover,stoverbob,1957,11/2/1957,Gar-Field,garfield,Indians,Home,Maury Stadium,jamesmonroe_home01,Fredericksburg,Virginia,no,,,,,https://news.google.com/newspapers?id=edZNAAAAIBAJ&sjid=vIoDAAAAIBAJ&pg=7006%2C2571329
1957_11_08_Midlothian,Bob Stover,stoverbob,1957,11/8/1957,Midlothian,midlothian,Trojans,Away,,midlothian_home01,Midlothian,Virginia,no,,,,,https://news.google.com/newspapers?id=MiIRAAAAIBAJ&sjid=vIoDAAAAIBAJ&pg=4271%2C3106616
1957_11_16_Madison,Bob Stover,stoverbob,1957,11/16/1957,Madison,madison,Mountaineers,Away,John Porterfield Park,orange_home01,Orange,Virginia,no,,,,at Orange,https://news.google.com/newspapers?id=OSIRAAAAIBAJ&sjid=vIoDAAAAIBAJ&pg=7336%2C3754586
1957_11_21_WashingtonHenry,Bob Stover,stoverbob,1957,11/21/1957,Washington-Henry,washingtonhenry,Statesmen,Home,,stafford_home01,Fredericksburg,Virginia,no,,,,,https://news.google.com/newspapers?id=PSIRAAAAIBAJ&sjid=vIoDAAAAIBAJ&pg=6865%2C4125360
1956_09_15_Benedictine,Earl Cunningham,cunninghamearl,1956,9/15/1956,Benedictine,benedictine,Cadets,Home,Maury Stadium,jamesmonroe_home01,Fredericksburg,Virginia,no,,,,,https://news.google.com/newspapers?id=8NNNAAAAIBAJ&sjid=ZooDAAAAIBAJ&pg=7269%2C6088526
1956_09_21_Orange,Earl Cunningham,cunninghamearl,1956,9/21/1956,Orange,orange,Hornets,Away,John Porterfield Park,orange_home01,Orange,Virginia,no,,,,,https://news.google.com/newspapers?id=9dNNAAAAIBAJ&sjid=ZooDAAAAIBAJ&pg=6080%2C6671162
1956_09_28_JamesMonroe,Earl Cunningham,cunninghamearl,1956,9/28/1956,James Monroe,jamesmonroe,Yellow Jackets,Away,Maury Stadium,jamesmonroe_home01,Fredericksburg,Virginia,no,,1663,,,https://www.newspapers.com/image/866668868/
1956_10_04_Varina,Earl Cunningham,cunninghamearl,1956,10/4/1956,Varina,varina,Blue Devils,Home,Maury Stadium,jamesmonroe_home01,Fredericksburg,Virginia,no,,,,,https://news.google.com/newspapers?id=lXwTAAAAIBAJ&sjid=QIoDAAAAIBAJ&pg=2918%2C6513442
1956_10_12_Spotsylvania,Earl Cunningham,cunninghamearl,1956,10/12/1956,Spotsylvania,spotsylvania,Knights,Home,Maury Stadium,jamesmonroe_home01,Fredericksburg,Virginia,no,,,,,https://news.google.com/newspapers?id=nHwTAAAAIBAJ&sjid=QIoDAAAAIBAJ&pg=1302%2C5957681
1956_10_19_ThomasDale,Earl Cunningham,cunninghamearl,1956,10/19/1956,Thomas Dale,thomasdale,Knights,Away,Thomas Dale Football Field,thomasdale_home01,Chester,Virginia,no,,,,,https://news.google.com/newspapers?id=uctNAAAAIBAJ&sjid=QIoDAAAAIBAJ&pg=3216%2C5458809
1956_10_26_WashingtonHenry,Earl Cunningham,cunninghamearl,1956,10/26/1956,Washington-Henry,washingtonhenry,Statesmen,Away,,washingtonhenry_home01,Mechanicsville,Virginia,no,,,,,https://news.google.com/newspapers?id=v8tNAAAAIBAJ&sjid=QIoDAAAAIBAJ&pg=1302%2C4838657
1956_11_09_Midlothian,Earl Cunningham,cunninghamearl,1956,11/9/1956,Midlothian,midlothian,Trojans,Home,,stafford_home01,Fredericksburg,Virginia,no,,,,,https://news.google.com/newspapers?id=ystNAAAAIBAJ&sjid=QIoDAAAAIBAJ&pg=1050%2C3786267
1956_11_20_GarField,Earl Cunningham,cunninghamearl,1956,11/20/1956,Gar-Field,garfield,Indians,Away,,garfield_home01,Woodbridge,Virginia,no,,,,,https://news.google.com/newspapers?id=08tNAAAAIBAJ&sjid=QIoDAAAAIBAJ&pg=955%2C3001228
1955_09_24_Orange,Charlie Phillips,phillipscharlie,1955,9/24/1955,Orange,orange,Hornets,Home,Maury Stadium,jamesmonroe_home01,Fredericksburg,Virginia,no,,,600,,https://news.google.com/newspapers?id=ON5LAAAAIBAJ&sjid=3ooDAAAAIBAJ&pg=928%2C490790
1955_10_01_ThomasDale,Charlie Phillips,phillipscharlie,1955,10/1/1955,Thomas Dale,thomasdale,Knights,Home,Maury Stadium,jamesmonroe_home01,Fredericksburg,Virginia,no,,,500,,https://news.google.com/newspapers?id=qgMUAAAAIBAJ&sjid=t4oDAAAAIBAJ&pg=7078%2C56838
1955_10_07_Varina,Charlie Phillips,phillipscharlie,1955,10/7/1955,Varina,varina,Blue Devils,Away,,varina_home01,Henrico,Virginia,no,,,,,https://news.google.com/newspapers?id=rwMUAAAAIBAJ&sjid=t4oDAAAAIBAJ&pg=4996%2C546104
1955_10_13_Spotsylvania,Charlie Phillips,phillipscharlie,1955,10/13/1955,Spotsylvania,spotsylvania,Knights,Home,Maury Stadium,jamesmonroe_home01,Fredericksburg,Virginia,no,,,,,https://news.google.com/newspapers?id=tAMUAAAAIBAJ&sjid=t4oDAAAAIBAJ&pg=6671%2C1026183
1955_10_22_Warrenton,Charlie Phillips,phillipscharlie,1955,10/22/1955,Warrenton,warrenton,Warriors,Home,Maury Stadium,jamesmonroe_home01,Fredericksburg,Virginia,no,,,,,https://news.google.com/newspapers?id=vAMUAAAAIBAJ&sjid=t4oDAAAAIBAJ&pg=6236%2C1801423
1955_11_04_Madison,Charlie Phillips,phillipscharlie,1955,11/4/1955,Madison,madison,Mountaineers,Home,,stafford_home01,Fredericksburg,Virginia,no,,,,,https://news.google.com/newspapers?id=LtVNAAAAIBAJ&sjid=t4oDAAAAIBAJ&pg=6699%2C2850116
1955_11_11_Louisa,Charlie Phillips,phillipscharlie,1955,11/11/1955,Louisa,louisa,Rebels,Away,,louisa_home01,Mineral,Virginia,no,,,700,,https://news.google.com/newspapers?id=xwMUAAAAIBAJ&sjid=t4oDAAAAIBAJ&pg=6867%2C3361673
1955_11_17_GarField,Charlie Phillips,phillipscharlie,1955,11/17/1955,Gar-Field,garfield,Indians,Home,Maury Stadium,jamesmonroe_home01,Fredericksburg,Virginia,no,,,,,https://news.google.com/newspapers?id=zAMUAAAAIBAJ&sjid=t4oDAAAAIBAJ&pg=4794%2C3842298
1955_11_24_JamesMonroe,Charlie Phillips,phillipscharlie,1955,11/24/1955,James Monroe,jamesmonroe,Yellow Jackets,Away,Maury Stadium,jamesmonroe_home01,Fredericksburg,Virginia,no,,,1940,,https://news.google.com/newspapers?id=0QMUAAAAIBAJ&sjid=t4oDAAAAIBAJ&pg=5431%2C4282380
1954_09_24_Orange,Charlie Phillips,phillipscharlie,1954,9/24/1954,Orange,orange,Hornets,Away,John Porterfield Park,orange_home01,Orange,Virginia,no,,,,,https://news.google.com/newspapers?id=uqleAAAAIBAJ&sjid=UIoDAAAAIBAJ&pg=7017%2C6349276
1954_10_02_Osbourn,Charlie Phillips,phillipscharlie,1954,10/2/1954,Osbourn,osbournpark,Yellow Jackets,Home,Maury Stadium,jamesmonroe_home01,Fredericksburg,Virginia,no,,,450,,https://news.google.com/newspapers?id=dIUTAAAAIBAJ&sjid=4ooDAAAAIBAJ&pg=7118%2C161363
1954_10_09_Varina,Charlie Phillips,phillipscharlie,1954,10/9/1954,Varina,varina,Blue Devils,Home,Maury Stadium,jamesmonroe_home01,Fredericksburg,Virginia,no,,,500,,https://news.google.com/newspapers?id=eoUTAAAAIBAJ&sjid=4ooDAAAAIBAJ&pg=5538%2C661948
1954_10_16_Spotsylvania,Charlie Phillips,phillipscharlie,1954,10/16/1954,Spotsylvania,spotsylvania,Knights,Home,Maury Stadium,jamesmonroe_home01,Fredericksburg,Virginia,no,,,750,,https://news.google.com/newspapers?id=gIUTAAAAIBAJ&sjid=4ooDAAAAIBAJ&pg=7038%2C1174105
1954_10_22_Warrenton,Charlie Phillips,phillipscharlie,1954,10/22/1954,Warrenton,warrenton,Warriors,Away,Benner Field,warrenton_home01,Warrenton,Virginia,no,,,,,https://news.google.com/newspapers?id=hYUTAAAAIBAJ&sjid=4ooDAAAAIBAJ&pg=7015%2C1716260
1954_11_05_Madison,Charlie Phillips,phillipscharlie,1954,11/5/1954,Madison,madison,Mountaineers,Away,,madison_home01,Madison,Virginia,no,,,,,https://news.google.com/newspapers?id=r0lcAAAAIBAJ&sjid=4ooDAAAAIBAJ&pg=7060%2C2772693
1954_11_11_Louisa,Charlie Phillips,phillipscharlie,1954,11/11/1954,Louisa,louisa,Rebels,Home,,stafford_home01,Fredericksburg,Virginia,no,,,,First game on Stafford High School campus,https://news.google.com/newspapers?id=tElcAAAAIBAJ&sjid=4ooDAAAAIBAJ&pg=7257%2C3194875
1954_11_19_ThomasDale,Charlie Phillips,phillipscharlie,1954,11/19/1954,Thomas Dale,thomasdale,Knights,Away,Thomas Dale Football Field,thomasdale_home01,Chester,Virginia,no,,,,,https://news.google.com/newspapers?id=u0lcAAAAIBAJ&sjid=4ooDAAAAIBAJ&pg=7125%2C3782317
1954_11_25_JamesMonroe,Charlie Phillips,phillipscharlie,1954,11/25/1954,James Monroe,jamesmonroe,Yellow Jackets,Away,Maury Stadium,jamesmonroe_home01,Fredericksburg,Virginia,no,,,1500,,https://news.google.com/newspapers?id=v0lcAAAAIBAJ&sjid=4ooDAAAAIBAJ&pg=7138%2C4169330
1953_09_18_Varina,Jack Lewis,lewisjack,1953,9/18/1953,Varina,varina,Blue Devils,Away,,varina_home01,Henrico,Virginia,no,,,,,https://news.google.com/newspapers?id=iudLAAAAIBAJ&sjid=HYwDAAAAIBAJ&pg=3212%2C2334131
1953_09_24_Orange,Jack Lewis,lewisjack,1953,9/24/1953,Orange,orange,Hornets,Home,Maury Stadium,jamesmonroe_home01,Fredericksburg,Virginia,no,,,600,,https://news.google.com/newspapers?id=j-dLAAAAIBAJ&sjid=HYwDAAAAIBAJ&pg=4044%2C3022067
1953_10_03_Osbourn,Jack Lewis,lewisjack,1953,10/3/1953,Osbourn,osbournpark,Yellow Jackets,Away,Swavely Field,osbournpark_home01,Manassas,Virginia,no,,,,,https://news.google.com/newspapers?id=L9FNAAAAIBAJ&sjid=S4oDAAAAIBAJ&pg=6912%2C305572
1953_10_10_Manchester,Jack Lewis,lewisjack,1953,10/10/1953,Manchester,manchester,Lancers,Away,,manchester_home01,Midlothian,Virginia,no,,,,,https://news.google.com/newspapers?id=NdFNAAAAIBAJ&sjid=S4oDAAAAIBAJ&pg=4819%2C803142
1953_10_15_Spotsylvania,Jack Lewis,lewisjack,1953,10/15/1953,Spotsylvania,spotsylvania,Knights,Home,Maury Stadium,jamesmonroe_home01,Fredericksburg,Virginia,no,,,,,https://news.google.com/newspapers?id=OdFNAAAAIBAJ&sjid=S4oDAAAAIBAJ&pg=7058%2C1244188
1953_10_24_FallsChurch,Jack Lewis,lewisjack,1953,10/24/1953,Falls Church,fallschurch,Jaguars,Away,,fallschurch_home01,Falls Church,Virginia,no,,,,,https://news.google.com/newspapers?id=QdFNAAAAIBAJ&sjid=S4oDAAAAIBAJ&pg=5301%2C1913260
1953_11_07_Madison,Jack Lewis,lewisjack,1953,11/7/1953,Madison,madison,Mountaineers,Home,Maury Stadium,jamesmonroe_home01,Fredericksburg,Virginia,no,,,,,https://news.google.com/newspapers?id=TdFNAAAAIBAJ&sjid=S4oDAAAAIBAJ&pg=6901%2C2952472
1953_11_14_ThomasDale,Jack Lewis,lewisjack,1953,11/14/1953,Thomas Dale,thomasdale,Knights,Home,Maury Stadium,jamesmonroe_home01,Fredericksburg,Virginia,no,,,250,,https://news.google.com/newspapers?id=U9FNAAAAIBAJ&sjid=S4oDAAAAIBAJ&pg=6918%2C3473586
1953_11_26_JamesMonroe,Jack Lewis,lewisjack,1953,11/26/1953,James Monroe,jamesmonroe,Yellow Jackets,Away,Maury Stadium,jamesmonroe_home01,Fredericksburg,Virginia,no,,,1900,,https://news.google.com/newspapers?id=XNFNAAAAIBAJ&sjid=S4oDAAAAIBAJ&pg=6862%2C4222118
1952_09_18_Varina,Graham Morris,morrisgraham,1952,9/18/1952,Varina,varina,Blue Devils,Home,Maury Stadium,jamesmonroe_home01,Fredericksburg,Virginia,no,,,,,https://news.google.com/newspapers?id=5MNHAAAAIBAJ&sjid=zYoDAAAAIBAJ&pg=5689%2C2119438
1952_09_27_HenryClay,Graham Morris,morrisgraham,1952,9/27/1952,Henry Clay,henryclay,Eagles,Home,Maury Stadium,jamesmonroe_home01,Fredericksburg,Virginia,no,,,,,https://news.google.com/newspapers?id=7MNHAAAAIBAJ&sjid=zYoDAAAAIBAJ&pg=5246%2C3125281
1952_10_03_Culpeper,Graham Morris,morrisgraham,1952,10/3/1952,Culpeper,culpeper,Blue Devils,Away,,culpeper_home01,Culpeper,Virginia,no,,,,Forfeit; 11:49 left in 2nd quarter,https://news.google.com/newspapers?id=afoTAAAAIBAJ&sjid=mooDAAAAIBAJ&pg=4028%2C530594
1952_10_09_Manchester,Graham Morris,morrisgraham,1952,10/9/1952,Manchester,manchester,Lancers,Home,Maury Stadium,jamesmonroe_home01,Fredericksburg,Virginia,no,,,,,https://news.google.com/newspapers?id=bvoTAAAAIBAJ&sjid=mooDAAAAIBAJ&pg=4071%2C1225961
1952_10_18_Spotsylvania,Graham Morris,morrisgraham,1952,10/18/1952,Spotsylvania,spotsylvania,Knights,Home,Maury Stadium,jamesmonroe_home01,Fredericksburg,Virginia,no,,,,,https://news.google.com/newspapers?id=dvoTAAAAIBAJ&sjid=mooDAAAAIBAJ&pg=2526%2C2256868
1952_10_25_FallsChurch,Graham Morris,morrisgraham,1952,10/25/1952,Falls Church,fallschurch,Jaguars,Home,Maury Stadium,jamesmonroe_home01,Fredericksburg,Virginia,no,,,,,https://news.google.com/newspapers?id=lL5HAAAAIBAJ&sjid=mooDAAAAIBAJ&pg=1814%2C3062339
1952_11_07_Madison,Graham Morris,morrisgraham,1952,11/7/1952,Madison,madison,Mountaineers,Away,John Porterfield Park,orange_home01,Orange,Virginia,no,,,,at Orange,https://news.google.com/newspapers?id=n75HAAAAIBAJ&sjid=mooDAAAAIBAJ&pg=4768%2C4836102
1952_11_14_ThomasDale,Graham Morris,morrisgraham,1952,11/14/1952,Thomas Dale,thomasdale,Knights,Away,Thomas Dale Football Field,thomasdale_home01,Chester,Virginia,no,,,,,https://news.google.com/newspapers?id=pL5HAAAAIBAJ&sjid=mooDAAAAIBAJ&pg=5849%2C5631634
1952_11_27_JamesMonroe,Graham Morris,morrisgraham,1952,11/27/1952,James Monroe,jamesmonroe,Yellow Jackets,Away,Maury Stadium,jamesmonroe_home01,Fredericksburg,Virginia,no,,,2000,,https://news.google.com/newspapers?id=rr5HAAAAIBAJ&sjid=mooDAAAAIBAJ&pg=4037%2C7000742
