player,player_id,season,position,height,weight,class,jersey_number
Charles Abel,abelcharles,1952,Center,,195,Senior,56
Don Ballard,ballarddon,1952,Center,,159,Freshman,53
Harold Berry,berryharold,1952,Halfback,,130,Freshman,33
Clay Callahan,callahanclay,1952,Guard,,155,Junior,55
Charles Chilton,chiltoncharles,1952,Quarterback,,145,Senior,42
James Crowe,crowejames,1952,Fullback,,185,Senior,63
David Decatur,decaturdavid,1952,Fullback,,152,Sophomore,50
Jeff Decatur,decaturjeff,1952,Tackle,,189,Senior,59
Karl Dobson,dobsonkarl,1952,Offensive Guard,,150,Junior,51
Sonny Fines,finessonny,1952,Guard,,126,Sophomore,39
Edward Gallahan,gallahanedward,1952,Halfback,,140,,43
Robert Hicks,hicksrobert,1952,Offensive Tackle,,210,Senior,62
Buck Jett,jettbuck,1952,,,,,
Snowden Jett,jettsnowden,1952,Guard,,140,Senior,37
Mack Jones,jonesmack,1952,Guard,,165,Sophomore,52
Terry Layton,laytonterry,1952,Halfback,,159,Junior,35
Jerry McCormick,mccormickjerry,1952,Tackle,,151,Junior,41
David Meade,meadedavid,1952,End,,143,Sophomore,47
Cloe Morrison,morrisoncloe,1952,End,,165,Senior,64
James Patton,pattonjames,1952,Quarterback,,140,Sophomore,36
Allen Prince,princeallen,1952,Halfback,,135,Sophomore,38
Kendall Purks,purkskendall,1952,Guard,,125,Freshman,60
Billy Tex Rittner,rittnerbillytex,1952,Halfback,,141,Junior,34
Kenny Ray Shelton,sheltonkennyray,1952,End,,148,Sophomore,40
Burrell Sullivan,sullivanburrell,1952,Offensive Guard,,166,Senior,48
Norman Sullivan,sullivannorman1,1952,Halfback,,128,Sophomore,
Duffy Walker,walkerduffy,1952,Offensive Tackle,,165,Junior,46
John Way,wayjohn,1952,Fullback,,150,Senior,44
Jack Wheeler,wheelerjack,1952,End,,161,Senior,49
Don Ballard,ballarddon,1953,Center,"5'10""",160,Sophomore,
Melvin Beach,beachmelvin,1953,Tackle,"6'1.5""",215,Junior,
Harold Berry,berryharold,1953,Back,"5'8""",143,Sophomore,
Willis Boutchyard,boutchyardwillis,1953,End,"6'1""",170,Sophomore,
Clay Callahan,callahanclay,1953,Guard,"5'8""",165,Senior,
John Mack Chinn,chinnjohnmack,1953,Back,"5'8""",145,Junior,
Ronnie Conyers,conyersronnie,1953,Center,6',160,Sophomore,
David Decatur,decaturdavid,1953,Back,"5'11""",160,Junior,
Karl Dobson,dobsonkarl,1953,Guard,"5'8""",155,Senior,
Sonny Fines,finessonny,1953,Guard,"5'10""",146,Junior,
Lawrence Fulford,fulfordlawrence,1953,End,"6'1""",171,Senior,
Mack Jones,jonesmack,1953,Tackle,"5'11""",166,Junior,
Terry Layton,laytonterry,1953,Back,"5'11""",167,Senior,
Jerry McCormick,mccormickjerry,1953,Tackle,6',160,Senior,
David Meade,meadedavid,1953,Tackle,6',155,Junior,
James Patton,pattonjames,1953,Back,"5'10""",148,Junior,
Larry Patton,pattonlarry,1953,Back,"5'8""",140,Sophomore,
Kendall Purks,purkskendall,1953,Guard,"5'8""",145,Sophomore,
Billy Tex Rittner,rittnerbillytex,1953,Back,"5'11""",150,Senior,
Kenny Ray Shelton,sheltonkennyray,1953,End,"6'1""",150,Junior,
Gerald Snellings,snellingsgerald,1953,Back,"5'8""",149,Freshman,
Buddy Sullivan,sullivanbuddy,1953,Guard,"5'8""",143,Freshman,
Norman Sullivan,sullivannorman1,1953,Back,"5'8""",141,Junior,
Wallace Sullivan,sullivanwallace,1953,Guard,"5'8""",147,Junior,
Danny Torrice,torricedanny1,1953,Tackle,"5'9.5""",173,Freshman,
Duffy Walker,walkerduffy,1953,Back,6',162,Senior,
Ed Wilson,wilsoned,1953,End,"5'10.5""",151,Junior,
Don Ballard,ballarddon,1954,Guard,"5'10""",166,Junior,45
Alton Beach,beachalton,1954,End,"5'10""",140,Junior,43
Melvin Beach,beachmelvin,1954,Tackle,6',196,Senior,53
Harold Berry,berryharold,1954,Back,"5'7""",125,Junior,23
Willis Boutchyard,boutchyardwillis,1954,Tackle,"5'11""",172,Junior,48
Jimmy Brown,brownjimmy,1954,Back,"5'7""",140,Junior,33
Gilbert Chilton,chiltongilbert,1954,Guard,"5'7""",160,Sophomore,55
John Mack Chinn,chinnjohnmack,1954,Back,"5'8""",150,Senior,26
Ronnie Conyers,conyersronnie,1954,Back,"5'9""",156,Junior,26
George Cooper,coopergeorge,1954,End,"5'10""",130,Sophomore,39
Earl Cox,coxearl,1954,Center,"5'6""",147,Senior,50
Ralph Crowe,croweralph,1954,Back,"5'10""",145,Sophomore,32
Max Davenport,davenportmax,1954,Guard,"5'5""",137,Sophomore,35
David Decatur,decaturdavid,1954,Back,"5'8""",165,Senior,47
Norman Dobson,dobsonnorman,1954,Center,"5'5""",146,Senior,51
Sonny Fines,finessonny,1954,Guard,"5'8""",156,Senior,52
Lawrence Fulford,fulfordlawrence,1954,Back,"6'1""",175,Senior,25
William Greenlaw,greenlawwilliam,1954,Tackle,"5'10""",150,Senior,35
Lynwood Groves,groveslynwood,1954,Back,"5'9""",155,Sophomore,27
Jessie Latham,lathamjessie,1954,End,"5'9""",146,Senior,34
Ludwell Lee,leeludwell,1954,Tackle,"5'9""",165,Junior,49
David Meade,meadedavid,1954,End,"5'9""",146,Senior,46
James Patton,pattonjames,1954,Back,"5'8""",145,Senior,20
Larry Patton,pattonlarry,1954,Back,"5'6""",140,Junior,21
Donnie Payne,paynedonnie,1954,Back,"5'4""",140,Junior,22
Allen Prince,princeallen,1954,End,"5'11""",146,Senior,36
Jimmy Seymour,seymourjimmy,1954,Center,"5'10""",146,Junior,30
Charles Sullivan,sullivancharles,1954,Guard,"5'6""",146,Sophomore,41
Ronnie Thomas,thomasronnie,1954,Guard,"5'7""",156,Sophomore,44
Danny Torrice,torricedanny1,1954,Tackle,"5'8""",180,Sophomore,54
Bill Wilson,wilsonbill,1954,Tackle,6',156,Sophomore,40
Ed Wilson,wilsoned,1954,End,"5'11""",156,Senior,42
John Young,youngjohn,1954,Back,"5'9""",150,Senior,29
John Averett,averettjohn,1955,Halfback,"5'10.5""",140,Senior,
Don Ballard,ballarddon,1955,Center,"5'10""",161,Senior,
Alton Beach,beachalton,1955,End,"5'11""",145,Senior,
Harold Berry,berryharold,1955,Quarterback,"5'9""",132,Senior,
Harold Boutchyard,boutchyardharold,1955,Quarterback,"5'10""",135,Junior,
Jimmy Brown,brownjimmy,1955,Guard,"5'10""",165,Senior,
Gilbert Chilton,chiltongilbert,1955,Guard,"5'8""",181,Junior,
Ronnie Conyers,conyersronnie,1955,Fullback,6',165,Senior,
George Cooper,coopergeorge,1955,End,"6'1""",145,Junior,
Max Davenport,davenportmax,1955,Halfback,"5'6""",148,Junior,
Irvin Dye,dyeirvin,1955,Tackle,"6'1""",180,Sophomore,
Darwin Fulford,fulforddarwin,1955,Halfback,"5'11.5""",150,Junior,
Ed Fulford,fulforded,1955,End,6',141,Junior,
Lynwood Groves,groveslynwood,1955,Fullback,"5'9""",154,Junior,
Stuart Herndon,herndonstuart,1955,End,6',150,Senior,
James Jett,jettjames,1955,End,"6'1""",160,Senior,
Robert Kerns,kernsrobert,1955,Tackle,"5'11""",160,Junior,
Robert Killinger,killingerrobert,1955,Center,"5'5""",140,Junior,
Clarence Krieger,kriegerclarence,1955,Guard,"5'7""",130,Sophomore,
Frankie Laine,lainefrankie,1955,Tackle,"6'2""",165,Junior,
Ludwell Lee,leeludwell,1955,Tackle,"5'11""",167,Senior,
Larry Patton,pattonlarry,1955,Halfback,"5'8""",135,Senior,
Donnie Payne,paynedonnie,1955,Quarterback,"5'9""",140,Senior,
Donald Snellings,snellingsdonald,1955,End,"5'10""",135,Senior,
Tommy Stephens,stephenstommy,1955,Halfback,"5'6""",160,Junior,
Ronnie Thomas,thomasronnie,1955,Guard,"5'9""",140,Junior,
Danny Torrice,torricedanny1,1955,Tackle,"5'10""",181,Junior,
John Zitz,zitzjohn,1955,Halfback,"5'7""",167,Junior,
Ron Beverly,beverlyron,1956,End,"6'2""",165,Junior,
Harold Boutchyard,boutchyardharold,1956,Quarterback,"5'11""",140,Senior,
James Bullock,bullockjames,1956,Tackle,"6'1""",286,Junior,
Woody Burnette,burnettewoody,1956,Quarterback,"5'9""",130,Sophomore,
Gilbert Chilton,chiltongilbert,1956,Tackle,"5'9""",199,Senior,
George Cooper,coopergeorge,1956,End,"6'1""",140,Senior,
Max Davenport,davenportmax,1956,Guard,"5'8""",156,Senior,
Bruce Dobson,dobsonbruce,1956,Halfback,"5'6""",130,Junior,
John Donlon,donlonjohn,1956,End,"5'11""",160,Sophomore,
Darwin Fulford,fulforddarwin,1956,End,6',165,Senior,
Lynwood Groves,groveslynwood,1956,Fullback,"5'11""",165,Senior,
Robert Groves,grovesrobert,1956,Tackle,6',190,Sophomore,
Tommy Guy,guytommy,1956,Halfback,"5'9""",185,Junior,
Bob Harding,hardingbob,1956,Halfback,"5'11""",145,Sophomore,
Spencer Hudson,hudsonspencer,1956,End,"5'10""",145,Sophomore,
Robert Kerns,kernsrobert,1956,Center,6',160,Senior,
Leroy Killinger,killingerleroy,1956,Center,"5'7""",155,Senior,
Clarence Krieger,kriegerclarence,1956,Guard,"5'8""",146,Junior,
Carroll Moore,moorecarroll,1956,Fullback,"5'9""",165,Sophomore,
Leroy Musselman,musselmanleroy,1956,Guard,"5'9""",146,Sophomore,
Gary Payne,paynegary,1956,Guard,"5'9""",157,Sophomore,
Ronald Payne,payneronald,1956,Center,"5'7""",135,Junior,
Sonny Pulliam,pulliamsonny,1956,Halfback,"5'8""",145,Junior,
Hurley Samuels,samuelshurley,1956,End,6',136,Junior,
Reggie Shelton,sheltonreggie,1956,End,6',130,Junior,
Warren Smith,smithwarren,1956,End,"5'11""",130,Senior,
Ronnie Thomas,thomasronnie,1956,Guard,"5'9""",175,Senior,
Danny Torrice,torricedanny1,1956,Tackle,"5'11""",199,Senior,
John Zitz,zitzjohn,1956,Halfback,"5'9""",180,Senior,
Bill Bobin,bobinbill,1957,Halfback,"5'8""",140,Senior,29
James Bullock,bullockjames,1957,Tackle,"6'2""",281,Senior,46
Woody Burnette,burnettewoody,1957,,,,Junior,
Tommy Carneal,carnealtommy,1957,Guard,"5'5""",155,Sophomore,38
Leonard Conyers,conyersleonard,1957,End,"6'1""",152,Senior,19
Spencer Courtney,courtneyspencer,1957,Tackle,"6'1""",195,Junior,42
James Cramer,cramerjames,1957,Halfback,,,Senior,
Henry Cropp,cropphenry,1957,Halfback,"5'9""",145,Sophomore,30
Bruce Dobson,dobsonbruce,1957,Halfback,"5'6""",140,Senior,11
John Donlon,donlonjohn,1957,End,6',170,Junior,32
Carlyle Fines,finescarlyle,1957,Guard,"5'9""",160,Freshman,36
Kenneth Fralick,fralickkenneth,1957,Center,"5'10""",190,Junior,40
Norris Fulford,fulfordnorris,1957,Halfback,"5'11""",169,Freshman,
William Garwood,garwoodwilliam,1957,Tackle,"5'11""",165,Junior,25
Robert Groves,grovesrobert,1957,Tackle,6',210,Junior,27
Tommy Guy,guytommy,1957,Quarterback,"5'10""",183,Senior,41
Jimmy Habina,habinajimmy,1957,Halfback,"5'7""",135,Junior,13
Robert Harper,harperrobert,1957,Quarterback,"5'10""",152,Junior,16
Spencer Hudson,hudsonspencer,1957,End,6',147,Junior,18
Charlie Jett,jettcharlie,1957,Tackle,"6'2""",278,Junior,45
Douglas Jones,jonesdouglas,1957,Guard,"5'9""",145,Senior,15
Russell Knight,knightrussell,1957,Halfback,,,Junior,
Clarence Krieger,kriegerclarence,1957,Guard,"5'8""",161,Senior,34
Carroll Moore,moorecarroll,1957,Fullback,"5'10""",179,Junior,23
Leroy Musselman,musselmanleroy,1957,Center,"5'11""",160,Junior,35
Gary Payne,paynegary,1957,Guard,"5'11""",165,Junior,33
Hurley Samuels,samuelshurley,1957,End,"6'1""",145,Junior,17
George Tyson,tysongeorge,1957,End,"6'2""",160,Junior,31
Bill Wingrove,wingrovebill,1957,End,6',162,Junior,21
James Brooks,brooksjames,1958,Guard,"5'9""",160,Sophomore,34
Woody Burnette,burnettewoody,1958,Halfback,"5'10""",145,Senior,20
Tommy Carneal,carnealtommy,1958,Guard,"5'8""",155,Junior,38
Harry Cooper,cooperharry,1958,End,"6'1""",145,Sophomore,39
Joe Cramer,cramerjoe,1958,Halfback,"5'11""",140,Junior,25
Henry Cropp,cropphenry,1958,Fullback,"5'9""",158,Junior,30
Mitchell Cropp,croppmitchell,1958,Halfback,"5'8""",135,Sophomore,22
Robert Decatur,decaturrobert,1958,Guard,"5'8""",140,Junior,18
John Donlon,donlonjohn,1958,Fullback,6',175,Senior,32
Carlyle Fines,finescarlyle,1958,Guard,"5'11""",160,Sophomore,27
Kenneth Fralick,fralickkenneth,1958,Tackle,"5'11""",210,Senior,40
Billy Garland,garlandbilly,1958,End,"6'1""",145,Sophomore,10
Robert Groves,grovesrobert,1958,Tackle,6',207,Senior,36
Jimmy Habina,habinajimmy,1958,Halfback,"5'7""",145,Senior,13
Robert Harper,harperrobert,1958,Quarterback,"5'10""",160,Senior,24
Spencer Hudson,hudsonspencer,1958,End,6',160,Senior,35
Charlie Jett,jettcharlie,1958,Tackle,"6'1""",280,Junior,45
Ronnie Knight,knightronnie,1958,Guard,"5'11""",165,Junior,42
Durward Matherly,matherlydurward,1958,Quarterback,"5'10""",140,Sophomore,12
Carroll Moore,moorecarroll,1958,Center,"5'10""",185,Senior,23
Leroy Musselman,musselmanleroy,1958,Center,"5'11""",175,Senior,37
Kenneth Newton,newtonkenneth,1958,Tackle,6',160,Junior,29
Gary Payne,paynegary,1958,Tackle,"5'11""",165,Senior,33
Butzner Samuels,samuelsbutzner,1958,End,"5'11""",145,Senior,17
Harold Shelton,sheltonharold,1958,Halfback,"5'6""",140,Junior,15
Jerry Stevens,stevensjerry,1958,Halfback,"6'1""",156,Senior,26
George Thomas,thomasgeorge,1958,Halfback,"5'3""",145,Junior,16
Anthony Torrice,torriceanthony,1958,Guard,"5'10""",175,Sophomore,44
George Tyson,tysongeorge,1958,End,"6'2""",160,Senior,31
Steve Williams,williamssteve,1958,Center,"5'10""",185,Sophomore,41
William Bourne,bournewilliam,1959,Halfback,"5'8""",135,Junior,
Leroy Boutchyard,boutchyardleroy,1959,Tackle,6',165,Junior,
Tommy Carneal,carnealtommy,1959,Guard,"5'7""",180,Senior,
Larry Conyers,conyerslarry,1959,End,"6'2""",180,Junior,
Harry Cooper,cooperharry,1959,,,,Junior,
Joe Cramer,cramerjoe,1959,Halfback,"5'10""",150,Senior,
Henry Cropp,cropphenry,1959,Fullback,"5'9""",160,Senior,
Mitchell Cropp,croppmitchell,1959,End,"5'11""",145,Junior,
Bobby Decatur,decaturbobby,1959,Guard,"5'8""",145,Senior,
Gene Decatur,decaturgene,1959,End,6',160,Junior,
Don Dixon,dixondon,1959,End,"5'11""",170,Junior,
John Druitt,druittjohn,1959,End,"5'11""",145,Senior,
John Farrar,farrarjohn,1959,Center,"5'11""",152,Junior,
Carlyle Fines,finescarlyle,1959,Guard,"5'11""",165,Junior,
Billy Garland,garlandbilly,1959,End,"6'1""",145,Junior,
Vernon Grogan,groganvernon,1959,Halfback,"5'6""",150,Senior,
Dick Havasy,havasydick,1959,Halfback,"5'8""",145,Junior,
Norris Jones,jonesnorris,1959,Tackle,"6'1""",248,Junior,
Ronald Knight,knightronald,1959,Guard,"5'11""",180,Senior,
Durward Matherly,matherlydurward,1959,Quarterback,"5'9""",140,Junior,
Franklin McPhatter,mcphatterfranklin,1959,End,"5'8""",140,Senior,
Lloyd McWhirt,mcwhirtlloyd,1959,Quarterback,"5'6""",155,Junior,
Kenneth Newton,newtonkenneth,1959,Center,6',173,Senior,
Butch Ottinger,ottingerbutch,1959,Tackle,"5'11""",193,Junior,
Bobby Payne,paynebobby,1959,Guard,"5'9""",145,Senior,
Gordon Raines,rainesgordon,1959,Center,"5'10""",149,Junior,
Ed Resio,resioed,1959,Fullback,6',175,Junior,
Mike Scott,scottmike,1959,Guard,"5'11""",144,Junior,
Sam Self,selfsam,1959,Fullback,6',143,Junior,
Jimmy Shannon,shannonjimmy,1959,End,"5'11""",150,Senior,
Ed Shelton,sheltoned,1959,Tackle,6',175,Junior,
Robert Sheppe,shepperobert,1959,End,"6'2""",165,Junior,
Gordon Stitcher,stitchergordon,1959,Center,"5'11""",160,Junior,
George Thomas,thomasgeorge,1959,Halfback,"5'5""",153,Senior,
Anthony Torrice,torriceanthony,1959,Tackle,"5'10""",190,Junior,
Wayne Tremblay,tremblaywayne,1959,Quarterback,"5'8""",140,Junior,
Phil West,westphil,1959,Halfback,"5'11""",155,Junior,
Steve Williams,williamssteve,1959,Tackle,"5'11""",170,Junior,
Gerry Berry,berrygerry,1960,Halfback,"5'10""",145,Junior,
Boyd Blevins,blevinsboyd,1960,End,6',185,Junior,
Leroy Boutchyard,boutchyardleroy,1960,Guard,"6'1""",170,Senior,
Lloyd Champayne,champaynelloyd,1960,Guard,6',180,Junior,
Larry Conyers,conyerslarry,1960,End,"6'1""",199,Senior,
Jim Crismond,crismondjim,1960,Center,"6'1""",170,Freshman,
Mitchell Cropp,croppmitchell,1960,Halfback,6',150,Senior,
Gene Decatur,decaturgene,1960,End,"6'1""",186,Senior,
Don Dixon,dixondon,1960,Halfback,"5'9""",170,Senior,
Jerry Edwards,edwardsjerry,1960,Halfback,"5'9""",145,Senior,
John Farrar,farrarjohn,1960,Center,6',157,Senior,
Billy Garland,garlandbilly,1960,End,"6'1""",150,Senior,
George Garland,garlandgeorge,1960,End,6',155,Junior,
David Gutowski,gutowskidavid,1960,Tackle,"6'1""",170,Senior,
Billy Hicks,hicksbilly,1960,Halfback,"5'10""",145,Junior,
Dave Holsinger,holsingerdave,1960,Halfback,"5'7""",156,Sophomore,
Norris Jones,jonesnorris,1960,Tackle,"6'1""",133,Senior,
Bobby Linkous,linkousbobby,1960,Guard,"5'10""",175,Sophomore,
Jim Martin,martinjim,1960,Center,"5'10""",150,Junior,
Durward Matherly,matherlydurward,1960,Quarterback,"5'10""",150,Senior,
Wayne Matherly,matherlywanye,1960,Quarterback,"5'10""",150,Freshman,
Lloyd McWhirt,mcwhirtlloyd,1960,Halfback,"5'8""",150,Senior,
Willie McWhirt,mcwhirtwillie,1960,End,"5'9""",150,Senior,
Ken Nichols,nicholsken,1960,End,"6'1""",165,Junior,
Butch Ottinger,ottingerbutch,1960,Tackle,"6'1""",195,Senior,
Bobby Payne,paynebobby,1960,Guard,"5'10""",160,Senior,
Don Pitts,pittsdon,1960,End,6',150,Junior,
Bill Quesenberry,quesenberrybill,1960,Tackle,"5'8""",190,Sophomore,
Ed Resio,resioed,1960,Fullback,6',181,Senior,
Jim Scott,scottjim,1960,Guard,"5'11""",160,Freshman,
Mike Scott,scottmike,1960,Guard,"5'11""",155,Senior,
Sam Self,selfsam,1960,Fullback,"5'11""",160,Senior,
Ed Shelton,sheltoned,1960,Tackle,6',182,Senior,
Robert Sheppe,shepperobert,1960,Tackle,"6'1""",165,Senior,
Jim Stone,stonejim,1960,Guard,"5'11""",155,Sophomore,
Anthony Torrice,torriceanthony,1960,Tackle,"5'11""",209,Senior,
Steve Williams,williamssteve,1960,Guard,"5'11""",170,Senior,
Alan Bass,bassalan,1961,Halfback,"5'8""",150,Junior,
Sonny Beach,beachsonny,1961,Center,"5'11""",186,Sophomore,
Boyd Blevins,blevinsboyd,1961,End,"6'1""",170,Senior,
Vernon Brooks,brooksvernon,1961,Guard,"5'9""",165,Sophomore,
Jim Crismond,crismondjim,1961,Tackle,"6'2""",175,Sophomore,
Walker Dent,dentwalker,1961,Tackle,"6'1""",170,Sophomore,
George Garland,garlandgeorge,1961,End,"6'1""",150,Senior,
Jim Gray,grayjim,1961,Halfback,"5'8""",150,Senior,
Earnest Grigsby,grigsbyearnest,1961,Guard,"5'7""",145,Junior,
Billy Hicks,hicksbilly,1961,Halfback,"5'11""",145,Senior,
Dave Holsinger,holsingerdave,1961,Halfback,"5'7""",157,Junior,
Ted Jenks,jenksted,1961,End,"5'9""",135,Senior,
Butch Laudenslager,laudenslagerbutch,1961,Guard,"5'9""",165,Sophomore,
Butch Limerick,limerickbutch,1961,Quarterback,"5'7""",140,Sophomore,
Chip Long,longchip,1961,Quarterback,"5'9""",145,Sophomore,
Toby Martin,martintoby,1961,Center,"5'9""",180,Sophomore,
Jerry Newton,newtonjerry,1961,Center,"5'8""",150,Sophomore,
Kelly Patterson,pattersonkelly,1961,Guard,"5'11""",174,Junior,
Charles Pauling,paulingcharles,1961,Guard,"5'9""",156,Sophomore,
Vernon Peyton,peytonvernon,1961,Halfback,"5'11""",145,Sophomore,
Ed Poulston,poulstoned,1961,End,"5'11""",143,Sophomore,
Bill Quesenberry,quesenberrybill,1961,Tackle,"5'9""",201,Junior,
Mike Randall,randallmike,1961,Tackle,"5'7""",167,Sophomore,
Don Resio,resiodon,1961,End,"5'10""",151,Sophomore,
Ron Resio,resioron,1961,End,"5'9""",143,Sophomore,
Keith Roberson,robersonkeith,1961,Fullback,"5'9""",169,Sophomore,
Jim Scott,scottjim,1961,Fullback,"5'11""",170,Sophomore,
Robert Snellings,snellingsrobert,1961,Halfback,"5'6""",136,Sophomore,
Jim Stone,stonejim,1961,Tackle,6',165,Junior,
Jim Tucci,tuccijim,1961,End,"5'10""",135,Sophomore,
Alan Bass,bassalan,1962,Halfback,"5'10""",154,Senior,
Ricky Blackburn,blackburnricky,1962,Halfback,"5'8""",144,Sophomore,
Vernon Brooks,brooksvernon,1962,Guard,"5'11""",175,Junior,
Jim Crismond,crismondjim,1962,Tackle,"6'3""",190,Junior,
Bryant Dickinson,dickinsonbryant,1962,Quarterback,"5'6""",125,Junior,
Jack Evans,evansjack,1962,Fullback,"5'6""",165,Sophomore,
Earnest Grigsby,grigsbyearnest,1962,Guard,"5'8""",150,Senior,
Steve Holliday,hollidaysteve,1962,Guard,"5'8""",190,Freshman,
Dave Holsinger,holsingerdave,1962,Halfback,"5'7""",167,Senior,
Terry Linkous,linkousterry,1962,Guard,"5'10""",196,Junior,
Chip Long,longchip,1962,Quarterback,"5'9""",144,Junior,
Toby Martin,martintoby,1962,Center,"5'10""",176,Junior,
Louis Musante,musantelouis,1962,End,"5'8""",138,Sophomore,
Jerry Newton,newtonjerry,1962,Center,"5'10""",166,Junior,
Charles Pauling,paulingcharles,1962,Guard,"5'9""",172,Junior,
Bill Quesenberry,quesenberrybill,1962,Tackle,"5'10""",230,Senior,
Mike Randall,randallmike,1962,Guard,"5'7""",171,Junior,
Don Resio,resiodon,1962,End,"5'11""",165,Junior,
Ron Resio,resioron,1962,End,"5'10""",160,Junior,
Keith Roberson,robersonkeith,1962,Fullback,"5'11""",174,Junior,
Jim Scott,scottjim,1962,Halfback,"5'10""",170,Junior,
Jerry Smith,smithjerry,1962,Guard,"5'7""",147,Junior,
Clayton Spindle,spindleclayton,1962,Quarterback,"5'8""",135,Freshman,
David Winkler,winklerdavid,1962,Halfback,"5'7""",151,Senior,
Ricky Blackburn,blackburnricky,1963,Halfback,"5'9""",150,Junior,
Vernon Brooks,brooksvernon,1963,Guard,"5'11""",175,Senior,
Jim Crismond,crismondjim,1963,End,"6'4""",200,Senior,
Rick Decatur,decaturrick,1963,End,"6'1""",175,Sophomore,
Larry Edmonds,edmondslarry,1963,Tackle,"6'1""",190,Junior,
Phil Edwards,edwardsphil,1963,Guard,"5'5""",140,Senior,
Jack Evans,evansjack,1963,Fullback,"5'8""",185,Junior,
Larry Evans,evanslarry,1963,Guard,"5'9""",160,Senior,
Horace Green,greenhorace,1963,Halfback,"5'8""",150,Freshman,
Roy Green,greenroy,1963,Center,6',170,Sophomore,
Earl Grigsby,grigsbyearl,1963,Halfback,"5'10""",165,Freshman,
Vernon Himes,himesvernon,1963,Tackle,"5'10""",220,Freshman,
George Howe,howegeorge,1963,End,"5'11""",160,Junior,
Bob Jeter,jeterbob,1963,Halfback,6',169,Senior,
Don Lambert,lambertdon,1963,Quarterback,6',160,Junior,
Chip Long,longchip,1963,Quarterback,"5'10""",155,Senior,
Milton Marks,marksmilton,1963,,,,Sophomore,
Toby Martin,martintoby,1963,Guard,"5'10""",190,Senior,
Jerry Newton,newtonjerry,1963,Center,"5'10""",173,Senior,
Charles Pauling,paulingcharles,1963,Tackle,"5'11""",185,Senior,
Mike Randall,randallmike,1963,Guard,"5'10""",185,Senior,
Don Resio,resiodon,1963,Halfback,6',180,Senior,
Ron Resio,resioron,1963,Tackle,"5'10""",170,Senior,
Jim Scott,scottjim,1963,Fullback,"5'11""",180,Senior,
Kenny Williams,williamskenny,1963,End,"5'11""",150,Junior,
Bobby Blackburn,blackburnbobby,1964,,,,Sophomore,
Ricky Blackburn,blackburnricky,1964,Halfback,"5'9""",155,Senior,
Tommy Blackburn,blackburntommy,1964,,,,Freshman,
Bob Blaisdell,blaisdellbob,1964,End,"5'11""",155,Sophomore,
Kenneth Brown,brownkenneth,1964,Fullback,"5'8""",145,Senior,
Leslie Bullock,bullockleslie,1964,Halfback,"5'7""",163,Junior,
Gordon Clore,cloregordon,1964,End,"5'10""",165,Senior,
Floyd Curtis,curtisfloyd,1964,Tackle,"5'10""",190,Junior,
Bernard Davis,davisbernard,1964,Tackle,"6'1""",180,Senior,
Rick Decatur,decaturrick,1964,Guard,"6'2""",180,Junior,
Wayne Dittman,dittmanwayne,1964,Fullback,"5'8""",155,Senior,
Jack Evans,evansjack,1964,Tackle,"5'9""",210,Senior,
Sonny Fox,foxsonny,1964,Guard,"5'11""",165,Junior,
Horace Green,greenhorace,1964,Halfback,"5'9""",166,Sophomore,
Roy Green,greenroy,1964,Center,6',168,Junior,
Earl Grigsby,grigsbyearl,1964,Fullback,"5'10""",170,Sophomore,
Wayne Himes,himeswayne,1964,Tackle,"5'11""",240,Sophomore,
Byron Hinton,hintonbyron,1964,Halfback,"5'7""",140,Junior,
Eddie Holsinger,holsingereddie,1964,Halfback,"5'7""",150,Senior,
Don Lambert,lambertdon,1964,Quarterback,6',165,Senior,
George Langford,langfordgeorge,1964,Guard,"5'8""",140,Junior,
Donald Long,longdonald,1964,Quarterback,"5'9""",152,Junior,
Milton Marks,marksmilton,1964,Halfback,"5'8""",150,Junior,
Harry Matthews,matthewsharry,1964,Halfback,"5'7""",120,Junior,
Wayne McAlister,mcalisterwayne,1964,Halfback,"5'7""",155,Sophomore,
Walter Newman,newmanwalter,1964,End,"5'11""",175,Senior,
Ronnie Silver,silverronnie,1964,Guard,"6'2""",185,Senior,
James Spitler,spitlerjames,1964,End,"5'11""",135,Senior,
Ronnie Stevens,stevensronnie,1964,Guard,"5'10""",163,Junior,
Mike Teter,tetermike,1964,Tackle,"5'11""",208,Junior,
Mike Trant,trantmike,1964,Guard,"5'11""",153,Junior,
Dale Triplett,triplettdale,1964,End,"5'10""",145,Junior,
Eddie Williams,williamseddie,1964,Tackle,6',200,Sophomore,
Kenny Williams,williamskenny,1964,End,6',160,Senior,
Bobby Blackburn,blackburnbobby,1965,Quarterback,"5'9""",156,Junior,
Tommy Blackburn,blackburntommy,1965,Fullback,"5'10""",160,Sophomore,
Bob Blaisdell,blaisdellbob,1965,End,6',165,Junior,
Henry Bourne,bournehenry,1965,End,"5'9""",145,Junior,
Leslie Bullock,bullockleslie,1965,Guard,"5'8""",178,Senior,
Chester Cooper,cooperchester,1965,Quarterback,"5'9""",150,Junior,
Lee Doyle,doylelee,1965,End,"6'5""",185,Sophomore,
Ken Fagan,faganken,1965,Halfback,"5'7""",140,Junior,
Horace Green,greenhorace,1965,Halfback,"5'9""",168,Junior,43
Earl Grigsby,grigsbyearl,1965,Fullback,"5'11""",175,Junior,
Jeff Hall,halljeff,1965,End,6',175,Junior,
Byron Hinton,hintonbyron,1965,Halfback,"5'7""",132,Senior,
Dan Howard,howarddan,1965,Guard,"5'8""",138,Junior,
Raymond Lewis,lewisraymond,1965,Tackle,"5'9""",160,Sophomore,
Donald Long,longdonald,1965,Quarterback,"5'9""",165,Senior,
Milton Marks,marksmilton,1965,Halfback,"5'7""",153,Senior,
Harry Matthews,matthewsharry,1965,Halfback,"5'7""",130,Senior,
Wayne McAlister,mcalisterwayne,1965,Halfback,"5'6""",150,Junior,
Richard McKenney,mckenneyrichard,1965,Tackle,"6'3""",190,Junior,
Frank Mitchell,mitchellfrank,1965,Quarterback,"5'8""",134,Sophomore,
Donald Moore,mooredonald,1965,Halfback,"5'8""",145,Junior,
Glenn Newton,newtonglenn,1965,,,,Junior,
Francis Okeson,okesonfrancis,1965,Tackle,"5'6""",200,Sophomore,
Ted Patton,pattonted,1965,Center,"5'10""",165,Junior,
James Pollard,pollardjames,1965,Guard,"5'8""",153,Junior,
Frank Robinson,robinsonfrank,1965,Halfback,"5'7""",155,Sophomore,
Randall Rose,roserandall,1965,Halfback,"5'7""",130,Sophomore,
Travis Snellings,snellingstravis,1965,Center,"5'10""",150,Senior,
Mike Trant,trantmike,1965,Guard,6',160,Senior,
Eddie Williams,williamseddie,1965,Tackle,"6'1""",210,Junior,
Robert Withers,withersrobert,1965,End,"6'2""",170,Junior,
Wayne Berry,berrywayne,1966,Guard,"5'9""",189,Sophomore,
Butch Beverly,beverlybutch,1966,Fullback,"5'9""",152,Sophomore,
Bobby Blackburn,blackburnbobby,1966,Quarterback,"5'9""",160,Senior,
Tommy Blackburn,blackburntommy,1966,Halfback,"5'11""",165,Junior,
Bob Blaisdell,blaisdellbob,1966,End,6',172,Senior,
Jim Burton,burtonjim,1966,Guard,"5'11""",160,Junior,
Chester Cooper,cooperchester,1966,Halfback,"5'10""",157,Senior,
Tom Daniel,danieltom,1966,Tackle,"5'10""",170,Sophomore,
Judd Doucette,doucettejudd,1966,Guard,"5'7""",176,Sophomore,
Lee Doyle,doylelee,1966,End,"6'5""",185,Junior,
Horace Green,greenhorace,1966,Halfback,"5'9""",175,Senior,43
Earl Grigsby,grigsbyearl,1966,Fullback,"5'10""",180,Senior,
Jeff Hall,halljeff,1966,End,6',180,Senior,
Dana Heflin,heflindana,1966,Guard,"5'10.5""",165,Junior,
Dan Howard,howarddan,1966,Guard,"5'9""",145,Senior,
Chris Lawson,lawsonchris,1966,End,"6'2""",145,Sophomore,
Raymond Lewis,lewisraymond,1966,Tackle,"5'9.5""",165,Junior,
Wayne McAlister,mcalisterwayne,1966,Halfback,"5'6""",150,Senior,
Richard McKenney,mckenneyrichard,1966,End,"6'2""",205,Senior,
Frank Mitchell,mitchellfrank,1966,Quarterback,"5'8""",147,Junior,
John Nere,nerejohn,1966,End,"6'2""",160,Junior,
Glenn Newton,newtonglenn,1966,Center,"5'10""",160,Senior,
Dan Northern,northerndan,1966,Quarterback,"5'8""",140,Freshman,
Francis Okeson,okesonfrancis,1966,Tackle,"5'6""",190,Junior,
Ted Patton,pattonted,1966,Center,"5'10""",185,Senior,
Chris Pierro,pierrochris,1966,Guard,"5'6.5""",142,Junior,
Frank Robinson,robinsonfrank,1966,Halfback,"5'7""",163,Junior,
Sam Simpson,simpsonsam,1966,Halfback,"5'9""",135,Junior,
Calvin Speed,speedcalvin,1966,End,"6'1.5""",168,Junior,
Roger Turner,turnerroger,1966,Tackle,"5'11""",163,Junior,
Eddie Williams,williamseddie,1966,Tackle,"6'2""",225,Senior,
Mike Wondree,wondreemike,1966,Guard,"5'11""",156,Sophomore,
Wayne Berry,berrywayne,1967,Tackle,"5'10""",190,Junior,
Butch Beverly,beverlybutch,1967,Fullback,"5'10""",170,Junior,
Rick Beverly,beverlyrick,1967,Quarterback,"5'7""",145,Sophomore,
Tommy Blackburn,blackburntommy,1967,Halfback,"5'10""",170,Senior,
Don Bowler,bowlerdon,1967,Center,"5'11""",175,Junior,
Don Cumberland,cumberlanddon,1967,Halfback,"5'9""",155,Sophomore,
Tom Daniel,danieltom,1967,Guard,"5'9""",175,Junior,
Butch Fitzgerald,fitzgeraldbutch,1967,Halfback,"5'10""",150,Junior,
Mike Greenstreet,greenstreetmike,1967,End,"5'8""",150,Junior,
Charlie Havasy,havasycharlie,1967,Guard,"5'9""",150,Junior,
Rudy Jeter,jeterrudy,1967,End,"6'2""",170,Junior,
Don King,kingdon,1967,Guard,"5'11""",170,Senior,
Chris Larson,larsonchris,1967,Center,"6'2.5""",165,Junior,
Raymond Lewis,lewisraymond,1967,Guard,"5'10""",170,Senior,
Edgar Malpass,malpassedgar,1967,End,"6'1""",165,Junior,
Mike Michael,michaelmike,1967,Quarterback,"6'1""",160,Sophomore,
John Nere,nerejohn,1967,End,"6'3""",175,Senior,
Dan Northern,northerndan,1967,Quarterback,"5'8""",148,Sophomore,
Robert Poole,poolerobert,1967,Guard,"5'6""",165,Senior,
Dennis Raines,rainesdennis,1967,Tackle,6',200,Sophomore,
Frank Rhody,rhodyfrank,1967,Guard,"5'7""",150,Junior,
Frank Robinson,robinsonfrank,1967,Halfback,"5'8""",170,Senior,
Jim Rowan,rowanjim,1967,Tackle,"5'10""",180,Senior,
Brad Shelton,sheltonbrad,1967,Guard,"5'10""",165,Junior,
Sam Simpson,simpsonsam,1967,End,"5'10""",145,Senior,
Calvin Speed,speedcalvin,1967,End,"6'1""",175,Senior,
Terry Taylor,taylorterry,1967,Tackle,"5'11""",175,Junior,
Jerry Thompson,thompsonjerry,1967,,,,Junior,
Roger Turner,turnerroger,1967,Tackle,"6'1""",190,Senior,
Earl Whittaker,whittakerearl,1967,Fullback,"5'10""",155,Sophomore,
Ray Williams,williamsray,1967,Tackle,"5'11""",220,Junior,
Paul Wills,willspaul,1967,End,"5'11""",155,Sophomore,
Mike Wondree,wondreemike,1967,Guard,5'10',160,Junior,
Robert Adlon,adlonrobert,1968,Halfback,"5'7""",150,Junior,
Wayne Berry,berrywayne,1968,Tackle,"5'10""",205,Senior,
Butch Beverly,beverlybutch,1968,Fullback,"5'11""",184,Senior,
NuNu Beverly,beverlynunu,1968,Halfback,"5'6""",150,Sophomore,
Rick Beverly,beverlyrick,1968,Quarterback,"5'8""",150,Junior,
Don Bowler,bowlerdon,1968,Center,"5'10""",170,Senior,
William Braxton,braxtonwilliam,1968,Center,"5'7""",152,Junior,
Howard Brown,brownhoward,1968,Guard,"5'9""",174,Junior,
Sheldon Cropp,croppsheldon,1968,Guard,"5'10""",150,Junior,
Don Cumberland,cumberlanddon,1968,Halfback,"5'8""",158,Junior,
Steve Curtis,curtissteve,1968,End,"6'3""",180,Senior,
Tom Daniel,danieltom,1968,Tackle,"5'9""",185,Senior,
Mike Dowling,dowlingmike,1968,End,"5'9""",140,Senior,
Butch Fitzgerald,fitzgeraldbutch,1968,Halfback,"5'10""",163,Senior,
Buddy Gibson,gibsonbuddy,1968,Tackle,"5'9""",216,Junior,
Steve Grinkley,grinkleysteve,1968,Halfback,"5'6""",137,Junior,
Charlie Havasy,havasycharlie,1968,Fullback,"5'9""",150,Senior,
Billy Johnson,johnsonbilly,1968,Tackle,"5'9""",238,Sophomore,
Chris Lawson,lawsonchris,1968,Center,"6'2""",165,Senior,
Edgar Malpass,malpassedgar,1968,End,"6'1""",165,Senior,
Bill Massie,massiebill,1968,Guard,"5'6""",160,Senior,
Mike Michael,michaelmike,1968,Quarterback,"6'2""",164,Junior,
Tom Moncure,moncuretom,1968,Guard,6',165,Senior,
Barry Newton,newtonbarry,1968,Halfback,"5'8""",140,Junior,
Dan Northern,northerndan,1968,Halfback,"5'8""",155,Junior,
Dennis Raines,rainesdennis,1968,Tackle,"5'11""",208,Junior,
Frank Rhody,rhodyfrank,1968,Guard,"5'5""",145,Senior,
Fenton Terembes,terembesfenton,1968,End,"5'9""",156,Junior,
Jerry Thompson,thompsonjerry,1968,Halfback,"5'6""",140,Senior,
Danny Trant,trantdanny,1968,End,"5'10""",150,Junior,
Earl Whittaker,whittakerearl,1968,End,"5'9""",157,Junior,
Freddie Whittaker,whittakerfreddie,1968,End,"5'10""",160,Sophomore,
Paul Wills,willspaul,1968,Fullback,"5'10""",160,Junior,
Mike Wilson,wilsonmike,1968,Tackle,"6'2""",185,Junior,
Mike Wondree,wondreemike,1968,Guard,"5'10""",160,Senior,
Richard Young,youngrichard,1968,End,"5'10""",160,Senior,
NuNu Beverly,beverlynunu,1969,Halfback,"5'5""",165,Junior,
Rick Beverly,beverlyrick,1969,Halfback,"5'8""",155,Senior,
William Braxton,braxtonwilliam,1969,Center,"5'7""",160,Senior,
Tony Carter,cartertony,1969,Fullback,"5'7""",140,Junior,
Sheldon Cropp,croppsheldon,1969,Guard,"5'11""",170,Senior,
Don Cumberland,cumberlanddon,1969,Halfback,"5'9""",155,Senior,
Mike Cumberland,cumberlandmike,1969,End,"5'11""",160,Junior,
Andy Curtis,curtisandy,1969,End,"6'1""",175,Senior,
Robert Ellinger,ellingerrobert,1969,Center,"5'10""",170,Junior,
Mike Fagan,faganmike,1969,Halfback,"5'5""",145,Junior,
Buddy Gibson,gibsonbuddy,1969,Tackle,"5'10""",235,Senior,
Joey Graves,gravesjoey,1969,Guard,"5'11""",160,Junior,
Steve Grinkley,grinkleysteve,1969,Halfback,"5'6""",150,Senior,
Levert Jackson,jacksonlevert,1969,End,"5'10""",170,Junior,
Wayne Jackson,jacksonwayne,1969,End,"5'11""",182,Junior,
Billy Johnson,johnsonbilly,1969,Tackle,"5'9""",230,Junior,
Bill Lavoie,lavoiebill,1969,Halfback,"5'8""",155,Junior,
Kerry McBroom,mcbroomkerry,1969,Fullback,"6'3""",185,Junior,
Mike Michael,michaelmike,1969,Quarterback,"6'2""",175,Senior,
Barry Newton,newtonbarry,1969,Halfback,"5'10""",140,Senior,
Dan Northern,northerndan,1969,End,"5'8""",155,Senior,
Bunky Parker,parkerbunky,1969,Tackle,"5'7""",210,Junior,
Frank Parker,parkerfrank,1969,Tackle,"6'1""",175,Junior,
Dennis Raines,rainesdennis,1969,Tackle,"6'1""",215,Senior,
John Scott,scottjohn,1969,End,"5'8""",150,Senior,
Zachary Scott,scottzachary,1969,Guard,6',160,Senior,
Dwight Sullivan,sullivandwight,1969,Guard,"5'10""",185,Junior,
Danny Trant,trantdanny,1969,Guard,"5'11""",160,Senior,
Tom Vandever,vandevertom,1969,End,"6'2""",160,Junior,
Clyde Vines,vinesclyde,1969,Halfback,"5'7""",160,Junior,
Gary Ward,wardgary,1969,Guard,"6'1""",160,Junior,
Steve White,whitesteve,1969,Quarterback,"5'7""",170,Junior,
Freddie Whittaker,whittakerfreddie,1969,End,6',175,Junior,
Rob Wilkins,wilkinsrob,1969,Halfback,"5'9""",160,Junior,
Mike Wilson,wilsonmike,1969,Tackle,"6'2""",185,Senior,
Glen Allen,allenglen,1970,Fullback,"5'7""",191,Senior,
Roger Blake,blakeroger,1970,Halfback,"5'9""",180,Senior,
Wayne Bourne,bournewayne,1970,Tackle,"6'2""",260,Junior,
Larry Boutchyard,boutchyardlarry,1970,Quarterback,"5'10""",150,Junior,
Chester Branham,branhamchester,1970,,,,Sophomore,
Tony Carter,cartertony,1970,Fullback,"5'7""",150,Senior,
Rusty Conyers,conyersrusty,1970,End,"5'11""",165,Junior,
Mike Cumberland,cumberlandmike,1970,End,"5'11""",155,Senior,
Elmer Dewveall,dewveallelmer,1970,Tackle,6',160,Junior,
Gary Doherty,dohertygary,1970,Halfback,"5'8""",140,Junior,
Bobby Dunigan,duniganbobby,1970,Center,6',170,Junior,
Robert Ellinger,ellingerrobert,1970,Tackle,"5'10""",182,Senior,
Joey Graves,gravesjoey,1970,Guard,"5'10""",170,Senior,
Richard Graves,gravesrichard,1970,Halfback,"5'10""",160,Senior,
Dallas Grimes,grimesdallas,1970,Halfback,"5'3""",140,Junior,
Jerome Harris,harrisjerome,1970,Tackle,"5'8""",216,Senior,
Fred Havasy,havasyfred,1970,End,"5'11""",150,Junior,
Mark Haymes,haymesmark,1970,Center,"6'1""",177,Sophomore,
Gary Helms,helmsgary,1970,,,,Sophomore,
Levert Jackson,jacksonlevert,1970,Tackle,"5'11""",176,Senior,
Wayne Jackson,jacksonwayne,1970,Guard,"5'8""",182,Senior,
Billy Johnson,johnsonbilly,1970,Tackle,"5'9""",215,Senior,
Mike Johnson,johnsonmike1,1970,Guard,"5'9""",160,Senior,
Andrew Juggins,jugginsandrew,1970,Halfback,"5'8""",145,Junior,
David Kuser,kuserdavid,1970,Halfback,"5'10""",150,Junior,
Bill Lavoie,lavoiebill,1970,Halfback,"5'9""",158,Senior,
Doug Lewis,lewisdoug,1970,,,,Sophomore,
Kevin Matherly,matherlykevin,1970,Halfback,"5'11""",170,Sophomore,
Kerry McBroom,mcbroomkerry,1970,Quarterback,"6'2""",203,Senior,
Terry McBroom,mcbroomterry,1970,End,"5'11""",160,Junior,
Dan McCauley,mccauleydan,1970,Guard,"5'9""",150,Junior,
Linwood Northern,northernlinwood,1970,Guard,"5'10""",178,Sophomore,
Frank Parker,parkerfrank,1970,End,6',180,Senior,
Wayne Parker,parkerwayne,1970,Tackle,"5'6""",225,Senior,
Mike Rawlings,rawlingsmike,1970,End,"5'11""",150,Junior,
Clair Robinson,robinsonclair,1970,Fullback,"5'7""",183,Junior,
Gary Stefaniga,stefanigagary,1970,,,,,
Tom Vandever,vandevertom,1970,End,"6'2""",165,Senior,
Clyde Vines,vinesclyde,1970,Halfback,"5'8""",160,Senior,
Mike Vines,vinesmike,1970,,,,,
Mike Way,waymike,1970,Guard,"5'7""",160,Junior,
Steve White,whitesteve,1970,Center,"5'7""",181,Senior,
Ronnie Barton,bartonronnie,1971,Tackle,"6'2""",171,Junior,
Larry Boutchyard,boutchyardlarry,1971,Quarterback,"5'11""",150,Senior,
Chester Branham,branhamchester,1971,Fullback,"5'5""",144,Junior,
Clyde Brown,brownclyde,1971,Halfback,5'10',165,Sophomore,
Buck Buchanan,buchananbuck,1971,Tackle,"5'5""",161,Sophomore,
Rusty Conyers,conyersrusty,1971,End,"6'1""",168,Senior,
Keith Crocker,crockerkeith,1971,End,"5'11""",157,Senior,
Elmer Dewveall,dewveallelmer,1971,End,"6'1""",174,Senior,
Norman Dobson,dobsonnorman,1971,Tackle,"5'5""",171,Sophomore,
Lewis Dodd,doddlewis,1971,Halfback,"5'10""",144,Junior,
Bobby Dunigan,duniganbobby,1971,Center,"6'1""",170,Senior,
John Elkins,elkinsjohn,1971,Tackle,"5'11""",163,Junior,
Billy Evans,evansbilly,1971,End,"5'11""",144,Senior,
Chip Freeman,freemanchip,1971,Halfback,"5'6""",110,Senior,
John Gallahan,gallahanjohn,1971,Guard,"5'10""",153,Sophomore,
Sherrill Garrett,garrettsherrill,1971,Halfback,"5'8""",151,Sophomore,
Rusty Gibson,gibsonrusty,1971,Tackle,"5'10""",212,Junior,
Carlton Guinn,guinncarlton,1971,Tackle,"5'7""",148,Sophomore,
Jeff Hart,hartjeff,1971,Guard,"5'9""",156,Sophomore,
Mark Haymes,haymesmark,1971,Tackle,6',184,Junior,
Gary Helms,helmsgary,1971,Quarterback,"5'11""",143,Junior,
Jamie Jones,jonesjamie,1971,Guard,"5'8""",161,Junior,
Robbie Jones,jonesrobbie,1971,Halfback,"5'7""",146,Sophomore,
Gary Kniseley,kniseleygary,1971,Quarterback,"5'9""",153,Junior,
Tom Lavoie,lavoietom,1971,Guard,"5'7""",164,Junior,
Richard Lester,lesterrichard,1971,Halfback,"5'8""",140,Sophomore,
Doug Lewis,lewisdoug,1971,Halfback,"5'10""",160,Junior,
Max Mann,mannmax,1971,Tackle,"5'9""",220,Sophomore,
John Massad,massadjohn,1971,Guard,"5'6""",119,Sophomore,
Kevin Matherly,matherlykevin,1971,Fullback,"5'11""",174,Junior,
Terry McBroom,mcbroomterry,1971,End,6',167,Senior,
Matt McCourt,mccourtmatt,1971,Halfback,"5'7""",141,Junior,
Jesse McIntosh,mcintoshjesse,1971,Tackle,6',223,Sophomore,
JT McMinis,mcminisjt,1971,Halfback,"5'10""",143,Junior,
Chuck Moore,moorechuck,1971,Guard,"5'9""",157,Junior,
Larry Morris,morrislarry,1971,Halfback,"5'9""",139,Sophomore,
Linwood Northern,northernlinwood,1971,Tackle,"5'10""",197,Junior,
John Patterson,pattersonjohn,1971,Halfback,"5'10""",152,Sophomore,
Mike Rawlings,rawlingsmike,1971,End,6',154,Senior,
Tom Reimold,reimoldtom,1971,Halfback,"5'7""",146,Sophomore,
Tony Resio,resiotony,1971,Center,"5'7""",151,Sophomore,
Ranny Roberson,robersonranny,1971,Guard,"5'5""",187,Sophomore,
Richard Ross,rossrichard,1971,Guard,"5'8""",140,Sophomore,
Chuck Rowan,rowanchuck,1971,Tackle,"5'9""",231,Junior,
Rick Shacklette,shackletterick,1971,End,"5'10""",161,Junior,
Greg Sullivan,sullivangreg,1971,End,"5'9""",142,Sophomore,
Jeff Sullivan,sullivanjeff,1971,Tackle,"5'6""",161,Sophomore,
Artie Taylor,taylorartie,1971,End,6',174,Senior,
Brad Tyson,tysonbrad,1971,End,"5'10""",152,Junior,
Eddie Vandever,vandevereddie,1971,End,"5'8""",133,Sophomore,
Dan Vierheller,vierhellerdan,1971,Tackle,"5'9""",188,Sophomore,
Greg Washington,washingtongreg,1971,End,"5'10""",152,Sophomore,
Melvert Washington,washingtonmelvert,1971,Fullback,"5'8""",144,Senior,
Mike Way,waymike,1971,Guard,"5'8""",170,Senior,
Rick Wells,wellsrick,1971,Guard,"5'6""",173,Junior,
Bill Williams,williamsbill,1971,End,"5'7""",120,Junior,
Davis Wolfrey,wolfreydavis,1971,End,"5'6""",119,Sophomore,
Chester Branham,branhamchester,1972,Halfback,"5'5""",161,Senior,
Clyde Brown,brownclyde,1972,Halfback,"5'11""",168,Junior,
Eddie Chapman,chapmaneddie,1972,,,,Sophomore,
Doug Cox,coxdoug,1972,Tackle,"5'9""",190,Junior,
Lewis Dodd,doddlewis,1972,Guard,"5'9""",166,Senior,
Clinton Eastridge,eastridgeclinton,1972,Halfback,"5'9""",140,Junior,
John Elkins,elkinsjohn,1972,Tackle,6',179,Senior,
Tom Furcron,furcrontom,1972,End,"5'6""",143,Junior,
John Gallahan,gallahanjohn,1972,End,"5'10""",153,Junior,
Tommy Gallahan,gallahantommy,1972,,,,,
Rusty Gibson,gibsonrusty,1972,Tackle,"5'11""",235,Senior,
Carlton Guinn,guinncarlton,1972,Guard,"5'6""",160,Junior,
Mark Haymes,haymesmark,1972,Guard,"5'10""",188,Senior,
Gary Helms,helmsgary,1972,Quarterback,"5'11""",143,Senior,
John Jackson,jacksonjohn,1972,Quarterback,"5'9""",136,Sophomore,
Robbie Jones,jonesrobbie,1972,Halfback,"5'7""",148,Junior,
Gary Kniseley,kniseleygary,1972,End,"5'10""",178,Senior,
Doug Lewis,lewisdoug,1972,Halfback,"5'8""",170,Senior,
Max Mann,mannmax,1972,Center,"5'10""",234,Junior,
Kevin Matherly,matherlykevin,1972,Fullback,"5'10""",180,Senior,
Jesse McIntosh,mcintoshjesse,1972,Tackle,"6'1""",214,Junior,
JT McMinis,mcminisjt,1972,Halfback,"5'9""",150,Senior,
Chuck Moore,moorechuck,1972,Guard,"5'9""",172,Senior,
Guilford Morgan,morganguilford,1972,Guard,6',172,Junior,
Gene Okeson,okesongene,1972,,,,,
John Patterson,pattersonjohn,1972,Fullback,"5'7""",156,Junior,
Kenny Payne,paynekenny,1972,Halfback,"5'7""",138,Junior,
Bobby Rawlings,rawlingsbobby,1972,End,"6'2""",155,Sophomore,
Don Rawlings,rawlingsdon,1972,Tackle,"5'9""",185,Senior,
Tony Resio,resiotony,1972,End,"5'9""",157,Junior,
Ranny Roberson,robersonranny,1972,Fullback,"5'5""",192,Junior,
Richard Ross,rossrichard,1972,Guard,"5'6""",145,Junior,
Jim Shacklette,shacklettejim,1972,,,,Sophomore,
Rick Shacklette,shackletterick,1972,Center,"5'10""",189,Senior,
Norman Sullivan,sullivannorman2,1972,,,,Sophomore,
Brad Tyson,tysonbrad,1972,Halfback,"5'10""",155,Senior,
Frank Vines,vinesfrank,1972,End,"5'11""",144,Senior,
Johnny Vines,vinesjohnny,1972,,,,Sophomore,
Greg Washington,washingtongreg,1972,End,6',170,Junior,
Jeff Wholey,wholeyjeff,1972,,,,Sophomore,
Rick Berry,berryrick,1973,Tackle,"5'8""",195,Junior,65
Chris Blanchard,blanchardchris,1973,End,"6'1""",150,Junior,85
Clyde Brown,brownclyde,1973,Wide Receiver,6',180,Senior,24
Keith Buckner,bucknerkeith,1973,,,,Sophomore,
Eddie Chapman,chapmaneddie,1973,Wide Receiver,"5'10.5""",156,Junior,5
Doug Cox,coxdoug,1973,Tackle,"5'11""",200,Senior,70
John Cumberland,cumberlandjohn,1973,Defensive Back,"5'8.5""",136,Junior,21
James Dabney,dabneyjames,1973,Wide Receiver,"5'9.5""",161,Junior,80
Jeff Dodd,doddjeff,1973,Center,"5'7""",155,Junior,50
Brad Froman,fromanbrad,1973,,,,Sophomore,
Mike Frye,fryemike,1973,Defensive Back,"5'10""",153,Junior,48
Tom Furcron,furcrontom,1973,Wide Receiver,"5'7""",150,Senior,23
John Gallahan,gallahanjohn,1973,End,"6'1""",179,Senior,99
Bobby Garland,garlandbobby,1973,Guard,"5'10""",155,Junior,62
Gary Gaston,gastongary,1973,,,,,
Carlton Guinn,guinncarlton,1973,Guard,"5'6.5""",178,Senior,64
Steve Gutowski,gutowskisteve,1973,Tackle,"6'1""",237,Junior,72
John Jackson,jacksonjohn,1973,Wide Receiver,"5'10""",142,Junior,11
Steve Johnson,johnsonsteve,1973,End,"5'11""",160,Junior,89
Robbie Jones,jonesrobbie,1973,Defensive Back,"5'6.5""",158,Senior,41
William Jones,joneswilliam1,1973,Defensive Back,"5'6""",132,Junior,29
Shayne Leggett,leggettshayne,1973,Tackle,"5'11""",183,Junior,78
Jeff Lowery,loweryjeff,1973,Running Back,"5'6""",160,Junior,30
Max Mann,mannmax,1973,Center,"5'9.5""",256,Senior,51
Jerry McIntosh,mcintoshjerry,1973,End,"6'1""",180,Senior,84
Jesse McIntosh,mcintoshjesse,1973,Tackle,"6'1""",219,Senior,97
Charles Morgan,morgancharles,1973,Defensive Back,"5'10""",148,Junior,81
Franklyn Newton,newtonfranklyn,1973,Guard,"5'7.5""",165,Junior,61
John Patterson,pattersonjohn,1973,Running Back,"5'7.5""",157,Senior,31
David Patton,pattondavid,1973,Guard,"5'8""",160,Junior,
Rick Phillips,phillipsrick,1973,Quarterback,"5'10""",150,Junior,12
Tony Resio,resiotony,1973,End,"5'8.5""",180,Senior,82
Ranny Roberson,robersonranny,1973,Running Back,"5'5""",197,Senior,63
Richard Ross,rossrichard,1973,Guard,"5'6.5""",152,Senior,65
Rod Schlemm,schlemmrod,1973,Tackle,"6'1""",185,Senior,
Jim Shacklette,shacklettejim,1973,Wide Receiver,"5'10""",168,Junior,40
Gary Sullivan,sullivangary,1973,Tackle,"5'9.5""",176,Junior,75
Norman Sullivan,sullivannorman2,1973,Running Back,"5'9""",199,Junior,44
Bobby Thompson,thompsonbobby,1973,Tackle,"5'10""",172,Junior,39
James Truslow,truslowjames,1973,Wide Receiver,"5'6""",165,Junior,3
Johnny Vines,vinesjohnny,1973,Running Back,"5'8""",156,Junior,32
Greg Washington,washingtongreg,1973,Defensive Back,"5'10""",172,Senior,42
Jeff Wholey,wholeyjeff,1973,Quarterback,"5'10""",168,Junior,10
Don Wichmann,wichmanndon,1973,Center,"5'10.5""",216,Senior,52
Jeff Willard,willardjeff,1973,Tackle,6',180,Junior,
Rick Berry,berryrick,1974,Tackle,"5'9""",194,Senior,
Mark Bertolasio,bertolasiomark,1974,Defensive Back,"5'8""",158,Sophomore,
Chris Blanchard,blanchardchris,1974,End,"6'1""",155,Senior,
David Bland,blanddavid,1974,Tackle,"6'1""",245,Senior,
Kevin Bland,blandkevin,1974,Tackle,"6'1""",184,Junior,
Keith Buckner,bucknerkeith,1974,Running Back,6',180,Junior,
Earl Bumbrey,bumbreyearl,1974,Running Back,"5'7""",147,Junior,
Elmer Carneal,carnealelmber,1974,Tackle,"6'1""",164,Senior,
Eddie Chapman,chapmaneddie,1974,End,"6'1""",168,Senior,
John Cumberland,cumberlandjohn,1974,Defensive Back,"5'10""",145,Senior,
Jeff Dodd,doddjeff,1974,Guard,"5'6""",165,Senior,
Brad Froman,fromanbrad,1974,Quarterback,6',182,Junior,
Bobby Garland,garlandbobby,1974,End,"5'11""",170,Senior,
Fred Gnegy,gnegyfred,1974,Center,"5'10""",166,Junior,
Mike Gregory,gregorymike,1974,End,"5'9""",140,Junior,
Chris Grey,greychris,1974,Center,"6'1""",195,Junior,
Steve Gutowski,gutowskisteve,1974,Guard,"6'2""",237,Senior,
William Jackson,jacksonwilliam,1974,Running Back,"5'10""",174,Junior,
Carl Keyser,keysercarl,1974,Tackle,6',195,Junior,
Jim Keyser,keyserjim,1974,End,6',197,Senior,
Ken Lavoie,lavoieken,1974,Guard,"5'7""",138,Junior,
Shayne Leggett,leggettshayne,1974,Tackle,6',200,Senior,
Jeff Lowery,loweryjeff,1974,Running Back,"5'6""",160,Senior,
Charles Morgan,morgancharles,1974,Defensive Back,"5'9""",150,Senior,
Charlie Newton,newtoncharlie,1974,Guard,"5'10""",176,Junior,
Franklyn Newton,newtonfranklyn,1974,Guard,"5'8""",172,Senior,
Rod Newton,newtonrod,1974,Guard,"5'8""",155,Junior,
Mike Ogden,ogdenmike,1974,End,"5'8""",137,Senior,
David Patton,pattondavid,1974,Guard,"5'8""",170,Senior,
Robbie Pitts,pittsrobbie,1974,Running Back,"5'6""",176,Freshman,
Jim Shacklette,shacklettejim,1974,End,"5'9""",165,Senior,
Scott Shahan,shahanscott,1974,Defensive Back,"5'6""",133,Junior,
Ed Sismour,sismoured,1974,End,"5'10""",150,Senior,
Gary Sullivan,sullivangary,1974,Tackle,6',203,Senior,
Norman Sullivan,sullivannorman2,1974,Running Back,"5'9""",202,Senior,
Rick Sullivan,sullivanrick,1974,Running Back,"5'10""",162,Freshman,
Bobby Thompson,thompsonbobby,1974,Tackle,6',193,Senior,
Johnny Vines,vinesjohnny,1974,Running Back,"5'11""",157,Senior,
Lake Westfall,westfalllake,1974,End,"6'2""",195,Junior,
Jeff Wholey,wholeyjeff,1974,Quarterback,"5'11""",178,Senior,
Jeff Willard,willardjeff,1974,Tackle,"6'2""",198,Senior,
Albert Andres,andresalbert,1975,Guard,"5'8""",142,Senior,
Tom Baldwin,baldwintom,1975,Halfback,"5'7""",150,Junior,
Keith Buckner,bucknerkeith,1975,Halfback,6',185,Senior,
Earl Bumbrey,bumbreyearl,1975,Halfback,"5'7""",146,Senior,
Joey Davenport,davenportjoey,1975,End,"5'10""",150,Junior,
Anthony Davis,davisanthony,1975,Halfback,"5'9""",160,Junior,
Jeff Derby,derbyjeff,1975,Halfback,"5'9""",143,Junior,
Tim Dettinger,dettingertim,1975,Halfback,"5'11""",155,Sophomore,
George Estes,estesgeorge,1975,,,,Sophomore,
Keith Foster,fosterkeith,1975,End,6',160,Junior,
Brad Froman,fromanbrad,1975,Quarterback,"6'1.5""",190,Senior,
Mike Gregory,gregorymike,1975,End,"5'11""",152,Senior,
Chris Grey,greychris,1975,Center,"6'2""",202,Senior,
Darrell Groves,grovesdarrell,1975,Tackle,"6'2""",265,Junior,
Bill Hamilton,hamiltonbill,1975,Halfback,"5'9""",160,Junior,
Joe Hamn,hamnjoe,1975,Halfback,"5'11""",163,Sophomore,
Steve Harding,hardingsteve,1975,,,,Freshman,
David Harper,harperdavid,1975,Tackle,"5'10""",185,Junior,
Ranny Heflin,heflinranny,1975,End,"5'9""",170,Sophomore,
Danny Hopkins,hopkinsdanny,1975,Fullback,"5'9""",157,Junior,
Ralph Johnson,johnsonralph,1975,End,"5'5""",131,Junior,
William Jones,joneswilliam2,1975,Tackle,"5'9.25""",183,Sophomore,
Carl Keyser,keysercarl,1975,Tackle,6',190,Senior,
Ralph King,kingralph,1975,End,6',165,Sophomore,
Steve Knight,knightsteve,1975,Halfback,"5'7""",141,Junior,
Ken Lavoie,lavoieken,1975,Guard,"5'8""",148,Senior,
Richard Lavoie,lavoierichard,1975,Halfback,"5'8""",150,Junior,
Glenn Lovitt,lovittglenn,1975,Fullback,"5'11""",170,Sophomore,
Mike McBroom,mcbroommike,1975,Center,"6'2""",172,Junior,
Lee McConnell,mcconnelllee,1975,End,"5'10""",165,Junior,
Mark Newton,newtonmark,1975,Guard,"5'11""",182,Sophomore,
Charles Payne,paynecharles,1975,Center,"5'10.5""",171,Junior,
Vernon Payne,paynevernon,1975,Tackle,"6'2""",260,Junior,
Robbie Pitts,pittsrobbie,1975,Fullback,"5'7""",164,Sophomore,
Mike Poole,poolemike,1975,Guard,"5'10""",165,Sophomore,
Scott Shahan,shahanscott,1975,Halfback,"5'6""",133,Senior,
Andy Smith,smithandy,1975,End,"5'4""",121,Junior,
Rick Sullivan,sullivanrick,1975,Halfback,6',184,Sophomore,
Ronnie Thomas,thomasronnie,1975,Tackle,"5'11.5""",210,Junior,
David Webb,webbdavid,1975,Halfback,"5'8""",153,Sophomore,
Lake Westfall,westfalllake,1975,End,"6'2""",200,Senior,
Kevin Wholey,wholeykevin,1975,Quarterback,"5'8.25""",157,Junior,
Fenner Williams,williamsfenner,1975,Tackle,"6'1""",189,Sophomore,
Brian Bailey,baileybrian,1976,End,"5'11""",167,Senior,
Tom Baldwin,baldwintom,1976,Defensive Back,"5'8""",158,Senior,
Mark Boswell,boswellmark,1976,End,"5'10""",160,Senior,
Jerome Davis,davisjerome,1976,Defensive Back,"5'10""",140,Sophomore,
John Dickinson,dickinsonjohn,1976,Guard,"6'1""",166,Sophomore,
George Estes,estesgeorge,1976,Running Back,"5'9""",165,Junior,
Keith Foster,fosterkeith,1976,End,6',173,Senior,
Jerry Hall,halljerry,1976,Defensive Back,"5'6""",126,Junior,
Steve Harding,hardingsteve,1976,Quarterback,"6'2""",175,Sophomore,
David Hatcher,hatcherdavid,1976,Defensive Back,"5'7""",142,Sophomore,
Ranny Helfin,heflinranny,1976,Guard,"5'11""",180,Junior,
Greg Hill,hillgreg,1976,Guard,"5'9""",184,Junior,
Mark Hines,hinesmark,1976,End,"6'2""",195,Junior,
Danny Hopkins,hopkinsdanny,1976,Running Back,"5'8""",150,Senior,
Scott Jenkins,jenkinsscott,1976,Tackle,6',205,Freshman,
Ralph Johnson,johnsonralph,1976,End,"5'6""",139,Senior,
William Jones,joneswilliam2,1976,Tackle,"5'10""",188,Junior,
Maurice Juggins,jugginsmaurice,1976,Running Back,"5'8""",157,Junior,
Ralph King,kingralph,1976,,,,Junior,
Richard Lavoie,lavoierichard,1976,Defensive Back,"5'8""",151,Senior,
Brad Liedel,liedelbrad,1976,Running Back,"5'4""",130,Freshman,
Glenn Lovitt,lovittglenn,1976,Fullback,,,Junior,
Mike McBroom,mcbroommike,1976,Center,"6'2""",200,Senior,
Mark Newton,newtonmark,1976,Tackle,"5'10""",187,Junior,
Rick Ogden,ogdenrick,1976,End,"5'10""",171,Junior,
Ronnie Price,priceronnie,1976,End,"5'8""",160,Senior,
Jim Rice,ricejim,1976,End,"5'8""",188,Sophomore,
David Saunders,saundersdavid,1976,End,"5'7""",183,Senior,
Rick Sullivan,sullivanrick,1976,Running Back,"5'10""",187,Junior,
Troy Sullivan,sullivantroy,1976,End,"5'4""",125,Sophomore,
Charlie Swidrak,swidrakcharlie,1976,End,"5'9""",151,Junior,
RT Thomas,thomasrt,1976,Tackle,"6'1""",209,Senior,
Stuart Thomas,thomasstuart,1976,End,"5'9""",160,Junior,
David Webb,webbdavid,1976,Defensive Back,"5'9""",168,Junior,
Kevin Wholey,wholeykevin,1976,Defensive Back,"5'1""",166,Senior,
Fenner Williams,williamsfenner,1976,Tackle,"6'2""",196,Junior,
Ralph Wine,wineralph,1976,Guard,"5'10""",167,Sophomore,
Ricky Atkins,atkinsricky,1977,Offensive Tackle,"5'5""",165,Junior,
Dwayne Beach,beachdwayne,1977,Defensive Tackle,"5'8""",185,Senior,
Andy Bell,bellandy,1977,Offensive Guard,"5'11""",185,Junior,
Ira Bell,bellira,1977,Defensive Tackle,"6'2""",215,Junior,
Calhoun Berryman,berrymancalhoun,1977,Running Back,"5'9""",175,Senior,
Robert Bowman,bowmanrobert,1977,Wide Receiver,"5'11""",160,Junior,
Johnny Clark,clarkjohnny,1977,Quarterback,"5'8""",150,Junior,
James Clegg,cleggjames,1977,Defensive Back,"5'7""",140,Senior,
Ray Clough,cloughray,1977,Wide Receiver,6',160,Junior,
Mike Cragg,craggmike,1977,Wide Receiver,"5'9""",140,Junior,
Mark Daniels,danielsmark,1977,Center,6',160,Junior,
Jerome Davis,davisjerome,1977,Defensive Back,6',150,Junior,
David Dickerson,dickersondavid,1977,Defensive Tackle,"5'8""",160,Junior,
John Dickinson,dickinsonjohn,1977,Offensive Guard,"6'2""",190,Junior,
George Estes,estesgeorge,1977,Running Back,"5'10""",175,Senior,
Alan Foster,fosteralan,1977,Defensive End,"6'2""",170,Junior,
Richard Good,goodrichard,1977,Defensive Back,"5'6""",140,Junior,
Mark Gorby,gorbymark,1977,Defensive End,"5'11""",175,Junior,
Jerry Hall,halljerry,1977,Defensive Back,"5'8""",145,Senior,
Howard Hamn,hamnhoward,1977,Defensive End,"6'4""",185,Senior,
Joe Hamn,hamnjoe,1977,Running Back,"5'11""",180,Senior,
David Hatcher,hatcherdavid,1977,Defensive Back,"5'8""",250,Junior,
Ernie Haynes,haynesernie,1977,Fullback,6',170,Senior,
Ranny Heflin,heflinranny,1977,Center,"5'11""",170,Senior,
Mark Hines,hinesmark,1977,Tight End,"6'2""",200,Senior,
Derek Holt,holtderek,1977,Defensive Back,"5'8""",145,Junior,
Billy Humphries,humphriesbilly,1977,Defensive Back,"5'6""",140,Senior,
Brian Hyland,hylandbrian,1977,Defensive End,"6'1""",170,Junior,
Skeeter Jackson,jacksonskeeter,1977,Defensive Back,"5'10""",145,Junior,
Scott Jenkins,jenkinsscott,1977,Defensive Tackle,"6'2""",215,Sophomore,
Donald Johnson,johnsondonald,1977,Running Back,"5'7""",160,Sophomore,
William Jones,joneswilliam2,1977,Offensive Tackle,"5'11""",195,Senior,
Ralph King,kingralph,1977,Wide Receiver,"6'2""",155,Senior,
John Kouthounadis,kouthounadisjohn,1977,Offensive Guard,"5'4""",190,Junior,
Kevin Lang,langkevin,1977,Defensive Back,6',160,Senior,
Brad Liedel,liedelbrad,1977,Defensive Back,"5'6""",140,Sophomore,
Glenn Lovitt,lovittglenn,1977,Fullback,"6'2""",195,Senior,
John McDonald,mcdonaldjohn,1977,Defensive End,6',185,Junior,
Everett McWhirt,mcwhirteverett,1977,Defensive Tackle,"6'2""",270,Senior,
James Miller,millerjames,1977,Center,6',170,Junior,
Allen Moore,mooreallen,1977,Linebacker,"5'11""",185,Junior,
Mark Newton,newtonmark,1977,Linebacker,6',205,Senior,
Albert Normand,normandalbert,1977,Offensive Tackle,"5'10""",195,Junior,
Rick Ogden,ogdenrick,1977,Kicker,"5'10""",165,Senior,
Frank Patterson,pattersonfrank,1977,Defensive Back,"5'10""",160,Junior,
Kenny Penn,pennkenny,1977,Running Back,"5'8""",140,Junior,
Mike Poole,poolemike,1977,Defensive End,"5'10""",170,Senior,
Jim Rice,ricejim,1977,Linebacker,"5'11""",200,Junior,
Frank Richards,richardsfrank,1977,Offensive Tackle,"6'2""",230,Junior,
Mark Russell,russellmark,1977,Wide Receiver,"5'10""",155,Junior,
Glenn Ryhanych,ryhanychglenn,1977,Quarterback,"6'3""",190,Senior,
Keith Sellers,sellerskeith,1977,Middle Linebacker,"5'8""",175,Sophomore,
Walter Sellers,sellerswalter,1977,Offensive Guard,6',160,Junior,
Donald Short,shortdonald,1977,Offensive Guard,"5'11""",180,Junior,
Ron Short,shortron,1977,Defensive Back,"5'11""",160,Junior,
Steve Smith,smithsteve,1977,Center,"5'8""",185,Junior,
David Stewart,stewartdavid,1977,Wide Receiver,6',155,Junior,
Rick Sullivan,sullivanrick,1977,Defensive Back,"5'11""",185,Senior,
Troy Sullivan,sullivantroy,1977,Defensive Back,"5'8""",155,Junior,
Wayne Sullivan,sullivanwayne,1977,Wide Receiver,"5'10""",140,Junior,
Ray Swink,swinkray,1977,Linebacker,"5'9""",155,Junior,
Joe Terembes,terembesjoe,1977,Running Back,"5'8""",170,Junior,
Reggie Thames,thamesreggie,1977,Offensive Tackle,6',190,Junior,
Rob Tulloss,tullossrob,1977,Wide Receiver,6',155,Junior,
Jim Van Dam,vandamjim,1977,Offensive Guard,"5'10""",170,Junior,
Johnny Watts,wattsjohnny,1977,Fullback,"5'7""",165,Senior,
David Webb,webbdavid,1977,Defensive Back,"5'9""",170,Senior,
Robby White,whiterobby,1977,Defensive Back,"5'9""",145,Junior,
Larry Wilkerson,wilkersonlarry,1977,Defensive Back,"5'9""",135,Junior,
Fenner Williams,williamsfenner,1977,Middle Guard,"6'3""",200,Senior,
Ricky Williams,williamsricky,1977,Defensive Back,6',170,Senior,
Mike Woodson,woodsonmike,1977,Defensive End,"5'9""",150,Junior,
Bob Yarborough,yarboroughbob,1977,Tight End,6',175,Senior,
Andy Bell,bellandy,1978,Offensive Tackle,"6'1""",200,Senior,
Ira Bell,bellira,1978,Defensive Tackle,"6'4""",235,Senior,
James Bell,belljames,1978,Fullback,"6'3""",240,Freshman,
Robert Bowman,bowmanrobert,1978,Defensive Back,"5'11""",162,Senior,
Mike Brown,brownmike,1978,Split End,"5'8""",125,Junior,
Tom Brown,browntom,1978,Offensive Guard,6',160,Junior,
Dick Carroll,carrolldick,1978,Defensive End,"6'2""",170,Senior,
John Cole,colejohn,1978,Running Back,"5'8""",160,Junior,
Darrell Cooper,cooperdarrell,1978,Running Back,"5'7""",145,Junior,
Ken Crenshaw,crenshawken,1978,Middle Guard,"5'6""",232,Junior,
Jerome Davis,davisjerome,1978,Defensive Back,"6'1""",155,Senior,
John Dickinson,dickinsonjohn,1978,Offensive Guard,"6'3""",185,Senior,
Gary Dietrich,dietrichgary,1978,Offensive Guard,"5'9""",175,Sophomore,
Steve Dietrich,dietrichsteve,1978,Defensive Back,"5'10""",170,Junior,
Mark Evelsizer,evelsizermark,1978,Quarterback,6',160,Junior,
Ralph Faulconer,faulconerralph,1978,Running Back,"5'8""",156,Sophomore,
Richard Fogg,foggrichard,1978,Split End,"6'3""",180,Junior,
Preston Foshee,fosheepreston,1978,Split End,6',175,Junior,
Alan Foster,fosteralan,1978,Defensive End,"6'4""",180,Senior,
Troy Garrettson,garrettsontroy,1978,Offensive Tackle,"5'6""",225,Junior,
Butch Giacomo,giacomobutch,1978,Defensive Back,"5'7""",142,Freshman,
Mark Gorby,gorbymark,1978,Tight End,6',190,Senior,
Tommy Harper,harpertommy,1978,Middle Guard,"5'9""",175,Junior,
Billy Harrison,harrisonbilly,1978,Center,"5'9""",180,Junior,
David Hatcher,hatcherdavid,1978,Defensive Back,"5'8""",155,Senior,
Paul Hatcher,hatcherpaul,1978,Defensive Back,6',165,Junior,
Earl Holligaugh,holligaughearl,1978,Center,"5'10""",195,Junior,
Derek Holt,holtderek,1978,Defensive Back,"5'9""",160,Senior,
Bobby Hyland,hylandbobby,1978,Offensive Guard,"5'11""",185,Junior,
Brian Hyland,hylandbrian,1978,Split End,"6'2""",175,Senior,
Skeeter Jackson,jacksonskeeter,1978,Split End,"5'10""",145,Senior,
Scott Jenkins,jenkinsscott,1978,Defensive Tackle,"6'3""",230,Junior,
Donald Johnson,johnsondonald,1978,Running Back,"5'9""",170,Junior,
Mike Kane,kanemike,1978,Defensive End,"5'10""",175,Sophomore,
John Kouthounadis,kouthounadisjohn,1978,Middle Guard,"5'6""",190,Senior,
Brad Liedel,liedelbrad,1978,Defensive Back,"5'6""",145,Junior,
Joe Lorenz,lorenzjoe,1978,Kicker,"5'11""",155,Senior,
Mike McDonald,mcdonaldmike,1978,Tight End,"5'11""",165,Sophomore,
Allen Moore,mooreallen,1978,Linebacker,"6'1""",215,Senior,
Sean Morgan,morgansean,1978,Offensive Tackle,"5'10""",190,Junior,
Albert Normand,normandalbert,1978,Offensive Tackle,6',220,Senior,
Jim Oyler,oylerjim,1978,Split End,"5'10""",145,Senior,
Kenny Penn,pennkenny,1978,Running Back,"5'8""",155,Senior,
Mike Price,pricemike,1978,Fullback,"5'7""",155,Junior,
Brian Reynolds,reynoldsbrian,1978,Fullback,"5'9""",170,Junior,
Jim Rice,ricejim,1978,Linebacker,"5'11""",210,Senior,
Frank Richards,richardsfrank,1978,Offensive Tackle,"6'2""",240,Senior,
Keith Robertson,robertsonkeith,1978,Tight End,"5'11""",155,Junior,
Keith Sellers,sellerskeith,1978,Offensive Guard,"5'9""",175,Junior,
Donald Short,shortdonald,1978,Offensive Guard,6',185,Senior,
David Stewart,stewartdavid,1978,Split End,"6'1""",170,Senior,
Jeff Sullivan,sullivanjeff,1978,Split End,"5'8""",135,Junior,
Troy Sullivan,sullivantroy,1978,Defensive Back,"5'7""",150,Senior,
Kevin Sutter,sutterkevin,1978,Offensive Guard,"5'10""",185,Junior,
Ray Swink,swinkray,1978,Linebacker,"5'8""",165,Senior,
Joe Terembes,terembesjoe,1978,Quarterback,"5'11""",165,Senior,
James Bell,belljames,1979,Fullback,"6'2""",245,Sophomore,
Tom Brown,browntom,1979,Defensive End,"5'11""",160,Senior,
Skip Bryant,bryantskip,1979,Offensive Tackle,"6'3""",206,Senior,
Nick Buongiorne,buongiornenick,1979,Defensive Back,"5'7""",160,Junior,
Kevin Caulfield,caulfieldkevin,1979,Offensive Guard,"5'9""",185,Junior,
Tommy Clark,clarktommy,1979,Running Back,"5'10""",155,Senior,
John Cole,colejohn,1979,Nose Guard,"5'8""",160,Senior,
David Crain,craindavid,1979,Defensive End,"5'11""",170,Junior,
Gary Dietrich,dietrichgary,1979,Offensive Guard,"5'9""",170,Junior,
Steve Dietrich,dietrichsteve,1979,Defensive End,"5'10""",170,Senior,
Danny Dobson,dobsondanny,1979,Running Back,6',170,Sophomore,
Sean Egan,egansean,1979,Nose Guard,"5'5""",150,Junior,
Ralph Faulconer,faulconerralph,1979,Running Back,"5'8""",160,Junior,
Jeff Garrettson,garrettsonjeff,1979,Defensive Tackle,"5'8""",170,Junior,
Troy Garrettson,garrettsontroy,1979,Defensive Tackle,"5'8""",265,Senior,
Butch Giacomo,giacomobutch,1979,Defensive Back,"5'7""",160,Sophomore,
Kenny Gorby,gorbykenny,1979,Defensive End,"5'9""",165,Junior,
Wayne Habron,habronwayne,1979,Nose Guard,"5'6""",160,Junior,
Billy Harrison,harrisonbilly,1979,Center,"5'9""",175,Senior,
Paul Hatcher,hatcherpaul,1979,Defensive Back,6',160,Senior,
Eddie Haynes,hayneseddie,1979,,,,Sophomore,
Chris Hedrick,hedrickchris,1979,Linebacker,"5'10""",170,Sophomore,
David Hilton,hiltondavid,1979,Defensive Back,"5'10""",150,Junior,
Ron Hovermale,hovermaleron,1979,Center,"5'8""",185,Junior,
Bobby Hyland,hylandbobby,1979,Offensive Guard,"5'10""",195,Senior,
Curtis James,jamescurtis,1979,Defensive Tackle,"6'2""",210,Sophomore,
Scott Jenkins,jenkinsscott,1979,Defensive Tackle,"6'4""",235,Senior,
Donald Johnson,johnsondonald,1979,Running Back,"5'10""",165,Senior,
Mike Johnson,johnsonmike2,1979,Wide Receiver,"5'9""",145,Sophomore,
Mike Justice,justicemike,1979,Kicker,"5'11""",155,Junior,
Mike Kane,kanemike,1979,Nose Guard,"5'9""",157,Junior,
Leroy King,kingleroy,1979,Running Back,"5'11""",165,Sophomore,
Brad Liedel,liedelbrad,1979,Defensive Back,"5'6""",160,Senior,
Eddie Lunsford,lunsfordeddie,1979,Offensive Guard,"5'6""",160,Junior,
Price Marr,marrprice,1979,Offensive Tackle,"6'1""",225,Sophomore,
Marty Martinussen,martinussenmarty,1979,Fullback,"5'11""",185,Sophomore,
Mike McDonald,mcdonaldmike,1979,Tight End,"5'11""",170,Junior,
Mike Melton,meltonmike,1979,Tight End,6',155,Senior,
Sean Morgan,morgansean,1979,Offensive Tackle,"5'10""",200,Senior,
Jawn Nelson,nelsonjawn,1979,Fullback,"5'7""",150,Junior,
Dale Payne,paynedale,1979,Wide Receiver,"5'11""",150,Senior,
Charlie Penn,penncharlie,1979,Quarterback,"5'8""",170,Junior,
Mike Price,pricemike,1979,Running Back,"5'6""",155,Senior,
Mike Rice,ricemike,1979,Center,"5'10""",200,Freshman,
Phil Rice,ricephil,1979,Linebacker,"5'9""",185,Sophomore,
Keith Robertson,robertsonkeith,1979,Wide Receiver,6',165,Senior,
Chris Schoonover,schoonoverchris,1979,Defensive Back,"5'9""",145,Junior,
Keith Sellers,sellerskeith,1979,Offensive Guard,"5'10""",185,Senior,
Jimmy Shaffer,shafferjimmy,1979,Quarterback,"5'10""",170,Junior,
Alan Spinney,spinneyalan,1979,Fullback,"5'11""",195,Senior,
Greg Sullivan,sullivangreg,1979,Offensive Tackle,6',205,Junior,
Jeff Sullivan,sullivanjeff,1979,Defensive Back,"5'9""",135,Senior,
Robbie Sullivan,sullivanrobbie,1979,Nose Guard,"5'7""",166,Sophomore,
John Sutherland,sutherlandjohn,1979,Defensive Tackle,6',202,Junior,
Kevin Sutter,sutterkevin,1979,Offensive Guard,"5'9""",210,Senior,
Lenny Sweigart,sweigartlenny,1979,Running Back,"5'6""",150,Senior,
Ralph Vogt,vogtralph,1979,Defensive Back,"5'6""",140,Junior,
Randy Whitley,whitleyrandy,1979,Offensive Guard,"5'9""",160,Junior,
Robert Wilder,wilderrobert,1979,Running Back,"5'11""",158,Sophomore,
Chris Wiltse,wiltsechris,1979,Wide Receiver,"5'10""",140,Junior,
Jeff Yeagle,yeaglejeff,1979,Linebacker,"5'10""",185,Junior,
Richie Alstaetter,alstaetterrichie,1980,Wide Receiver,"6'1""",170,Sophomore,
Roger Anderson,andersonroger,1980,Offensive Tackle,"5'11""",210,Junior,
Carl Atkinson,atkinsoncarl,1980,Defensive Tackle,"5'10""",190,Junior,
Mark Babcock,babcockmark,1980,Defensive Back,"5'7""",138,Junior,
James Bell,belljames,1980,Tight End,6',240,Junior,
Adam Burton,burtonadam,1980,Defensive End,"6'1""",168,Sophomore,
John Buss,bussjohn,1980,Linebacker,"5'11""",181,Junior,
Kevin Caulfield,caulfieldkevin,1980,Offensive Guard,"5'9""",180,Senior,
Greg Cook,cookgreg,1980,Linebacker,"5'9""",184,Senior,
Gary Dietrich,dietrichgary,1980,Guard,"5'9""",186,Senior,
Tommy Dixon,dixontommy,1980,,,,,
Sean Egan,egansean,1980,Nose Guard,"5'7""",150,Senior,
Jeff Eldred,eldredjeff,1980,Running Back,"5'7""",140,Senior,
Jim Elkins,elkinsjim,1980,Nose Guard,"6'1""",170,Sophomore,
Russell Emerson,emersonrussell,1980,Linebacker,"5'9""",180,Sophomore,
Steve Emerson,emersonsteve,1980,Quarterback,"5'11""",182,Junior,
Ralph Faulconer,faulconerralph,1980,Running Back,"5'9""",162,Senior,
Mike Ferrier,ferriermike,1980,Defensive Back,"5'11""",160,Junior,
Butch Giacomo,giacomobutch,1980,Defensive Back,"5'9""",162,Junior,
Kenny Gorby,gorbykenny,1980,Defensive End,"5'10""",170,Senior,
John Grinkley,grinkleyjohn,1980,Running Back,"5'6""",141,Sophomore,
Willie Hayes,hayeswillie,1980,Defensive End,"5'9""",161,Junior,
Eddie Haynes,hayneseddie,1980,Quarterback,"5'9""",145,Junior,
Chris Hedrick,hedrickchris,1980,Linebacker,"5'11""",182,Junior,
David Hilton,hiltondavid,1980,Defensive Back,"5'9""",150,Senior,
John Hovermale,hovermalejohn,1980,Guard,"5'10""",171,Junior,
Ron Hovermale,hovermaleron,1980,Center,"5'10""",192,Senior,
Dennis Jackson,jacksondennis,1980,Defensive Back,"5'7""",143,Junior,
Curtis James,jamescurtis,1980,Defensive Tackle,"6'2""",217,Junior,
Peter Janss,jansspeter,1980,Wide Receiver,"5'11""",165,Junior,
Mike Johnson,johnsonmike2,1980,,,,Junior,
Leroy King,kingleroy,1980,Running Back,"5'10""",170,Junior,
Tom Kutz,kutztom,1980,Tight End,"6'1""",160,Sophomore,
Ricky Lowman,lowmanricky,1980,Defensive End,"5'8""",165,Junior,
Price Marr,marrprice,1980,Offensive Tackle,"6'1""",225,Junior,
Marty Martinussen,martinussenmarty,1980,Running Back,"6'1""",189,Junior,
Andre Minor,minorandre,1980,Defensive Back,"5'9""",160,Sophomore,
Wally Neitzey,neitzeywally,1980,Offensive Tackle,"5'11""",245,Senior,
James Parker,parkerjames,1980,Running Back,"5'11""",190,Senior,
Eric Powers,powerseric,1980,Defensive Back,"5'10""",157,Junior,
Mike Rice,ricemike,1980,Center,"6'1""",225,Sophomore,
Phil Rice,ricephil,1980,Tight End,"5'10""",190,Junior,
Lamond Roye,royelamond,1980,Wide Receiver,"5'9""",142,Sophomore,
Mark Ryhanych,ryhanychmark,1980,Quarterback,"5'11""",175,Sophomore,
Donny Self,selfdonny,1980,Offensive Guard,"5'9""",165,Senior,
Mark Shaffer,shaffermark,1980,Defensive Tackle,"6'1""",215,Junior,
John Sharpe,sharpejohn,1980,Wide Receiver,"5'8""",145,Junior,
Greg Sullivan,sullivangreg,1980,Offensive Tackle,6',205,Senior,
Robbie Sullivan,sullivanrobbie,1980,Linebacker,"5'10""",183,Junior,
John Sutherland,sutherlandjohn,1980,Defensive Tackle,"6'1""",190,Senior,
Ken Villani,villaniken,1980,Defensive End,"5'9""",160,Junior,
Robert Wilder,wilderrobert,1980,,,,Junior,
Roger Anderson,andersonroger,1981,Guard,"5'11""",190,Senior,
Mark Babcock,babcockmark,1981,Defensive Back,"5'8""",150,Senior,
Bernie Braun,braunbernie,1981,Wide Receiver,"6'1""",160,Junior,
Mark Bugay,bugaymark,1981,Guard,"5'9""",180,Junior,
Adam Burton,burtonadam,1981,Defensive End,"6'1""",170,Junior,
Monty Clift,cliftmonty,1981,Guard,"5'10""",185,Junior,
Kurt Decatur,decaturkurt,1981,Running Back,"5'8""",150,Sophomore,
Larry Dickinson,dickinsonlarry,1981,Center,"6'1""",185,Junior,
Danny Dobson,dobsondanny,1981,Tight End,"5'11""",180,Senior,
Johnny Druiett,druiettjohnny,1981,Quarterback,"5'9""",150,Sophomore,
Mike Ferrier,ferriermike,1981,Defensive Back,"5'10""",150,Senior,
Derrick Fraley,fraleyderrick,1981,Nose Guard,"5'11""",190,Junior,
Butch Giacomo,giacomobutch,1981,Defensive Back,"5'9""",165,Senior,
Greg Gosnell,gosnellgreg,1981,Kicker,"6'1""",175,Senior,
Willie Hayes,hayeswillie,1981,Defensive Back,"5'9""",160,Senior,
Eddie Haynes,hayneseddie,1981,Quarterback,"5'10""",160,Senior,
Joe Heberlein,heberleinjoe,1981,Defensive Back,"5'10""",165,Senior,
Chris Hedrick,hedrickchris,1981,Nose Guard,"5'11""",185,Senior,
John Hovermale,hovermalejohn,1981,Guard,"5'10""",180,Senior,
Bryan Hovey,hoveybryan,1981,Defensive Back,"5'6""",135,Senior,
Curtis James,jamescurtis,1981,Defensive Tackle,"6'2""",215,Senior,
Peter Janss,jansspeter,1981,Wide Receiver,"5'11""",175,Senior,
Mike Johnson,johnsonmike2,1981,Wide Receiver,"5'10""",155,Senior,
Leroy King,kingleroy,1981,Running Back,"5'10""",170,Senior,
Tom Kutz,kutztom,1981,Tight End,"6'1""",175,Junior,
Jeff Lenox,lenoxjeff,1981,Center,"5'9""",175,Junior,
Ricky Lowman,lowmanricky,1981,Defensive End,"5'9""",165,Senior,
Price Marr,marrprice,1981,Tackle,"6'2""",235,Senior,
Marty Martinussen,martinussenmarty,1981,Running Back,"6'1""",195,Senior,
Matt May,maymatt,1981,Linebacker,"5'8""",185,Sophomore,
Kevin Mills,millskevin,1981,Defensive Back,"5'8""",145,Senior,
Andre Minor,minorandre,1981,Defensive Back,"5'10""",165,Junior,
Kevin Phillips,phillipskevin,1981,Defensive End,"5'10""",165,Sophomore,
Phil Rice,ricephil,1981,Linebacker,"5'10""",195,Senior,
Lamond Roye,royelamond,1981,Wide Receiver,"5'9""",150,Junior,
Jeff Sale,salejeff,1981,Tackle,"6'2""",235,Junior,
John Sharpe,sharpejohn,1981,Wide Receiver,"5'10""",165,Senior,
Mike Shelton,sheltonmike,1981,Defensive Tackle,6',205,Senior,
Scott Starnes,starnesscott,1981,Quarterback,"5'11""",185,Sophomore,
RC Stephens,stephensrc,1981,Tackle,"5'11""",215,Junior,
Robbie Sullivan,sullivanrobbie,1981,Linebacker,"5'10""",195,Senior,
George Thomas,thomasgeorge,1981,Nose Guard,"5'7""",175,Senior,
Ken Villani,villaniken,1981,Defensive End,6',185,Senior,
Robert Wilder,wilderrobert,1981,Running Back,"5'10""",185,Senior,
Jeff Yates,yatesjeff,1981,Defensive Back,"5'8""",145,Junior,
Mike Albrycht,albrychtmike,1982,Defensive Back,"6'1""",168,Senior,
Spencer Berry,berryspencer,1982,Running Back,"5'10""",165,Junior,
Floyd Bonacorsi,bonacorsifloyd,1982,Defensive End,"5'10""",190,Sophomore,
Chris Boutchyard,boutchyardchris,1982,Defensive Tackle,"5'10""",190,Junior,
Major Brumback,brumbackmajor,1982,Defensive End,"5'10""",150,Sophomore,
Mark Bugay,bugaymark,1982,Defensive Tackle,"5'10""",210,Senior,
Robert Buongiorne,buongiornerobert,1982,Defensive Back,"5'9""",160,Junior,
David Carpenter,carpenterdavid,1982,Defensive Back,"5'7""",155,Junior,
Earl Coffey,coffeyearl,1982,Linebacker,"5'8""",150,Sophomore,
Richard Cragg,craggrichard,1982,Wide Receiver,"5'7""",135,Sophomore,
Kurt Decatur,decaturkurt,1982,Defensive Back,"5'8""",155,Junior,
Larry Dickinson,dickinsonlarry,1982,Defensive End; Center,"6'3""",197,Senior,
Johnny Druiett,druiettjohnny,1982,Wide Receiver; Punter,"5'10""",160,Junior,
Steve Druiett,druiettsteve,1982,Running Back,"5'6""",150,Sophomore,
Tim Early,earlytim,1982,Quarterback,"5'8""",145,Junior,
Robert Elswick,elswickrobert,1982,Kicker,"6'2""",170,Junior,
Derrick Farley,farleyderrick,1982,Offensive Guard,"5'6""",145,Junior,
Ricky Faulconer,faulconerricky,1982,Wide Receiver,"5'11""",170,Junior,
Robert Franklin,franklinrobert,1982,Defensive End; Center,"6'3""",197,Senior,
Jamie Hall,halljamie,1982,Offensive Tackle,"5'10""",225,Senior,
Tom Kutz,kutztom,1982,Wide Receiver,"5'7""",135,Sophomore,
Jeff Lenox,lenoxjeff,1982,Center,"5'11""",190,Junior,
Ernie Martinez,martinezernie,1982,Defensive Back,"5'6""",130,Junior,
Kevin Mathews,mathewskevin,1982,Running Back,"5'8""",175,Junior,
Matt May,maymatt,1982,Linebacker,"5'8""",185,Junior,
Jimmy McKenna,mckennajimmy,1982,Wide Receiver,"5'8""",155,Senior,
Andre Minor,minorandre,1982,Defensive Back,"5'10""",170,Senior,
Kevin Moran,morankevin,1982,Defensive Back,"5'10""",160,Junior,
Todd Patton,pattontodd,1982,Wide Receiver,"5'9""",150,Sophomore,
Kevin Phillips,phillipskevin,1982,Linebacker,"5'11""",165,Junior,
Tony Rabe,rabetony,1982,Center,"5'11""",190,Junior,
John Reilly,reillyjohn,1982,Defensive Back,"5'8""",150,Junior,
Rick Rodriguez,rodriguezrick,1982,Linebacker,"5'8""",150,Sophomore,
Tim Ross,rosstim,1982,Defensive Tackle,"5'10""",190,Senior,
Lamond Roye,royelamond,1982,Wide Receiver,"5'10""",155,Senior,
Jeff Sale,salejeff,1982,Defensive Tackle,"5'10""",210,Senior,
Greg Sharpe,sharpegreg,1982,Running Back,"6'2""",155,Senior,
Mark Shover,shovermark,1982,Defensive Back,6',180,Senior,
Scot Small,smallscot,1982,Running Back,"5'10""",165,Senior,
Darryl Smith,smithdarryl,1982,,,,Sophomore,
Dean Stanfield,stanfielddean,1982,Wide Receiver,"5'10""",160,Senior,
Scott Starnes,starnesscott,1982,Quarterback,6',195,Junior,
Ray Stephens,stephensray,1982,Center; Offensive Tackle,"5'10""",202,Senior,
RC Stephens,stephensrc,1982,Offensive Tackle,"6'1""",215,Senior,
George Thomas,thomasgeorge,1982,Nose Guard,"5'6""",165,Senior,
Sidney Thomas,thomassidney,1982,Wide Receiver,"5'10""",155,Senior,
Ray Washington,washingtonray,1982,Defensive Back,"6'3""",155,Senior,
John Wilcox,wilcoxjohn,1982,Tight End; Defensive End,"6'3""",190,Sophomore,
Kerry Williams,williamskerry,1982,Defensive Tackle,6',215,Senior,
Kevin Williams,williamskevin,1982,Offensive Guard,"5'7""",198,Junior,
Harvey Wilson,wilsonharvey,1982,,,,,
Mike Albrycht,albrychtmike,1983,Center,"6'2""",175,Junior,
Kevin Allard,allardkevin1,1983,Defensive End,"5'11""",160,Junior,
Floyd Bonarcorsi,bonarcorsifloyd,1983,Offensive Tackle,"5'10""",200,Senior,
Mitch Boutchyard,boutchyardmitch,1983,Offensive Guard,"5'8""",170,Sophomore,
Ricky Brown,brownricky,1983,Linebacker,"5'10""",200,Junior,
Major Brumback,brumbackmajor,1983,Offensive Guard,"5'6""",155,Senior,
Robert Buongiorne,buongiornerobert,1983,Defensive Tackle,"5'9""",170,Senior,
Chance Charters,charterschance,1983,Offensive Tackle,"6'2""",238,Junior,
Bill Clark,clarkbill,1983,Offensive Tackle,6',226,Junior,
Earl Coffey,coffeyearl,1983,Back,"5'7""",160,Junior,
William Cotton,cottonwilliam,1983,Defensive Tackle,"5'8""",260,Junior,
Greg Crawford,crawfordgreg,1983,Wide Receiver,"5'9""",150,Junior,
Matt Curtis,curtismatt,1983,Center,"5'9""",175,Junior,
Kurt Decatur,decaturkurt,1983,Defensive Back,"5'9""",155,Senior,
Chris Doggett,doggettchris,1983,Defensive Back,"5'9""",160,Sophomore,
Johnny Druiett,druiettjohnny,1983,Wide Receiver,6',175,Senior,
Steve Druiett,druiettsteve,1983,Center,"5'10""",165,Junior,
Robert Elswick,elswickrobert,1983,Tight End,"6'2""",175,Senior,
Ricky Faulconer,faulconerricky,1983,Wide Receiver,"6'1""",165,Junior,
Robert Franklin,franklinrobert,1983,Offensive Guard,"5'8""",198,Senior,
Tom Gray,graytom,1983,Defensive Back,"5'6""",150,Senior,
Jamie Hall,halljamie,1983,Offensive Guard,"5'6""",190,Senior,
Phil Jones,jonesphil,1983,Quarterback,"5'8""",150,Sophomore,
Eric Killinger,killingereric,1983,Defensive Back,"5'6""",130,Junior,
Billy Lenzi,lenzibilly,1983,Defensive Back,"5'6""",135,Junior,
Tim Lowe,lowetim,1983,Running Back,"5'9""",155,Junior,
Ernie Martinez,martinezernie,1983,Defensive Back,"5'5""",140,Senior,
Kevin Mathews,mathewskevin,1983,Running Back,"5'9""",185,Senior,
Daryl Neitzey,neitzeydaryl,1983,Offensive Guard,"5'8""",175,Senior,
Todd Patton,pattontodd,1983,Defensive Back,"5'9""",160,Junior,
Kevin Phillips,phillipskevin,1983,Defensive End,6',170,Senior,
Grey Polly,pollygrey,1983,Offensive Tackle,6',210,Junior,
Darryl Smith,smithdarryl,1983,Running Back,"5'8""",135,Junior,
Troy Spindle,spindletroy,1983,Defensive Back,"5'10""",140,Sophomore,
Scott Starnes,starnesscott,1983,Quarterback,"5'8""",150,Sophomore,
Ray Stephens,stephensray,1983,Running Back,"5'7""",150,Junior,
Andy Stone,stoneandy,1983,Defensive Tackle,"5'10""",175,Junior,
Rick Swenson,swensonrick,1983,Tight End,"5'11""",205,Senior,
David Waters,watersdavid,1983,Linebacker,"5'10""",155,Sophomore,
Greg Wellerman,wellermangreg,1983,Offensive Tackle,"5'11""",195,Junior,
John Wilcox,wilcoxjohn,1983,Defensive Back,"5'10""",160,Junior,
Kevin Allard,allardkevin1,1984,Tight End,"5'11""",160,Senior,
Randy Bove,boverandy,1984,Wide Receiver,"5'8""",160,Junior,
Ricky Brown,brownricky,1984,Offensive Guard,"5'9""",195,Senior,
Tony Brown,browntony,1984,Running Back,"5'11""",160,Sophomore,
James Buckle,bucklejames,1984,Offensive Guard,"5'7""",165,Sophomore,
Todd Campbell,campbelltodd,1984,Wide Receiver,"5'11""",150,Junior,
Scott Caple,caplescott,1984,Wide Receiver,"5'7""",145,Senior,
Kevin Cavanaugh,cavanaughkevin,1984,Offensive Guard,"5'10""",195,Junior,
Bill Clark,clarkbill,1984,Offensive Tackle,"6'2""",240,Senior,
Earl Coffey,coffeyearl,1984,Offensive Guard,"5'8""",160,Senior,
Greg Crawford,crawfordgreg,1984,Wide Receiver,"5'10""",160,Junior,
Chris Doggett,doggettchris,1984,Running Back,"5'9""",160,Junior,
Trent Douglas,douglastrent,1984,Quarterback,"5'8""",145,Sophomore,
Steve Druiett,druiettsteve,1984,Center,"5'11""",175,Senior,
Tom Erskine,erskinetom,1984,Offensive Guard,"5'9""",155,Sophomore,
Donald Fraley,fraleydonald,1984,Wide Receiver,"5'8""",160,Junior,
Robbie Gilmartin,gilmartinrobbie,1984,Defensive Tackle,"6'2""",235,Sophomore,
Leif Gyllenhoff,gyllenhoffleif,1984,Tight End,"5'11""",180,Senior,
Adron Hatcher,hatcheradron,1984,Linebacker,"5'11""",175,Sophomore,
Mark Haynes,haynesmark,1984,Running Back,"5'8""",140,Junior,
Todd Healey,healeytodd,1984,Running Back,"5'8""",150,Junior,
Travis Jackson,jacksontravis,1984,Running Back,"5'10""",195,Junior,
Phil Jones,jonesphil,1984,Quarterback,"5'11""",140,Junior,
Steve Jones,jonessteve,1984,Quarterback,"5'11""",140,Sophomore,
Perry Kapataidakis,kapataidakisperry,1984,Tight End,6',180,Junior,
Eric Killinger,killingereric,1984,Wide Receiver,"5'8""",130,Senior,
Billy Lenzi,lenzibilly,1984,Running Back,"5'8""",145,Senior,
Brent Main,mainbrent,1984,Offensive Tackle,"5'6""",190,Sophomore,
Wayne Morgan,morganwayne,1984,Offensive Guard,"5'7""",165,Sophomore,
Russell Parks,parksrussell,1984,Running Back,"5'6""",160,Sophomore,
Todd Patton,pattontodd,1984,Defensive Back,"5'9""",165,Senior,
Mike Perez,perezmike,1984,Offensive Tackle,"6'2""",180,Junior,
Greg Polly,pollygreg,1984,Offensive Tackle,6',215,Senior,
David Reilly,reillydavid,1984,Offensive Tackle,"5'10""",190,Sophomore,
Jerry Schenemann,schenemannjerry,1984,Nose Guard,"5'10""",205,Junior,
Darryl Smith,smithdarryl,1984,Running Back,"5'7""",145,Senior,
Troy Spindle,spindletroy,1984,Defensive Back,6',150,Junior,
Mike Spruill,spruillmike,1984,Wide Receiver,"5'5""",140,Junior,
Ray Stephens,stephensray,1984,Running Back,"5'7""",155,Senior,
Victor Tyler,tylervictor,1984,Quarterback,"5'9""",155,Junior,
Otis Washington,washingtonotis,1984,Wide Receiver,"5'10""",145,Sophomore,
Danny Way,waydanny,1984,Offensive Tackle,"6'1""",220,Sophomore,
Greg Wellerman,wellermangreg,1984,Offensive Tackle,6',205,Senior,
Steve Whitehead,whiteheadsteve,1984,Defensive End,6',175,Junior,
John Wilcox,wilcoxjohn,1984,Tight End,"5'10""",275,Senior,
Eugene Albrycht,albrychteugene,1985,Defensive Tackle,"6'4""",235,Senior,
Randy Bove,boverandy,1985,Tight End,"5'9""",145,Junior,
Tony Brown,browntony,1985,Defensive End,"5'0""",180,Junior,
Brian Buckle,bucklebrian,1985,Offensive Guard,"5'7""",170,Sophomore,
James Buckle,bucklejames,1985,Offensive Guard,"5'8""",160,Senior,
Todd Campbell,campbelltodd,1985,Wide Receiver,6',155,Senior,
Scott Caple,caplescott,1985,Wide Receiver,"5'9""",160,Junior,
Jeff Chewning,chewningjeff,1985,Defensive Back,"5'10""",165,Junior,
Harry Crisp,crispharry,1985,Linebacker,"5'10""",165,Junior,
Chris Doggett,doggettchris,1985,Defensive Back,"5'9""",170,Senior,
Trent Douglas,douglastrent,1985,Running Back,"5'9""",155,Junior,
Neil Drumheller,drumhellerneil,1985,Offensive Guard,"6'2""",170,Sophomore,
Tom Erskine,erskinetom,1985,Offensive Guard,"5'11""",170,Junior,
Ramon Frye,fryeramon,1985,Offensive Tackle,"5'10""",217,Senior,
Monte George,georgemonte,1985,Running Back,"5'7""",170,Sophomore,
Robert Harris,harrisrobert,1985,Offensive Tackle,"5'10""",204,Junior,
Danny Henemyre,henemyredanny,1985,Offensive Tackle,6',205,Sophomore,
Jeff Hodgson,hodgsonjeff,1985,Wide Receiver,"5'11""",140,Junior,
Chris Holmes,holmeschris,1985,Defensive End,"5'11""",155,Sophomore,
David Jernigan,jernigandavid,1985,Nose Guard,"5'9""",210,Senior,
Phil Jones,jonesphil,1985,Quarterback,"5'11""",175,Senior,
Steve Jones,jonessteve,1985,Quarterback,6',150,Junior,
Perry Kapataidakis,kapataidakisperry,1985,Tight End,"6'2""",180,Senior,
Brian Long,longbrian,1985,Offensive Tackle,"5'10""",202,Senior,
Randy Lucas,lucasrandy,1985,Running Back,"5'10""",150,Senior,
John McAlister,mcalisterjohn,1985,Wide Receiver,"5'7""",140,Sophomore,
Wayne Morgan,morganwayne,1985,Defensive Tackle,"6'2""",245,Senior,
Russell Parks,parksrussell,1985,Running Back,"5'7""",170,Junior,
Mike Perez,perezmike,1985,Offensive Tackle,"6'2""",190,Senior,
Jerry Schenemann,schenemannjerry,1985,Defensive Tackle,"5'9""",206,Senior,
Morris Smith,smithmorris,1985,Linebacker,"5'7""",160,Sophomore,
Troy Spindle,spindletroy,1985,Defensive Back,"6'1""",170,Senior,
Greg Spruill,spruillgreg,1985,,,,Sophomore,
Shane Sullivan,sullivanshane,1985,Defensive Tackle,"6'1""",275,Sophomore,
Otis Washington,washingtonotis,1985,Wide Receiver,"5'10""",165,Junior,
David Waters,watersdavid,1985,Tight End,"5'10""",170,Senior,
Kevin Watson,watsonkevin,1985,Defensive Back,"5'8""",160,Freshman,
Danny Way,waydanny,1985,Offensive Tackle,"6'2""",210,Junior,
Mark Weeks,weeksmark,1985,Defensive Tackle,"5'9""",160,Sophomore,
Steve Whitehead,whiteheadsteve,1985,Center,"6'2""",180,Senior,
Ricky Abel,abelricky,1986,Defensive End,"5'10""",185,Junior,
Alan Banks,banksalan,1986,Tackle,"6'4""",200,Junior,
Randy Bove,boverandy,1986,Defensive Back,"5'1""",160,Senior,
Jamie Brooks,brooksjamie,1986,Defensive Back,"5'8""",135,Junior,
Jeff Brooks,brooksjeff,1986,Wide Receiver,"5'7""",130,Junior,
Tony Brown,browntony,1986,Tight End,"6'1""",200,Senior,
Brian Buckle,bucklebrian,1986,Guard,"5'8""",180,Junior,
Tommy Campbell,campbelltommy,1986,Quarterback,"5'9""",160,Junior,
Scott Caple,caplescott,1986,Wingback,"5'9""",160,Senior,
Jeff Chewning,chewningjeff,1986,Defensive Back,"5'10""",170,Junior,
Earl Chittum,chittumearl,1986,Defensive Back,6',140,Junior,
Harry Crisp,crispharry,1986,Linebacker,"5'10""",170,Senior,
Trent Douglas,douglastrent,1986,Defensive Back,"5'9""",160,Senior,
Bart Duval,duvalbart,1986,Defensive Lineman,"6'2""",190,Senior,
Tom Erskine,erskinetom,1986,Guard,6',180,Senior,
Tom Garver,garvertom,1986,Wingback,"5'8""",140,Junior,
Monte George,georgemonte,1986,Running Back,"5'8""",170,Junior,
Robert Harris,harrisrobert,1986,Tackle,"5'11""",220,Senior,
Danny Henemyre,henemyredanny,1986,Defensive Lineman,"6'1""",215,Junior,
Allan Henshaw,henshawallan,1986,Tight End,"5'10""",180,Sophomore,
Jeff Hodgson,hodgsonjeff,1986,Wide Receiver,"5'11""",150,Senior,
Chris Holmes,holmeschris,1986,Tight End,"5'11""",160,Junior,
Eric Householder,householdereric,1986,Wide Receiver,"5'11""",135,Sophomore,
Rickey Huckleby,hucklebyrickey,1986,Wide Receiver,"5'9""",145,Junior,
Gordon Johnson,johnsongordon,1986,Wide Receiver,"5'10""",165,Junior,
Steve Jones,jonessteve,1986,Quarterback,"6'1""",155,Senior,
Shawn Kimmitz,kimmitzshawn,1986,Wide Receiver,"5'10""",135,Sophomore,
James Kirtley,kirtleyjames,1986,Guard,"6'1""",180,Junior,
Brent Main,mainbrent,1986,Guard,"5'8""",216,Senior,
Joey Marshall,marshalljoey,1986,Guard,"5'8""",170,Junior,
Joe McAlister,mcalisterjoe,1986,Defensive Back,"5'7""",140,Junior,
John McAlister,mcalisterjohn,1986,Defensive Back,"5'7""",140,Junior,
JD McDougall,mcdougalljd,1986,Linebacker,"5'8""",170,Sophomore,
Dwayne Palermo,palermodwayne,1986,Center,6',195,Sophomore,
Russell Parks,parksrussell,1986,Linebacker,"5'7""",180,Senior,
David Reilly,reillydavid,1986,Tackle,"6'1""",225,Senior,
Stacey Rhody,rhodystacey,1986,Linebacker,"5'9""",165,Sophomore,
Scott Rice,ricescott,1986,Tight End,"5'9""",145,Junior,
Leonard Short,shortleonard,1986,Defensive Lineman,6',255,Sophomore,
Morris Smith,smithmorris,1986,Linebacker,"5'7""",170,Junior,
John Spiak,spiakjohn,1986,Guard,"5'9""",140,Junior,
Greg Spruill,spruillgreg,1986,Running Back,"5'6""",165,Junior,
Neil Sullivan,sullivanneil,1986,Tackle,"5'5""",192,Junior,
Troy Sullivan,sullivantroy,1986,Defensive Back,"5'9""",150,Junior,
Troy Thompson,thompsontroy,1986,Wide Receiver,"5'8""",135,Junior,
Joe Tolson,tolsonjoe,1986,Guard,"5'6""",225,Junior,
Mark Walker,walkermark,1986,Quarterback,"6'1""",165,Sophomore,
Otis Washington,washingtonotis,1986,Wide Receiver,"6'1""",180,Junior,
Donnell Watson,watsondonnell,1986,Wide Receiver,"5'8""",140,Senior,
Kevin Watson,watsonkevin,1986,Defensive Back,"5'7""",170,Sophomore,
Danny Way,waydanny,1986,Tackle,"6'2""",210,Senior,
Mark Weeks,weeksmark,1986,Guard,"5'8""",155,Junior,
Joe Williams,williamsjoe,1986,Running Back,"5'9""",160,Sophomore,
Ricky Abel,abelricky,1987,Fullback,"5'10""",185,Senior,
Robert Ayres,ayresrobert,1987,Tackle,6',240,Senior,
Perry Bocson,bocsonperry,1987,Wide Receiver,"5'11""",160,Junior,
Dale Brooks,brooksdale,1987,Defensive Back,"5'5""",135,Junior,
Jamie Brooks,brooksjamie,1987,Wide Receiver,"5'9""",145,Senior,
Brian Buckle,bucklebrian,1987,Guard,"5'9""",200,Senior,
Rick Byrne,byrnerick,1987,Linebacker,6',205,Junior,
Tommy Campbell,campbelltommy,1987,Quarterback,"5'9""",165,Senior,
Earl Chittum,chittumearl,1987,Defensive Back,"5'10""",150,Senior,
Tony Dietrich,dietrichtony,1987,Defensive End,"5'10""",150,Junior,
Craig Dodd,doddcraig,1987,Kicker,"5'7""",175,Junior,
Alan Elliot,elliotalan,1987,Defensive Back,"5'9""",155,Junior,
Phil Estill,estillphil,1987,Defensive Tackle,6',185,Junior,
Monte George,georgemonte,1987,Running Back,"5'9""",180,Senior,
Greg Hatfield,hatfieldgreg,1987,Guard,"5'10""",200,Junior,
Danny Henemyre,henemyredanny,1987,Defensive Tackle,"6'1""",215,Senior,
Allan Henshaw,henshawallan,1987,Defensive End,"5'11""",195,Senior,
Chris Holmes,holmeschris,1987,Defensive End,"5'11""",170,Senior,
Eric Householder,householdereric,1987,Wide Receiver,6',150,Junior,
Gordon Johnson,johnsongordon,1987,Fullback,"5'10""",175,Senior,
Jim Kirtley,kirtleyjim,1987,Center,6',200,Senior,
Bryant Lucas,lucasbryant,1987,Running Back,"5'9""",140,Junior,
Joe McAlister,mcalisterjoe,1987,Wide Receiver,"5'7""",155,Senior,
John McAlister,mcalisterjohn,1987,Defensive Back,"5'6""",140,Senior,
Dwayne Palermo,palermodwayne,1987,Defensive End,"5'11""",195,Junior,
Leonard Short,shortleonard,1987,Tackle,6',260,Junior,
Morris Smith,smithmorris,1987,Linebacker,"5'10""",180,Senior,
Neil Sullivan,sullivanneil,1987,Tackle,"5'8""",220,Senior,
Quintin Sullivan,sullivanquintin,1987,Tight End,6',200,Senior,
Troy Thompson,thompsontroy,1987,Wide Receiver,"5'9""",145,Senior,
Warren Uecker,ueckerwarren,1987,Tackle,"6'2""",245,Junior,
Mark Walker,walkermark,1987,Quarterback,"6'1""",170,Junior,
Kevin Watson,watsonkevin,1987,Defensive Back,"5'8""",175,Junior,
Joe Williams,williamsjoe,1987,Running Back,"5'10""",160,Junior,
Mike Blaisdell,blaisdellmike,1988,Defensive Back,"5'7""",145,Junior,
Perry Bocson,bocsonperry,1988,Wide Receiver,6',160,Senior,
Dale Brooks,brooksdale,1988,Defensive Back,"5'5""",140,Senior,
John Brooks,brooksjohn,1988,Running Back,"5'3""",140,Junior,
Chris Brotzman,brotzmanchris,1988,Center,"5'7""",195,Junior,
Rick Byrne,byrnerick,1988,Linebacker,6',225,Senior,
Mike Carter,cartermike,1988,Linebacker,"5'9""",160,Junior,
CJ DeBernard,debernardcj,1988,Running Back,"5'7""",160,Junior,
Chad Dixon,dixonchad,1988,Wide Receiver,"5'11""",165,Junior,
Craig Dodd,doddcraig,1988,Kicker,"5'8""",205,Senior,
Alan Elliot,elliotalan,1988,Wide Receiver,"5'10""",160,Senior,
Phil Estill,estillphil,1988,Defensive Lineman,"5'11""",195,Senior,
Greg Hatfield,hatfieldgreg,1988,Guard,6',210,Senior,
Allan Henshaw,henshawallan,1988,Defensive End,"6'1""",220,Senior,
Jody Hessler,hesslerjody,1988,Linebacker,"5'10""",170,Junior,
Eric Householder,householdereric,1988,Wide Receiver,6',150,Senior,
Richard Hovey,hoveyrichard,1988,Defensive Back,"5'11""",155,Senior,
Ronnie Huckleby,hucklebyronnie,1988,Wide Receiver,"5'8""",140,Senior,
Shawn Kimmitz,kimmitzshawn,1988,Wide Receiver,"5'10""",140,Senior,
Bryant Lucas,lucasbryant,1988,Running Back,"5'10""",150,Senior,
Ricky Milam,milamricky,1988,Defensive End,"5'9""",165,Junior,
Kevin Moore,moorekevin,1988,Defensive Lineman,"5'5""",250,Junior,
Kevin Mullinix,mullinixkevin,1988,Defensive Lineman,"5'10""",190,Junior,
Shawn Payne,payneshawn,1988,Tackle,"5'11""",215,Junior,
Greg Proffitt,proffittgreg,1988,Wide Receiver,6',140,Senior,
Matt Pulliam,pulliammatt,1988,Wide Receiver,"5'11""",145,Junior,
Greg Rice,ricegreg,1988,Defensive End,"5'11""",185,Senior,
John Rojas,rojasjohn,1988,Defensive Back,"5'10""",160,Junior,
Leonard Short,shortleonard,1988,Nose Guard,6',265,Senior,
Mark Smith,smithmark,1988,Running Back,"5'9""",160,Junior,
Warren Uecker,ueckerwarren,1988,Tackle,"6'3""",260,Senior,
Lieu Vu,vulieu,1988,Running Back,"5'4""",125,Senior,
Mike Waite,waitemike,1988,Defensive Back,"5'7""",150,Senior,
Kevin Walker,walkerkevin,1988,,,,,
Mark Walker,walkermark,1988,Quarterback,"6'3""",180,Senior,
Chad Wandrick,wandrickchad,1988,Wide Receiver,"5'8""",130,Junior,
Kevin Watson,watsonkevin,1988,Wide Receiver,"5'8""",175,Senior,
Doug White,whitedoug,1988,Defensive Lineman,"5'10""",220,Junior,
Joe Williams,williamsjoe,1988,Running Back,"5'10""",165,Senior,
Jeff Berry,berryjeff,1989,Defensive Back,"5'9""",150,Junior,
Mike Blaisdell,blaisdellmike,1989,Defensive Back,"5'6""",145,Senior,
Mark Boutchyard,boutchyardmark,1989,Defensive End,"5'10""",200,Senior,
Chris Brotzman,brotzmanchris,1989,Guard,"5'10""",200,Senior,
John Clark,clarkjohn,1989,Wide Receiver,"5'11""",155,Senior,
Dennis Cornwell,cornwelldennis,1989,Fullback,"5'8""",185,Junior,
Gum Cotton,cottongum,1989,Linebacker,"5'6""",190,Junior,
Chris Craft,craftchris,1989,Defensive Back,"5'9""",160,Junior,
Art Crouch,crouchart,1989,Running Back,"5'10""",170,Junior,
CJ DeBernard,debernardcj,1989,Running Back,"5'6""",160,Senior,
Mike DeMaria,demariamike,1989,Defensive Back,"5'5""",140,Senior,
Chad Dixon,dixonchad,1989,Defensive Back,"5'11""",175,Senior,
Jason Farley,farleyjason,1989,Defensive End,"5'9""",170,Junior,
Chris Faucette,faucettechris,1989,Offensive Tackle,"5'9""",215,Junior,
Matt Franklin,franklinmatt,1989,Defensive End,6',170,Junior,
Jody Hessler,hesslerjody,1989,Linebacker,"5'9""",185,Senior,
Chris Ingram,ingramchris,1989,Guard,"5'11""",215,Junior,
Troy Kirtley,kirtleytroy,1989,Linebacker,"5'9""",175,Junior,
Chip Lee,leechip,1989,Center,"5'8""",190,Junior,
Ernie Madhavan,madhavanernie,1989,Offensive Tackle,"6'2""",250,Junior,
Todd Mesimer,mesimertodd,1989,Defensive End,"5'8""",170,Sophomore,
Ricky Milam,milamricky,1989,Defensive End,"5'9""",175,Senior,
Kevin Moore,moorekevin,1989,Defensive Tackle,"5'8""",270,Senior,
Kevin Mullinix,mullinixkevin,1989,Nose Guard,"5'11""",195,Senior,
Mike Nelms,nelmsmike,1989,Defensive Tackle,6',220,Junior,
Mike Odham,odhammike,1989,Defensive Back,"5'7""",145,Junior,
Shawn Payne,payneshawn,1989,Guard,"5'11""",220,Senior,
Brian Pomykala,pomykalabrian,1989,Tight End,"5'10""",180,Junior,
Robert Pressly,presslyrobert,1989,Defensive Back,"5'8""",155,Junior,
Sean Pyler,pylersean,1989,Offensive Tackle,"6'2""",275,Junior,
Mark Smith,smithmark,1989,Running Back,"5'9""",170,Senior,
Brant Stevenson,stevensonbrant,1989,Defensive Tackle,"5'8""",210,Junior,
Kevin Stone,stonekevin,1989,Wide Receiver,"5'7""",145,Sophomore,
Ron Thomas,thomasron,1989,Defensive End,"5'11""",175,Senior,
David Tignor,tignordavid,1989,Defensive Back,"5'5""",150,Junior,
Danny Torrice,torricedanny2,1989,Quarterback,"6'1""",175,Sophomore,
Bill Walker,walkerbill,1989,Offensive Tackle,"6'2""",350,Junior,
Chad Wandrick,wandrickchad,1989,Wide Receiver,"5'8""",130,Senior,
Mike Wasson,wassonmike,1989,Defensive Back,"5'9""",165,Junior,
Brian Way,waybrian,1989,Wide Receiver,"5'10""",150,Junior,
Doug White,whitedoug,1989,Defensive Tackle,"5'8""",215,Senior,
Todd Whitehead,whiteheadtodd,1989,Quarterback,"5'11""",150,Junior,
John Zsoldos,zsoldosjohn,1989,Defensive Back,"5'7""",155,Junior,
Ken Abel,abelken,1990,Offensive Tackle,"5'11""",215,Junior,
Jeff Berry,berryjeff,1990,Defensive Back,"5'10""",160,Senior,
Jimmy Bove,bovejimmy,1990,Defensive Back,"5'11""",150,Junior,
David Branham,branhamdavid,1990,Running Back,"5'11""",170,Junior,
Scott Buchanan,buchananscott,1990,Wide Receiver,"5'11""",160,Senior,
Judson Campbell,campbelljudson,1990,Offensive Tackle,"5'9""",230,Junior,
Dennis Cornwell,cornwelldennis,1990,Fullback,"5'9""",190,Senior,
Gum Cotton,cottongum,1990,Fullback,"5'6""",175,Senior,
Art Crouch,crouchart,1990,Running Back,"5'10""",170,Senior,
Robbie Dickinson,dickinsonrobbie,1990,Defensive End,"5'7""",180,Junior,
Chris Faucette,faucettechris,1990,Defensive End,"5'9""",190,Senior,
Matt Franklin,franklinmatt,1990,Center,"5'11""",180,Senior,
Ronnie Gayle,gayleronnie,1990,Defensive Tackle,"6'2""",235,Junior,
Todd Gerace,geracetodd,1990,Center,"5'10""",210,Junior,
Joe Gill,gilljoe,1990,Linebacker,"5'9""",175,Junior,
Jeremy Jones,jonesjeremy,1990,Offensive Guard,"5'10""",170,Sophomore,
Chip Lee,leechip,1990,Offensive Guard,"5'8""",185,Senior,
Ernie Madhaven,madhavenernie,1990,Tackle,"6'2""",255,Senior,
Ronald Marshall,marshallronald,1990,Offensive Tackle,"5'10""",225,Junior,
Greg McCadden,mccaddengreg,1990,Wingback,"5'7""",140,Junior,
Chris Mesimer,mesimerchris,1990,Running Back,"5'9""",155,Junior,
Brian Pomykala,pomykalabrian,1990,Fullback,"5'10""",190,Senior,
Robert Pressly,presslyrobert,1990,Defensive Back,"5'10""",160,Senior,
Rick Proffitt,proffittrick,1990,Tight End,6',170,Junior,
Eddie Scherzer,scherzereddie,1990,Offensive Guard,"5'10""",210,Sophomore,
Dewayne Speed,speeddewayne,1990,Defensive End,6',190,Junior,
Brant Stevenson,stevensonbrant,1990,Offensive Tackle,"5'10""",210,Senior,
Kevin Stone,stonekevin,1990,Wingback,"5'9""",150,Junior,
David Tignor,tignordavid,1990,Defensive Back,"5'6""",160,Senior,
Danny Torrice,torricedanny2,1990,Quarterback,"6'3""",185,Junior,
David Tran,trandavid,1990,Defensive End,"5'11""",190,Junior,
Matt Waite,waitematt,1990,Linebacker,"5'7""",180,Junior,
Mike Wasson,wassonmike,1990,Defensive Back,"5'11""",160,Senior,
Brian Way,waybrian,1990,Wide Receiver,"5'11""",165,Junior,
Timmy Way,waytimmy,1990,Defensive Back,"5'8""",140,Junior,
Todd Whitehead,whiteheadtodd,1990,Quarterback,6',155,Senior,
Tom Wielt,wielttom,1990,Tight End,"6'3""",205,Junior,
Ryan Zaluski,zaluskiryan,1990,Linebacker,"6'2""",210,Junior,
Ken Abel,abelken,1991,,,,Senior,
Jimmy Andrews,andrewsjimmy,1991,,,,,
Tom Barth,barthtom,1991,,,,,
Jimmy Bove,bovejimmy,1991,,,,Senior,
David Branham,branhamdavid,1991,,,,Senior,
Rodney Childress,childressrodney,1991,,,,,24
Robbie Dickinson,dickinsonrobbie,1991,,,,Senior,54
Daniel Dodson,dodsondaniel,1991,,,,,
Lee Evans,evanslee,1991,,,,Sophomore,
Ronnie Gayle,gayleronnie,1991,,,,Senior,
Todd Gerace,geracetodd,1991,,,,Senior,
Joe Gill,gilljoe,1991,,,,Senior,
Jeremy Jones,jonesjeremy,1991,,,,Junior,
Kaleo Kala,kalakaleo,1991,,,,,
Gus Kapataidakis,kapataidakisgus,1991,,,,,78
Jason Luss,lussjason,1991,,,,Sophomore,
Scott Malloy,malloyscott,1991,,,,,
Robert Marshall,marshallrobert,1991,,,,,
Ronald Marshall,marshallronald,1991,,,,Senior,
Danny Matula,matuladanny,1991,,,,,60
Greg McCadden,mccaddengreg,1991,,,,Senior,3
Chris Mesimer,mesimerchris,1991,,,,Senior,22
Todd Mesimer,mesimertodd,1991,,,,Senior,80
Jay Miller,millerjay,1991,,,,,
Jerry Noah,noahjerry,1991,,,,,10
James Powell,powelljames,1991,,,,,
Rick Proffitt,proffittrick,1991,,,,Senior,
Matt Rose,rosematt,1991,,,,,
Corey Roy,roycorey,1991,,,,,
Eddie Scherzer,scherzereddie,1991,,,,Junior,
Beau Skinner,skinnerbeau,1991,,,,,
Chris Snellings,snellingschris,1991,,,,,
Dewayne Speed,speeddewayne,1991,,,,Senior,
David Stanskas,stanskasdavid,1991,,,,,
Jimmy Steele,steelejimmy,1991,Kicker,,,,
Kevin Stone,stonekevin,1991,,,,Senior,40
Danny Torrice,torricedanny2,1991,Quarterback,,,Senior,
David Tran,trandavid,1991,,,,Senior,
Matt Waite,waitematt,1991,,,,Senior,43
Timmy Way,waytimmy,1991,,,,Senior,44
Jason White,whitejason,1991,,,,,
Mike White,whitemike,1991,,,,,
Tom Wielt,wielttom,1991,,,,,
Jerome Wilson,wilsonjerome,1991,,,,,
Ryan Zaluski,zaluskiryan,1991,,,,Senior,
Dionell Bumbrey,bumbreydionell,1992,,,,,
Joe Crisp,crispjoe,1992,,,,,
Lee Evans,evanslee,1992,,,,,
John Foley,foleyjohn,1992,,,,,
Frank Iannarelli,iannarellifrank,1992,,,,,
Erick Kingston,kingstonerick,1992,,,,,
John Kraus,krausjohn,1992,,,,Freshman,34
John LeRosen,lerosenjohn,1992,,,,,
Jason Loss,lossjason,1992,,,,,
Scott Malloy,malloyscott,1992,,,,,
Jerry Noah,noahjerry,1992,,,,,
Tim Price,pricetim,1992,,,,,
Tom Roberts,robertstom,1992,,,,,
Corey Roy,roycorey,1992,,,,,
Eddie Scherzer,scherzereddie,1992,,,,,
Jimmy Steele,steelejimmy,1992,,,,,
Bart Stevenson,stevensonbart,1992,,,,,
Robbie Taylor,taylorrobbie,1992,,,,,
Jerome Wilson,wilsonjerome,1992,,,,,
Greg Anglin,anglingreg,1993,Center,"5'7""",136,Sophomore,
Butch Bennett,bennettbutch,1993,Nose Guard,"6'1""",185,Sophomore,
Casey Blaisdell,blaisdellcasey,1993,Cornerback,"5'10""",150,Junior,
Jimmy Blazok,blazokjimmy,1993,Linebacker,6',185,Senior,
Tony Brooks,brookstony,1993,Tailback,"5'7""",148,Sophomore,
Wade Caple,caplewade,1993,Cornerback,"5'9""",142,Junior,
Linwood Chavis,chavislinwood,1993,Tackle,"6'3""",180,Sophomore,
Chris Cline,clinechris,1993,Fullback,"5'11""",180,Senior,
Joe Crisp,crispjoe,1993,Tailback,"5'11""",190,Senior,
Matt Daran,daranmatt,1993,Linebacker,"5'11""",155,Sophomore,
Jeremiah Dauch,dauchjeremiah,1993,Quarterback,"6'1""",210,Senior,
Benjy Davis,davisbenjy,1993,Wide Receiver,"5'10""",176,Senior,
Rick Dickinson,dickinsonrick,1993,Tackle,6',203,Sophomore,
Jim Dunn,dunnjim,1993,Tackle,"5'9""",196,Junior,
Ben Dursa,dursaben,1993,Quarterback,"6'2""",168,Junior,
Lee Evans,evanslee,1993,Fullback,6',185,Senior,
Troy Farrar,farrartroy,1993,Tailback,"5'8""",139,Sophomore,
Patrick Hall,hallpatrick,1993,Tackle,6',254,Sophomore,
Wayne Hall,hallwayne,1993,Quarterback,6',156,Junior,
Craig Hughes,hughescraig,1993,Safety,"5'10""",145,Sophomore,
Kerry Jefferson,jeffersonkerry,1993,Cornerback,"5'11""",175,Senior,
Erick Kingston,kingstonerick,1993,Tight End,"6'1""",215,Junior,
Andy Kratt,krattandy,1993,Center,"6'2""",220,Junior,
John Kraus,krausjohn,1993,Tackle,"6'2.5""",193,Sophomore,
Monte Lambert,lambertmonte,1993,Tailback,"5'6""",170,Sophomore,
John LeRosen,lerosenjohn,1993,Wide Receiver,"5'10""",165,Senior,
Jason Luss,lussjason,1993,Linebacker,"6'2""",215,Senior,
Allan Marsh,marshallan,1993,Tackle,"5'3""",240,Sophomore,
Jai Moody,moodyjai,1993,Linebacker,"6'3""",205,Junior,
Adam Nielsen,nielsenadam,1993,Tackle,"5'8""",155,Senior,
James Poole,poolejames,1993,Guard,"5'8""",329,Sophomore,
Tim Price,pricetim,1993,End,"6'1""",190,Junior,
Andrew Robertson,robertsonandrew,1993,Safety,"5'10""",176,Senior,
Tom Roberts,robertstom,1993,Safety,"6'2""",170,Junior,
Robert Roye,royerobert,1993,Defensive Back,"5'8""",175,Senior,
Kirk Scott,scottkirk,1993,Tackle,"5'11""",225,Sophomore,
Matt Shelton,sheltonmatt,1993,Guard,6',205,Sophomore,
Nathan Shoemaker,shoemakerathan,1993,Guard,"5'10""",160,Senior,
Jason Smith,smithjason,1993,Center,"6'1""",256,Sophomore,
Bart Stevenson,stevensonbart,1993,Wide Receiver,"5'9""",145,Junior,
Scott Stone,stonescott,1993,Wide Receiver,"5'7""",130,Junior,
Chris Tyler,tylerchris,1993,Tackle,6',175,Sophomore,
Steve Tyler,tylersteve,1993,Tackle,"6'1""",203,Junior,
Chris Watts,wattschris,1993,Quarterback,"5'10""",180,Sophomore,
Paul Wielt,wieltpaul,1993,Defensive Back,6',175,Sophomore,
Marcus Williams,williamsmarcus,1993,Tailback,"5'11""",158,Junior,
Casey Blaisdell,blaisdellcasey,1994,Defensive Back,"5'10""",165,Senior,
Wade Caple,caplewade,1994,Defensive Back,"5'8""",145,Senior,
Rick Dickinson,dickinsonrick,1994,Lineman,"5'11""",210,Junior,
Matt Duren,durenmatt,1994,Lineman,"5'9""",165,Junior,
Ben Dursa,dursaben,1994,Lineman,6',200,Senior,
Troy Farrar,farrartroy,1994,Running Back,"5'8""",150,Junior,
Patrick Hall,hallpatrick,1994,Lineman,"5'11""",265,Junior,
Jerome Hill,hilljerome,1994,Running Back,"5'8""",170,Freshman,
Craig Hughes,hughescraig,1994,Defensive Back,"5'9""",170,Junior,
Erick Kingston,kingstonerick,1994,Tight End,"6'1""",215,Senior,
Andy Kratt,krattandy,1994,Lineman,"6'3""",235,Senior,
John Kraus,krausjohn,1994,Lineman,"6'2""",210,Junior,
Monte Lambert,lambertmonte,1994,Running Back,"5'6""",175,Junior,
Brian McKenney,mckenneybrian,1994,Running Back,"5'9""",190,Sophomore,
Jai Moody,moodyjai,1994,Defensive Lineman,"6'3""",200,Senior,
Blair Penny,pennyblair,1994,Wide Receiver,"5'7""",170,Senior,
Tim Price,pricetim,1994,Wide Receiver,"6'1""",215,Senior,
Tom Roberts,robertstom,1994,Quarterback,"6'2""",175,Senior,
Zane Salam,salamzane,1994,Lineman,6',250,Junior,
Eric Schneider,schneidereric,1994,Running Back,"5'11""",185,Junior,
Jason Shelton,sheltonjason,1994,Lineman,6',215,Junior,
Matt Shelton,sheltonmatt,1994,Lineman,6',215,Junior,
Cameron Trant,trantcameron,1994,Tight End,6',180,Junior,
Steve Tyler,tylersteve,1994,Lineman,"6'1""",225,Senior,
Chris Watts,wattschris,1994,Quarterback,"5'10""",190,Junior,
Paul Wielt,wieltpaul,1994,Wide Receiver,6',215,Junior,
Justin Young,youngjustin,1994,Defensive Back,"5'10""",160,Junior,
Mike Donaldson,donaldsonmike,1995,Tackle,"6'1""",195,Junior,
Matt Duren,durenmatt,1995,Guard,"5'11""",165,Senior,
Troy Farrar,farrartroy,1995,Running Back,"5'8""",155,Senior,
Charles Gorham,gorhamcharles,1995,Tight End,6',190,Junior,
Pat Hall,hallpat,1995,Tackle,6',280,Senior,
Jerome Hill,hilljerome,1995,Wide Receiver,"5'9""",185,Sophomore,
Craig Hughes,hughescraig,1995,Wide Receiver,6',180,Senior,
David Illi,illidavid,1995,Guard,6',185,Senior,
Kerry Knowles,knowleskerry,1995,Guard,"5'9""",190,Senior,
Chris Kraus,krauschris,1995,Guard,6',180,Sophomore,
John Kraus,krausjohn,1995,Guard,"6'3""",235,Senior,
Monte Lambert,lambertmonte,1995,Running Back,"5'6""",180,Senior,
Jason Lomax,lomaxjason,1995,,,,Sophomore,
Brian McKenney,mckenneybrian,1995,Running Back,"5'11""",210,Sophomore,
James Poole,poolejames,1995,Tackle,"5'2""",325,Senior,
Jay Schmitz,schmitzjay,1995,Quarterback,"6'2""",175,Sophomore,
Eric Schneider,schneidereric,1995,Guard,"6'1""",215,Senior,
Jeremy Shelton,sheltonjeremy,1995,Tackle,"6'5""",260,Freshman,
Matt Shelton,sheltonmatt,1995,Center,"6'2""",205,Senior,
Jason Smith,smithjason,1995,Tackle,"6'2""",265,Senior,
Sean Sullivan,sullivansean,1995,Wide Receiver,"5'10""",169,Junior,
Cameron Trant,trantcameron,1995,Tight End,"6'2""",190,Senior,
Chris Tyler,tylerchris,1995,Tackle,"6'1""",190,Senior,
Chris Watts,wattschris,1995,Quarterback,"5'11""",180,Senior,
Paul Wielt,wieltpaul,1995,Tackle,"6'2""",175,Senior,
Matt Bailey,baileymatt,1996,Linebacker,"5'9""",155,Senior,
Craig Branham,branhamcraig,1996,Quarterback,"5'7""",155,Senior,
Edwin Burton,burtonedwin,1996,Defensive Back,"5'7""",150,Sophomore,
Sean Byrne,byrnesean,1996,Linebacker,"5'10""",165,Junior,
Josh Chamberlin,chamberlinjosh,1996,Wide Receiver,"5'10""",170,Sophomore,
Kenton Conlee,conleekenton,1996,Nose Guard,"5'11""",250,Sophomore,
Scott Crouch,crouchscott,1996,Offensive Tackle,"6'5""",245,Senior,
Paul Deal,dealpaul,1996,Linebacker,"6'2""",175,Sophomore,
Mike Donaldson,donaldsonmike,1996,Offensive Tackle,"6'1""",180,Senior,
David Dugan,dugandavid,1996,Center,6',225,Sophomore,
Matt Dursa,dursamatt,1996,Defensive Tackle,6',205,Junior,
David Friel,frieldavid,1996,Offensive Tackle,"5'10""",235,Senior,
Vernon Galyen,galyenvernon,1996,Defensive Back,6',175,Senior,
Charlie Gorham,gorhamcharlie,1996,Linebacker,6',185,Senior,
Tony Hamrick,hamricktony,1996,Center,"5'11""",230,Senior,
Charles Henderson,hendersoncharles,1996,Linebacker,"5'10""",200,Sophomore,
Jerome Hill,hilljerome,1996,Tailback,"5'10""",185,Junior,
Brett Holman,holmanbrett,1996,Offensive Guard,"6'2""",290,Junior,
Eddie Johnson,johnsoneddie,1996,Wide Receiver,"5'11""",155,Junior,
Ron Johnson,johnsonron,1996,Defensive Tackle,"6'1""",220,Sophomore,
Randy Kleist,kleistrandy,1996,Quarterback,"5'10""",185,Freshman,
Chris Kraus,krauschris,1996,Fullback,6',180,Junior,
Jason Lomax,lomaxjason,1996,Linebacker,"5'9""",165,Junior,
Brian McKenney,mckenneybrian,1996,Fullback,"5'11""",220,Senior,
Ryan Muhlenkamp,muhlenkampryan,1996,Offensive Guard,"5'11""",215,Senior,
Gerard Nelson,nelsongerard,1996,Offensive Guard,"6'1""",185,Senior,
Warren Payne,paynewarren,1996,Tight End,6',180,Junior,
Drew Penny,pennydrew,1996,Linebacker,6',190,Sophomore,
Tim Powell,powelltim,1996,Offensive Guard,"6'3""",285,Sophomore,
Danny Pownall,pownalldanny,1996,Center,"6'1""",200,Junior,
Brian Satterwhite,satterwhitebrian,1996,Defensive Tackle,"6'2""",195,Junior,
Travis Saunders,saunderstravis,1996,Tight End,"6'5""",240,Junior,
Jay Schmitz,schmitzjay,1996,Quarterback,"6'3""",185,Junior,
Mike Schroth,schrothmike,1996,Tailback,"5'8""",135,Senior,
Jeremy Shelton,sheltonjeremy,1996,Offensive Tackle,"6'4""",290,Sophomore,
Sean Sullivan,sullivansean,1996,Kicker,6',165,Senior,
Danny Taylor,taylordanny,1996,Linebacker,6',165,Senior,
Andy Truslow,truslowandy,1996,Offensive Guard,"6'2""",220,Sophomore,
Malcolm Waddy,waddymalcolm,1996,Defensive Tackle,"6'3""",200,Junior,
Dewaine Wallace,wallacedewaine,1996,Nose Guard,"6'1""",200,Junior,
Jamie Atwell,atwelljamie,1997,,,,Junior,
Reece Banks,banksreece1,1997,Tackle,"6'4""",270,Junior,
Jason Bast,bastjason,1997,Wide Receiver,"5'8""",150,Senior,
Edwin Burton,burtonedwin,1997,Wide Receiver,"5'9""",140,Senior,
Sean Byrne,byrnesean,1997,Linebacker,"5'10""",165,Senior,
Josh Chamberlin,chamberlinjosh,1997,Wide Receiver,"5'10""",170,Junior,
Ryan Clore,cloreryan,1997,Tight End,"6'2""",187,Junior,
Chris Cox,coxchris,1997,Tackle,"6'2""",210,Junior,
Dural Dawson,dawsondural,1997,Running Back,"5'8""",151,Sophomore,
Paul Deal,dealpaul,1997,Running Back,"6'1""",175,Junior,
William Dougherty,doughertywilliam,1997,Tackle,"5'9""",190,Senior,
David Dugan,dugandavid,1997,Tackle,"6'2""",230,Junior,
Justin Epperson,eppersonjustin,1997,Center,6',212,Junior,
Travis Foss,fosstravis,1997,Wide Receiver,"5'10""",150,Senior,
Jacob Gadd,gaddjacob,1997,Defensive End,"6'4""",180,Senior,
CW Harrison,harrisoncw,1997,Center,"5'9""",170,Senior,
Charles Henderson,hendersoncharles,1997,Nose Guard,"5'10""",200,Senior,
Chris Hilleary,hillearychris,1997,Running Back,"5'8""",150,Sophomore,
Jerome Hill,hilljerome,1997,Running Back,"5'10""",190,Senior,
Billy Ice,icebilly,1997,Guard,"5'11""",155,Senior,
Eddie Johnson,johnsoneddie,1997,Running Back,"5'10""",155,Junior,
Randy Kleist,kleistrandy,1997,Tight End,"5'11""",210,Sophomore,
Chris Kraus,krauschris,1997,Guard,"6'1""",195,Senior,
Chad Martin,martinchad,1997,Tight End,"6'2""",170,Senior,
Matt Monteiro,monteiromatt,1997,Guard,"5'7""",218,Sophomore,
Warren Payne,paynewarren,1997,Defensive End,"5'10""",190,Senior,
Drew Penny,pennydrew,1997,Guard,6',195,Junior,
Danny Pownall,pownalldanny,1997,Center,"6'1""",210,Senior,
Kyle Rose,rosekyle,1997,Guard,"5'8""",160,Junior,
Brian Satterwhite,satterwhitebrian,1997,Defensive End,"6'2""",210,Senior,
Travis Saunders,saunderstravis,1997,Tight End,"6'5""",250,Senior,
Jay Schmitz,schmitzjay,1997,Quarterback,"6'3""",210,Senior,
Jeremy Shelton,sheltonjeremy,1997,Nose Guard,"6'6""",290,Junior,
Chris Shifflett,shifflettchris,1997,Quarterback,"6'2""",190,Junior,
Jon Mike Steinmetz,steinmetzjonmike,1997,Running Back,"5'11""",160,Senior,
Joe Thomas,thomasjoe,1997,Wide Receiver,"5'8""",135,Senior,
Andy Truslow,truslowandy,1997,Tackle,"6'4""",235,Junior,
Marcus Wallington,wallingtonmarcus,1997,Defensive End,"6'1""",190,Senior,
Bache Whitlock,whitlockbache,1997,Tight End,"5'9""",150,Senior,
Jamie Atwell,atwelljamie,1998,Fullback,"5'11""",192,Senior,
Reece Banks,banksreece1,1998,Tackle,"6'6""",284,Senior,
Gee Gee Bean,beangeegee,1998,Halfback,"5'10""",141,Junior,
Chris Burton,burtonchris,1998,Tackle,6',232,Junior,
Josh Chamberlin,chamberlinjosh,1998,Quarterback,6',159,Senior,
Ryan Clore,cloreryan,1998,Tight End,"6'2""",186,Senior,
Kenton Conlee,conleekenton,1998,Tackle,6',283,Senior,
Jason Dauch,dauchjason,1998,Halfback,"5'10""",146,Sophomore,
Dural Dawson,dawsondural,1998,Halfback,"5'9""",152,Junior,
Paul Deal,dealpaul,1998,Guard,"6'2""",188,Senior,
David Dugan,dugandavid,1998,Tackle,"5'11""",245,Senior,
Justin Epperson,eppersonjustin,1998,Center,6',195,Junior,
Travis Foss,fosstravis,1998,Kicker,"5'11""",147,Senior,
Devon Green,greendevon,1998,Halfback,"5'10""",163,Junior,
Chris Hilleary,hillearychris,1998,Halfback,"5'9""",153,Junior,
David Hooker,hookerdavid,1998,Guard,6',208,Sophomore,
Randy Kleist,kleistrandy,1998,Guard,"5'10""",196,Junior,
Danny Labar,labardanny,1998,Fullback,"5'11""",195,Sophomore,
David Lewis,lewisdavid,1998,,,,,
Steven Love,lovesteven,1998,Halfback,"5'9""",156,Junior,
Matt Matter,mattermatt,1998,Tight End,"6'4""",179,Junior,
Kevin Mitchell,mitchellkevin,1998,Guard,"5'9""",220,Sophomore,
Matt Monteiro,monteiromatt,1998,Guard,"5'8""",207,Junior,
Derek Moore,moorederek,1998,Tackle,"6'1""",202,Junior,
Joe O'Sullivan,osullivanjoe,1998,,,,Freshman,
Jason Phipps,phippsjason,1998,,,,Sophomore,
Jamil Ramsuer,ramsuerjamil,1998,Halfback,6',189,Junior,
Eli Sarge,sargeeli,1998,Tight End,"6'1""",183,Junior,
Brad Saylor,saylorbrad,1998,Halfback,"5'7""",157,Junior,
Jeremy Shelton,sheltonjeremy,1998,Tackle,"6'6""",306,Senior,
Brandon Smith,smithbrandon,1998,Guard,"5'11""",211,Junior,
Jeff Swidrak,swidrakjeff,1998,Quarterback,"6'1""",154,Junior,
Houston Thacker,thackerhouston,1998,,,,,
Andy Truslow,truslowandy,1998,Tackle,"6'2""",207,Senior,
Sean Bast,bastsean,1999,Defensive Back,"5'8""",140,Junior,83
Bill Benson,bensonbill,1999,Offensive Guard; Defensive Tackle,"6'1""",199,Senior,79
Erik Brito,britoerik,1999,Kicker; Punter,"5'8""",150,Senior,14
Joey Chamberlin,chamberlinjoey,1999,Halfback; Defensive Back,"5'9""",137,Junior,10
Matt Culbreath,culbreathmatt,1999,Offensive Tackle; Defensive Tackle,"6'1""",248,Junior,65
Jason Dauch,dauchjason,1999,Quarterback; Safety,"5'7""",142,Junior,15
Dural Dawson,dawsondural,1999,Halfback; Defensive Back,"5'9""",147,Senior,30
Dustin Dugan,dugandustin,1999,Offensive Tackle; Defensive Tackle,"5'9""",215,Sophomore,51
Devon Green,greendevon,1999,Halfback; Defensive Back,"5'10""",160,Senior,28
Brad Hayes,hayesbrad,1999,Quarterback; Safety,"5'11""",156,Sophomore,3
Chris Hilleary,hillearychris,1999,Halfback; Defensive Back,"5'8""",160,Senior,21
Rudy Kelly,kellyrudy,1999,Linebacker,"5'10""",170,Senior,84
Derek King,kingderek,1999,Linebacker,"5'8""",164,Sophomore,40
Danny Labar,labardanny,1999,Offensive Guard; Defensive Tackle,"5'8""",204,Junior,54
Steven Love,lovesteven,1999,Wide Receiver; Defensive Back,"5'10""",160,Senior,9
Matt Matter,mattermatt,1999,Offensive Tackle; Defensive Tackle,"6'3""",190,Senior,53
Rashid McCown,mccownrashid,1999,Halfback; Defensive Back,"5'6""",147,Junior,6
Greg McKnight,mcknightgreg,1999,Offensive Tackle; Defensive Tackle,"6'1""",224,Sophomore,71
Matt Monteiro,monteiromatt,1999,Center; Defensive Tackle,"5'9""",201,Senior,50
Scott Newton,newtonscott,1999,Offensive Tackle; Defensive End,"6'3""",200,Junior,77
Joe O'Sullivan,osullivanjoe,1999,Fullback; Linebacker,"5'8""",185,Sophomore,42
Hugh Parker,parkerhugh,1999,Halfback; Defensive Back,"5'5""",135,Senior,5
Scott Perkins,perkinsscott,1999,Center; Linebacker,"5'9""",182,Sophomore,52
Rob Peterson,petersonrob,1999,Offensive Tackle; Defensive Tackle,"5'10""",240,Sophomore,74
Jason Phipps,phippsjason,1999,Halfback; Defensive Back,"5'8""",135,Junior,22
Jamil Ramsuer,ramsuerjamil,1999,Fullback; Defensive Tackle,"5'10""",217,Senior,25
Phillip Richards,richardsphillip,1999,Wide Receiver; Linebacker,"6'1""",147,Junior,85
Yair Rothman,rothmanyair,1999,Halfback; Defensive Back,"5'6""",120,Junior,20
Andrew Saller,sallerandrew,1999,Offensive Tackle; Defensive Tackle,"6'3""",249,Sophomore,75
Eli Sarge,sargeeli,1999,Guard; Linebacker,"6'1""",181,Senior,66
Mark Schenemann,schenemannmark,1999,Offensive Tackle; Defensive Tackle,"5'10""",201,Sophomore,68
Adam Van Zandbergen,vanzandbergenadam,1999,Fullback; Linebacker,"5'8""",168,Sophomore,27
Nick Whelpley,whelpleynick,1999,Wide Receiver; Linebacker,"5'8""",167,Junior,82
Blake Willis,willisblake,1999,Wide Receiver; Kicker,"5'8""",155,Sophomore,12
Scott Wolff,wolffscott,1999,Wide Receiver; Defensive Back,6',156,Junior,31
John Yeager,yeagerjohn,1999,Offensive Tackle; Defensive End,"6'3""",174,Senior,72
Anthony Banks,banksanthony,2000,Guard,"5'9""",180,Junior,
Sean Bast,bastsean,2000,End,"5'11""",150,Senior,
Ned Bocco,bocconed,2000,Guard,"5'5""",151,Junior,
John Bradshaw,bradshawjohn,2000,Tackle,"6'3""",280,Freshman,
Joey Chamberlin,chamberlinjoey,2000,End,"5'8""",140,Sophomore,
Traveyan Chambliss,chamblisstraveyan,2000,Fullback,"5'9""",196,Sophomore,
Chris Collins,collinschris,2000,Guard,"5'8""",175,Sophomore,
Matt Conley,conleymatt,2000,End,"5'7""",133,Junior,
Matt Culbreath,culbreathmatt,2000,Tackle,"5'10""",256,Senior,
Jason Dauch,dauchjason,2000,Halfback,"5'10""",160,Senior,
Dustin Dugan,dugandustin,2000,Center,"5'10""",228,Junior,
Matt Foshee,fosheematt,2000,End,"5'10""",161,Senior,
Kenny Haines,haineskenny,2000,Halfback,6',173,Sophomore,
Brad Hayes,hayesbrad,2000,Quarterback,6',170,Junior,
Derek King,kingderek,2000,Halfback,6',175,Junior,
Justin McClelland,mcclellandjustin,2000,Center,"5'10""",174,Freshman,
Rashid McCown,mccownrashid,2000,Halfback,"5'6""",147,Senior,
Greg McKnight,mcknightgreg,2000,Tackle,"6'3""",246,Junior,
David Morcom,morcomdavid,2000,End,"5'6""",160,Senior,
Joe O'Sullivan,osullivanjoe,2000,Fullback,"5'9""",180,Junior,
Jason Phipps,phippsjason,2000,Halfback,"5'8""",150,Senior,
Matt Pitts,pittsmatt,2000,Halfback,"5'8""",150,Sophomore,
Phillip Richards,richardsphillip,2000,Tackle,6',170,Senior,
Yair Rothman,rothmanyair,2000,Halfback,"5'6""",130,Senior,
Andrew Saller,sallerandrew,2000,Tackle,"6'4""",285,Junior,
Kevin Satterwhite,satterwhitekevin,2000,Tackle,"5'9""",252,Junior,
Mike Scatchard,scatchardmike,2000,End,"5'10""",160,Junior,
Kevin Sullivan,sullivankevin,2000,Halfback,"5'7""",150,Sophomore,
Tim Sullivan,sullivantim,2000,Halfback,"5'10""",180,Sophomore,
Adam Van Zandbergen,vanzandbergenadam,2000,Fullback,"5'10""",180,Junior,
Nick Whelpley,whelpleynick,2000,Guard,"5'10""",184,Senior,
Robbie Wickline,wicklinerobbie,2000,Center,"5'10""",228,Sophomore,
Blake Willis,willisblake,2000,Tight End; Kicker,"5'9""",174,Junior,
Scott Wolff,wolffscott,2000,End,"6'1""",170,Senior,
Dustin Wood,wooddustin,2000,Quarterback,"5'8""",141,Junior,
Anthony Banks,banksanthony,2001,Linebacker,"5'8""",189,Senior,
John Bradshaw,bradshawjohn,2001,Offensive Guard; Defensive Tackle,"6'4""",278,Sophomore,
Aaron Brintzenhofe,brintzenhofeaaron,2001,Offensive Tackle,"5'10""",308,Junior,
Traveyan Chambliss,chamblisstraveyan,2001,Fullback,"5'9""",188,Junior,
Chris Collins,collinschris,2001,Offensive Guard; Defensive End,"5'7""",200,Junior,
Nick Colon,colonnick,2001,Offensive Guard; Defensive End,6',192,Junior,
Matt Conley,conleymatt,2001,Wide Receiver,"5'7""",142,Senior,
Dustin Dugan,dugandustin,2001,Center; Nose Guard,"5'10""",217,Senior,
Brandon Garraway,garrawaybrandon,2001,Offensive Guard,"5'11""",192,Junior,
Kenny Haines,haineskenny,2001,,,,Junior,
Brad Hayes,hayesbrad,2001,Quarterback,6',181,Senior,
Eric Herlan,herlaneric,2001,Halfback; Cornerback,"5'11""",166,Junior,
Kurt Herlan,herlankurt,2001,Nose Guard,"5'9""",246,Junior,
Chris Hottel,hottelchris,2001,Linebacker,"5'5""",146,Junior,
Derek King,kingderek,2001,Halfback; Cornerback,6',195,Senior,
Justin McClelland,mcclellandjustin,2001,Defensive Tackle,6',210,Sophomore,
Thomas McClelland,mcclellandthomas,2001,Halfback; Free Safety,"5'10""",174,Junior,
Greg McKnight,mcknightgreg,2001,Offensive Tackle; Defensive Tackle,"6'4""",256,Senior,
Joe O'Sullivan,osullivanjoe,2001,Fullback; Linebacker,"5'10""",194,Senior,
Matt Pitts,pittsmatt,2001,Cornerback,"5'9""",154,Junior,
James Pruitt,pruittjames,2001,Offensive Tackle,"6'3""",260,Junior,
Andrew Saller,sallerandrew,2001,Offensive Tackle; Defensive Tackle,"6'5""",306,Senior,
Michael Scatchard,scatchardmichael,2001,Linebacker,"5'10""",160,Senior,
Kevin Sullivan,sullivankevin,2001,Halfback; Cornerback,"5'6""",160,Junior,
Tim Sullivan,sullivantim,2001,Tight End; Linebacker,"5'10""",191,Junior,
Robert Thompson,thompsonrobert,2001,Linebacker,"6'1""",185,Junior,
Adam Van Zandbergen,vanzandbergenadam,2001,Tight End; Linebacker,"5'11""",185,Senior,
Robert Wickline,wicklinerobert,2001,Center; Linebacker,"5'10""",219,Junior,
Blake Willis,willisblake,2001,Wide Receiver; Kicker; Punter,"5'8""",174,Senior,
Dustin Wood,wooddustin,2001,Quarterback; Free Safety,"5'10""",160,Senior,
Ryan Allen,allenryan,2002,Fullback,6',175,Senior,
Michael Allshouse,allshousemichael,2002,Quarterback,6',186,Junior,
Kenny Bach,bachkenny,2002,Linebacker,"5'8""",188,Junior,
Scottie Bailey,baileyscottie,2002,Wide Receiver; Cornerback,"5'9""",161,Senior,
John Bradshaw,bradshawjohn,2002,Offensive Guard; Defensive Tackle,"6'5""",294,Junior,
Matt Brady,bradymatt,2002,Free Safety,"5'9""",158,Junior,
Derrick Burton,burtonderrick,2002,,,,Junior,
Traveyan Chambliss,chamblisstraveyan,2002,Halfback; Defensive End,"5'8""",205,Senior,
Chris Collins,collinschris,2002,Offensive Guard; Linebacker,"5'8""",195,Senior,
Nick Colon,colonnick,2002,Offensive Tackle; Defensive End,"6'3""",212,Senior,
Tre Daiger,daigertre,2002,Defensive End,"5'7""",223,Sophomore,
Ray Damm,dammray,2002,Kicker; Punter,,,Junior,
Kris Dilling,dillingkris,2002,Tight End,6',181,Junior,
James Early,earlyjames,2002,,,,,
Kenny Haines,haineskenny,2002,Fullback; Linebacker,"6'1""",192,Senior,
Jeff Hamilton,hamiltonjeff,2002,,,,,
Joey Hetzel,hetzeljoey,2002,Linebacker,"5'8""",178,Junior,
Chris Hottel,hottelchris,2002,Linebacker,"5'4""",154,Senior,
Chris Jones,joneschris,2002,Offensive Guard,"5'9""",200,Junior,
Donald Lamar,lamardonald,2002,Cornerback,"5'9""",153,Junior,
Julian Langa,langajulian,2002,Offensive Tackle,"5'9""",194,Senior,
James Martin,martinjames,2002,Offensive Guard; Defensive Tackle,6',223,Junior,
Justin McClelland,mcclellandjustin,2002,Offensive Tackle; Defensive Tackle,"6'2""",227,Junior,
Thomas McClelland,mcclellandthomas,2002,Halfback; Free Safety,"5'9""",158,Junior,
Jay Montgomery,montgomeryjay,2002,Tight End; Defensive End,"6'1""",201,Junior,
James Pruitt,pruittjames,2002,Offensive Tackle; Defensive Tackle,"6'3""",253,Senior,
Jason Robinson,robinsonjason,2002,,,,,
Ed Rorie,rorieed,2002,Center,"5'9""",279,Junior,
Kevin Sullivan,sullivankevin,2002,Halfback; Cornerback,"5'8""",162,Senior,
Tim Sullivan,sullivantim,2002,Quarterback; Linebacker,6',191,Senior,
Sean Sutphin,sutphinsean,2002,Linebacker,"6'1""",180,Sophomore,
Robert Thompson,thompsonrobert,2002,Wide Receiver; Linebacker,"6'2""",187,Senior,
Ben Van Zandbergen,vanzandbergenben,2002,Halfback; Cornerback,"5'6""",156,Junior,
Robert Wickline,wicklinerobert,2002,Center,"5'10""",242,Senior,
Michael Allshouse,allshousemichael,2003,Quarterback,"5'10""",192,Senior,
Kenny Bach,bachkenny,2003,Fullback; Linebacker,"5'9""",190,Senior,
Brandon Banks,banksbrandon,2003,Tight End,6',190,Sophomore,
John Bradshaw,bradshawjohn,2003,Offensive Guard; Defensive Tackle,"6'5""",300,Senior,
Matt Brady,bradymatt,2003,Tailback; Linebacker,"5'9""",170,Senior,
Aaron Brockenstoleth,brockenstolethaaron,2003,Free Safety,"5'11""",141,Junior,
Jeffrey Brown,brownjeffrey,2003,Linebacker,"6'1""",208,Sophomore,
Derrick Burton,burtonderrick,2003,Fullback; Cornerback,"6'1""",180,Senior,
Andrew Chowbay,chowbayandrew,2003,Running Back,,,,
Trey Daiger,daigertrey,2003,Offensive Guard; Defensive End,"5'8""",240,Junior,
Ray Damm,dammray,2003,Kicker; Punter,"5'11""",184,Senior,
Kevin Dorsey,dorseykevin,2003,Center,"6'2""",240,Sophomore,
Mike Flick,flickmike,2003,Defensive Tackle,"5'10""",227,Junior,
Matt Frazier,fraziermatt,2003,Tight End,6',195,Sophomore,
Ervin Gutierrez,gutierrezervin,2003,Cornerback,"5'6""",156,Senior,
Robert Herndon,herndonrobert,2003,,,,Junior,
Joey Hetzel,hetzeljoey,2003,Linebacker,"5'8""",180,Senior,
Chris Jackson,jacksonchris,2003,Linebacker,"5'10""",180,Junior,
Chris Jones,joneschris,2003,Offensive Guard,"5'10""",231,Senior,
Donald Lamar,lamardonald,2003,Wide Receiver; Linebacker,"5'10""",160,Senior,
Michael LaRocca,laroccamichael,2003,Offensive Guard; Linebacker,"5'8""",205,Junior,
Mike Lopez,lopezmike,2003,Offensive Tackle; Defensive Tackle,"6'5""",302,Senior,
Justin McClelland,mcclellandjustin,2003,Offensive Tackle; Defensive Tackle,"6'1""",260,Senior,
Jay Montgomery,montgomeryjay,2003,Tight End; Defensive End,6',234,Senior,
Patrick Perkins,perkinspatrick,2003,Linebacker,"5'11""",169,Junior,
Matt Reik,reikmatt,2003,Offensive Tackle,"5'9""",251,Senior,
PJ Robinson,robinsonpj,2003,Defensive End,"6'4""",264,Junior,
Ed Rorie,rorieed,2003,Center,"5'10""",279,Senior,
Matthew Simms,simmsmatthew,2003,Quarterback; Cornerback,"5'10""",173,Sophomore,
Joey Sisson,sissonjoey,2003,,,,,
Clay Thompson,thompsonclay,2003,Tight End; Defensive End,"5'10""",200,Senior,
Bo Truslow,truslowbo,2003,Wide Receiver,"5'11""",163,Senior,
Raymond Tutt,tuttraymond,2003,Cornerback,"5'7""",136,Senior,
Ben Van Zandbergen,vanzandbergenben,2003,Tailback; Free Safety,"5'8""",168,Senior,
Josiah Vargas,vargasjosiah,2003,Offensive Tackle,"5'9""",298,Senior,
#14,undetermined_14,2003,Kicker,,,,14
#33,undetermined_33,2003,,,,,33
Brandon Banks,banksbrandon,2004,Offensive Guard; Defensive End,6',196,Junior,
Felton Banks,banksfelton,2004,Nose Guard,"5'8""",184,Freshman,
Robert Belman,belmanrobert,2004,Center,"5'9""",209,Junior,
Jeffrey Brown,brownjeffrey,2004,Tailback; Linebacker,"6'2""",226,Junior,
Shae Caldwell,caldwellshae,2004,Tight End,6',194,Junior,
Chris Chinn,chinnchris,2004,Punter,,,Junior,
Ed Deleon,deleoned,2004,Offensive Guard,"5'8""",217,Junior,
Kevin Dorsey,dorseykevin,2004,Offensive Tackle; Defensive Tackle,"6'2""",250,Junior,
Colton Drumheller,drumhellercolton,2004,Linebacker,"5'9""",164,Sophomore,
Matt Frazier,fraziermatt,2004,Tight End; Defensive Tackle,"6'3""",220,Junior,
Daniel Hamilton,hamiltondaniel,2004,Kicker,,,Junior,
Robert Herndon,herndonrobert,2004,Fullback,"5'9""",172,Senior,
Justin Hong,hongjustin,2004,Offensive Guard; Nose Guard,"5'10""",224,Sophomore,
Anthony Horton,hortonanthony,2004,Defensive Back,"6'4""",185,Senior,
Jake Johnson,johnsonjake,2004,Fullback; Linebacker,6',202,Freshman,
Al Loving,lovingal,2004,,,,,
Joshua Pacheco,pachecojoshua,2004,Offensive Guard; Linebacker,"5'9""",200,Junior,
Patrick Perkins,perkinspatrick,2004,Linebacker,"5'11""",170,Senior,
Matthew Pruitt,pruittmatthew,2004,Tailback; Defensive Back,"5'9""",167,Junior,
Chris Pryer,pryerchris,2004,Center,6',215,Sophomore,
Wesley Rabens,rabenswesley,2004,Tight End,"6'1""",197,Sophomore,
William Randall,randallwilliam,2004,Tight End; Defensive Tackle; Defensive End,"5'11""",184,Junior,
Bryan Raymond,raymondbryan,2004,,,,,
Fred Reid,reidfred,2004,Defensive Back,"5'10""",147,Junior,
Jacob Robey,robeyjacob,2004,,,,,
Ricky Robinson,robinsonricky,2004,Offensive Tackle,"5'9""",233,Junior,
Matthew Simms,simmsmatthew,2004,Tailback; Linebacker,"5'11""",191,Junior,
Thomas Simpson,simpsonthomas,2004,Defensive Back,"5'11""",154,Junior,
Torrey Smith,smithtorrey,2004,Quarterback; Defensive Back,6',160,Sophomore,11
Robert Staley,staleyrobert,2004,Offensive Tackle; Defensive Tackle,"6'3""",250,Junior,
Corey Sullivan,sullivancorey,2004,Tailback; Linebacker,"5'7""",170,Junior,
Nick Wilson,wilsonnick,2004,Offensive Tackle; Linebacker,"5'11""",200,Junior,
Daniel Woelfel-Monsivais,woelfelmonsivaisdaniel,2004,Quarterback; Defensive Back,6',169,Junior,
Brandon Banks,banksbrandon,2005,Offensive Guard; Linebacker,"6'1""",222,Senior,
Robert Belman,belmanrobert,2005,Center,"5'10""",225,Senior,
Shae Caldwell,caldwellshae,2005,Tight End,"6'1""",200,Senior,
Jacob Childress,childressjacob,2005,Offensive Tackle; Defensive Tackle,"5'10""",206,Senior,
Brandon Cook,cookbrandon,2005,Running Back; Linebacker,"5'9""",193,Junior,
Dante Cook,cookdante,2005,Running Back,"5'10""",198,Sophomore,
Patrick Corey,coreypatrick,2005,Cornerback,"5'8""",151,Sophomore,
Mykal Cummings,cummingsmykal,2005,Defensive Tackle,"5'10""",186,Senior,
Wade Dickinson,dickinsonwade,2005,Center,"5'9""",217,Junior,
Colton Drumheller,drumhellercolton,2005,Linebacker,"5'10""",191,Junior,
Kyle Flick,flickkyle,2005,Offensive Tackle,"5'11""",243,Senior,
Matt Frazier,fraziermatt,2005,Tight End,"6'2""",256,Senior,
Chris Fryer,fryerchris,2005,Offensive Tackle,"6'1""",235,Junior,
Jamal Gowdy,gowdyjamal,2005,Cornerback,"5'9""",163,Junior,
Daniel Hamilton,hamiltondaniel,2005,Kicker,"5'7""",171,Senior,
Tre Harris,harristre,2005,Cornerback,"5'10""",168,Sophomore,
Justin Hong,hongjustin,2005,Offensive Guard; Nose Guard,"5'10""",236,Junior,
Donte Johnson,johnsondonte,2005,Linebacker,"6'1""",165,Junior,
Jake Johnson,johnsonjake,2005,Fullback; Linebacker,"6'1""",217,Sophomore,
Stephen Lamar,lamarstephen,2005,Quarterback,6',162,Sophomore,
Jimmy Lawson,lawsonjimmy,2005,Nose Guard,6',261,Sophomore,
Josh Pacheco,pachecojosh,2005,Offensive Guard,"5'10""",208,Senior,
Joshua Pacheco,pachecojoshua,2005,Defensive End,"5'10""",208,Senior,
Matthew Pruitt,pruittmatthew,2005,Running Back; Free Safety,"5'11""",172,Senior,
Wesley Rabens,rabenswesley,2005,Tight End; Defensive Tackle,"6'1""",206,Junior,
William Randall,randallwilliam,2005,Fullback; Defensive Tackle,"5'11""",193,Senior,
Fred Reid,reidfred,2005,Cornerback,"5'11""",166,Senior,
Sam Reisenfeld,reisenfeldsam,2005,Tight End,"6'3""",200,Junior,
Terrance Saunders,saundersterrance,2005,,,,,
Matthew Simms,simmsmatthew,2005,Running Back; Linebacker; Punter,6',190,Senior,
Torrey Smith,smithtorrey,2005,Quarterback; Defensive Back,"6'1""",,Junior,11
Robert Staley,staleyrobert,2005,Offensive Tackle,"6'5""",280,Senior,
Justin Wagnon,wagnonjustin,2005,Linebacker,"5'9""",178,Junior,
Chris Wholey,wholeychris,2005,Quarterback; Free Safety,"5'8""",155,Sophomore,
Nick Wilson,wilsonnick,2005,Offensive Guard; Defensive End; Linebacker,6',205,Senior,
Alex Belman,belmanalex,2006,Center,6',245,Sophomore,65
Jon Bledsoe,bledsoejon,2006,Offensive Guard,6',285,Junior,72
Austin Bopp,boppaustin,2006,Linebacker,"5'10""",180,Junior,20
Andrew Brady,bradyandrew,2006,Defensive End,6',180,Senior,86
Matt Chilton,chiltonmatt,2006,Offensive Guard,"5'9""",215,Junior,67
Brandon Cook,cookbrandon,2006,Defensive End,"5'9""",190,Senior,22
Dante Cook,cookdante,2006,Tailback; Free Safety,"5'10""",190,Junior,5
Michael Cox,coxmichael,2006,Cornerback,6',170,Senior,15
Serapio Delatorre,delatorreserapio,2006,Wide Receiver; Defensive Back,"5'6""",130,Junior,28
Wade Dickinson,dickinsonwade,2006,Center,"5'10""",240,Senior,55
Chad Drury,drurychad,2006,Linebacker,"5'9""",170,Sophomore,23
Regan Dufort,dufortregan,2006,Offensive Lineman,"6'3""",230,Sophomore,71
Jamal Gowdy,gowdyjamal,2006,Linebacker,"5'9""",170,Senior,41
Charlie Grandfield,grandfieldcharlie,2006,Kicker,6',170,Senior,7
Julian Hardee,hardeejulian,2006,Wide Receiver,"5'7""",150,Junior,12
Tre Harris,harristre,2006,Wide Receiver; Defensive End,"6'2""",185,Junior,3
Brad Hodges,hodgesbrad,2006,Fullback; Linebacker,"5'10""",195,Sophomore,25
Justin Hong,hongjustin,2006,Defensive Tackle,"5'8""",225,Senior,58
Dan Hoskins,hoskinsdan,2006,Wide Receiver,"5'9""",145,Junior,30
Sterling Hunter,huntersterling,2006,Linebacker,6',185,Senior,87
Craig Jackson,jacksoncraig,2006,Wide Receiver,"6'1""",175,Senior,80
Chris Johnson,johnsonchris,2006,Running Back,"5'7""",150,Junior,40
Donte Johnson,johnsondonte,2006,Wide Receiver; Cornerback,"6'2""",170,Senior,10
Jake Johnson,johnsonjake,2006,Fullback; Linebacker,"6'2""",235,Junior,44
Colton Jordon,jordoncolton,2006,Offensive Lineman,"6'6""",350,Senior,75
Stephen Lamar,lamarstephen,2006,Quarterback; Linebacker,"6'1""",180,Junior,9
Jimmy Lawson,lawsonjimmy,2006,Offensive Tackle; Defensive Lineman,"6'2""",275,Junior,79
Chris Leubner,leubnerchris,2006,Linebacker,6',185,Senior,85
Nate Mack,macknate,2006,Linebacker,6',170,Junior,33
John Monk,monkjohn,2006,Offensive Guard,"6'2""",320,Junior,77
Christian Monsivais,monsivaischristian,2006,Quarterback,6',185,Sophomore,14
Michael Overby,overbymichael,2006,Defensive End,6',180,Junior,82
Chris Pryer,pryerchris,2006,Offensive Lineman,"6'2""",250,Senior,50
Wesley Rabens,rabenswesley,2006,Tight End; Defensive Tackle,"6'2""",220,Senior,43
Matt Raterman,ratermanmatt,2006,Fullback; Linebacker,"5'9""",170,Junior,81
Jon Reid,reidjon,2006,Wide Receiver; Defensive Back,6',150,Sophomore,4
Sam Reisenfeld,reisenfeldsam,2006,Tight End; Defensive Tackle,"6'4""",215,Senior,84
Todd Repass,repasstodd,2006,Offensive Tackle,"6'2""",245,Sophomore,78
Cody Rice,ricecody,2006,Wide Receiver,"5'7""",140,Senior,21
Tyler Ross,rosstyler,2006,Fullback; Linebacker,"5'8""",175,Sophomore,6
Aaron Shacklette,shackletteaaron,2006,Tight End; Linebacker,"5'10""",215,Junior,83
Torrey Smith,smithtorrey,2006,Quarterback; Free Safety,"6'2""",190,Senior,11
Tory Spindle,spindletory,2006,Wide Receiver; Cornerback,6',160,Junior,32
Kyle Traugh,traughkyle,2006,Defensive Tackle,"6'1""",325,Junior,66
Justin Wagnon,wagnonjustin,2006,Fullback; Linebacker,"5'9""",165,Senior,8
Robert Walker,walkerrobert,2006,Offensive Guard,"6'2""",280,Junior,70
Daniel Warren,warrendaniel,2006,Tailback; Cornerback,"5'8""",160,Senior,2
Chris Wholey,wholeychris,2006,Wide Receiver; Linebacker,"5'9""",170,Junior,27
Travis Wright,wrighttravis,2006,Wide Receiver,"5'8""",145,Junior,26
Nick Zaremba,zarembanick,2006,Offensive Tackle,"6'1""",205,Junior,51
Julian Alford,alfordjulian,2007,Linebacker,"5'8""",170,Junior,81
Alex Belman,belmanalex,2007,Offensive Tackle,6',255,Junior,65
Jon Bledsoe,bledsoejon,2007,Center,6',310,Senior,72
Jeremy Bonacorsi,bonacorsijeremy,2007,Running Back; Linebacker,"5'9""",180,Sophomore,43
Austin Bopp,boppaustin,2007,Linebacker,"5'10""",190,Senior,20
Spencer Bopp,boppspencer,2007,Linebacker,"6'1""",200,Freshman,51
David Brooks,brooksdavid,2007,Linebacker,"5'9""",180,Sophomore,50
Matt Chilton,chiltonmatt,2007,Offensive Guard,"5'10""",230,Senior,67
Dante Cook,cookdante,2007,Tailback; Linebacker,"5'10""",200,Senior,5
Patrick Corey,coreypatrick,2007,Wide Receiver,"5'10""",180,Senior,21
Eugene Cummings,cummingseugene,2007,,,,Junior,
Patrick Curry,currypatrick,2007,Linebacker,"5'10""",180,Senior,
Chad Drury,drurychad,2007,Fullback; Linebacker,"5'9""",160,Junior,23
Regan Dufort,dufortregan,2007,Offensive Tackle,"6'4""",245,Junior,71
Tre Harris,harristre,2007,Free Safety,"6'2""",185,Senior,3
Brad Hodges,hodgesbrad,2007,,,,Junior,
Anthony Jansen,jansenanthony,2007,Offensive Line; Defensive Line,6',210,Junior,60
Jake Johnson,johnsonjake,2007,Fullback; Linebacker,"6'2""",230,Senior,44
Terrance Kay,kayterrance,2007,Wide Receiver,6',170,Junior,30
Stephen Lamar,lamarstephen,2007,Quarterback; Free Safety,"6'1""",200,Senior,9
Bobby Lawson,lawsonbobby,2007,Defensive Tackle,6',205,Sophomore,55
Jimmy Lawson,lawsonjimmy,2007,Offensive Guard; Defensive Line,"6'2""",270,Senior,79
Tim Lively,livelytim,2007,Offensive Tackle,"5'10""",230,Junior,52
Dexter McDougle,mcdougledexter,2007,Tailback; Cornerback; Kick Returner,"5'9""",165,Junior,7
Jay Molina,molinajay,2007,Cornerback,"5'10""",170,Junior,28
Stephen Mong,mongstephen,2007,Kicker,6',165,Junior,14
John Monk,monkjohn,2007,Defensive Tackle,"6'1""",330,Senior,77
Christian Monsivais,monsivaischristian,2007,Quarterback; Punter,"5'10""",185,Senior,18
Thomas O'Grady,ogradythomas,2007,Running Back; Linebacker,6',170,Junior,22
Michael Overby,overbymichael,2007,Tight End,6',195,Senior,82
Matthew Padgett,padgettmatthew,2007,Quarterback; Defensive Back,"5'9""",150,Sophomore,12
Deontae Posley,posleydeontae,2007,Running Back; Defensive Back,"5'5""",150,Junior,41
Dwight Price,pricedwight,2007,Wide Receiver,6',170,Senior,8
Matt Raterman,ratermanmatt,2007,Defensive End,"5'8""",175,Senior,26
Justin Reed,reedjustin,2007,Wide Receiver; Defensive Back,"5'9""",175,Junior,33
Jon Reid,reidjon,2007,Wide Receiver; Cornerback,"5'8""",150,Junior,4
Jacob Reik,reikjacob,2007,Wide Receiver; Linebacker,"5'8""",155,Senior,2
Todd Repass,repasstodd,2007,Offensive Tackle,"6'3""",250,Junior,78
David Rice,ricedavid,2007,Linebacker,"5'9""",165,Junior,40
Jeffrey Roles,rolesjeffrey,2007,Kicker,"5'9""",165,Junior,24
Domenico Rossi,rossidomenico,2007,Wide Receiver; Defensive Back,6',160,Junior,80
Tyler Ross,rosstyler,2007,Linebacker,"5'8""",175,Junior,6
Josh Ruck,ruckjosh,2007,Offensive Guard,"5'8""",215,Junior,64
Aaron Shacklette,shackletteaaron,2007,Tight End,"5'10""",205,Senior,83
Tory Spindle,spindletory,2007,Wide Receiver; Cornerback,"5'10""",155,Senior,32
Ryan Stallard,stallardryan,2007,Tight End; Linebacker,"5'10""",170,Junior,56
Matt Sullivan,sullivanmatt,2007,Defensive End,"5'10""",200,Senior,10
Kyle Traugh,traughkyle,2007,Center; Defensive Tackle,"6'1""",325,Senior,75
Robert Walker,walkerrobert,2007,Offensive Guard,"6'3""",315,Senior,70
Chris Wholey,wholeychris,2007,Tight End; Defensive End,"5'8""",175,Senior,11
Samuel Wolf,wolfsamuel,2007,Wide Receiver; Defensive Back,"5'4""",150,Junior,53
Nick Zaremba,zarembanick,2007,Defensive End,"6'2""",210,Senior,15
Robert Alberti,albertirobert,2008,Wide Receiver,"5'9""",160,Junior,83
Alex Belman,belmanalex,2008,Guard,6',220,Senior,65
Clay Bennett,bennettclay,2008,Wide Receiver,"5'10""",160,Junior,15
Spencer Bopp,boppspencer,2008,Linebacker,6',210,Sophomore,3
David Brooks,brooksdavid,2008,Linebacker,"5'10""",190,Junior,10
Quasim Chambers,chambersquasim,2008,Defensive Back,"5'10""",160,Senior,24
Eugene Cummings,cummingseugene,2008,Wide Receiver; Defensive Back,"5'10""",175,Senior,11
Alex Daniel,danielalex,2008,Linebacker,"5'9""",170,Sophomore,51
Chad Drury,drurychad,2008,Fullback; Strong Safety,"5'9""",175,Senior,8
Regan Dufort,dufortregan,2008,Tackle,"6'6""",270,Senior,71
Michael Dusenberry,dusenberrymichael,2008,Defensive Lineman,"6'2""",180,Junior,2
Richard Gendron,gendronrichard,2008,Wide Receiver,"5'8""",140,Senior,82
Vincent Hardy,hardyvincent,2008,Running Back; Linebacker,"5'9""",205,Junior,20
Kameron Harold,haroldkameron,2008,Wide Receiver,6',145,Senior,18
Brad Hodges,hodgesbrad,2008,Linebacker,6',210,Senior,25
Howard Johnson,johnsonhoward,2008,Running Back; Linebacker,"5'6""",170,Junior,32
Nehemiah Jones,jonesnehemiah,2008,Running Back; Defensive Back,"5'9""",155,Sophomore,40
Terrance Kay,kayterrance,2008,Wide Receiver; Defensive Back,"6'1""",175,Senior,12
Matt Lansford,lansfordmatt,2008,Offensive Lineman; Defensive Lineman,"6'2""",210,Sophomore,75
Bobby Lawson,lawsonbobby,2008,Center,6',205,Junior,55
Chad Lee,leechad,2008,Offensive Lineman,6',210,Junior,70
Robert Lomax,lomaxrobert,2008,Offensive Lineman,6',280,Junior,64
Dexter McDougle,mcdougledexter,2008,Wide Receiver; Defensive Back,6',175,Senior,9
Jay Molina,molinajay,2008,Wide Receiver,"5'9""",175,Senior,23
Stephen Mong,mongstephen,2008,Kicker,"6'1""",190,Senior,14
Christian Monsivais,monsivaischristian,2008,Quarterback; Punter,"6'1""",210,Senior,4
Tyler Morgan,morgantyler,2008,Offensive Lineman,"5'8""",230,Junior,60
Nick Morton,mortonnick,2008,Offensive Lineman,"5'8""",230,Junior,72
Jose Navarro,navarrojose,2008,Defensive Lineman,"6'1""",230,Senior,54
Justin Navarro,navarrojustin,2008,Tackle,"6'3""",205,Junior,52
Enrique Nelson,nelsonenrique,2008,Wide Receiver; Defensive Back,"5'7""",140,Junior,44
Thomas O'Grady,ogradythomas,2008,Linebacker,6',180,Senior,22
Kyle Oltman,oltmankyle,2008,Wide Receiver; Defensive Back,"5'8""",150,Sophomore,43
Deontae Posley,posleydeontae,2008,Running Back,"5'8""",165,Senior,5
Jon Reid,reidjon,2008,Defensive Back,"5'10""",155,Senior,7
Todd Repass,repasstodd,2008,Guard,"6'3""",260,Senior,78
Cody Richardson,richardsoncody,2008,Linebacker,"5'7""",140,Junior,33
Jeffrey Roles,rolesjeffrey,2008,Kicker,"5'5""",140,Senior,21
Domenico Rossi,rossidomenico,2008,Wide Receiver,6',170,Senior,80
Tyler Ross,rosstyler,2008,Defensive Lineman,"5'9""",180,Senior,6
Cedric Savarin,savarincedric,2008,Wide Receiver,"5'8""",155,Senior,26
Taylor Schofield,schofieldtaylor,2008,Wide Receiver; Defensive Back,"5'6""",150,Junior,30
Justin Sullivan,sullivanjustin,2008,Offensive Lineman,"5'9""",180,Sophomore,53
Ryan Sullivan,sullivanryan,2008,Defensive Lineman,"5'10""",205,Junior,58
Anthony Terrini,terrinianthony,2008,Defensive Lineman,6',250,Junior,56
Kris Trowbridge,trowbridgekris,2008,Offensive Lineman,"5'8""",180,Junior,67
Jeff Wagnon,wagnonjeff,2008,Linebacker,"5'7""",180,Junior,50
Andrew Wheeler,wheelerandrew,2008,Running Back; Defensive Back,"5'8""",170,Junior,28
Robert Alberti,albertirobert,2009,Wide Receiver,"5'11""",175,Senior,8
Harrison Baden,badenharrison,2009,Defensive Back,"5'11""",180,Junior,5
Clay Bennett,bennettclay,2009,Wide Receiver,6',170,Senior,15
Billy Bolinsky,bolinskybilly,2009,Quarterback,"5'10""",170,Freshman,14
Jeremy Bonacorsi,bonacorsijeremy,2009,Defensive Lineman,"5'7""",190,Senior,43
Spencer Bopp,boppspencer,2009,Linebacker,"6'1""",215,Junior,9
John Bratcher,bratcherjohn,2009,Defensive Back,"5'9""",180,Senior,64
David Brooks,brooksdavid,2009,Offensive Lineman,6',205,Senior,52
Marquette Brown,brownmarquette,2009,Defensive Back,"5'9""",140,Senior,53
Deondre Butler,butlerdeondre,2009,Defensive Back,"5'8""",155,Junior,2
Jay Carson,carsonjay,2009,Kicker,"5'6""",115,Junior,6
Mitchell Clark,clarkmitchell,2009,Linebacker,"5'10""",175,Sophomore,70
Justin Crabbe,crabbejustin,2009,Wide Receiver,"5'7""",150,Sophomore,82
Alex Daniel,danielalex,2009,Linebacker,"5'10""",170,Junior,23
Markel Delaney,delaneymarkel,2009,Defensive Line,"5'9""",215,Junior,54
Aaron Donley,donleyaaron,2009,Punter,"6'1""",160,Senior,18
Matt Doxey,doxeymatt,2009,Offensive Line,"6'3""",275,Junior,75
Alex Gray,grayalex,2009,Wide Receiver,"5'10""",150,Senior,80
Jacolby Hawkins,hawkinsjacolby,2009,Defensive Back,"5'7""",150,Sophomore,30
Jacob Hooghouse,hooghousejacob,2009,Offensive Line,"6'1""",220,Sophomore,79
Logan Jackson,jacksonlogan,2009,Linebacker,"5'10""",175,Sophomore,26
Darrian Johnson,johnsondarrian,2009,Fullback,"5'6""",160,Sophomore,28
Nehemiah Jones,jonesnehemiah,2009,Defensive Back,"5'8""",165,Junior,4
Matt Lansford,lansfordmatt,2009,Offensive Lineman,"6'3""",225,Senior,78
Chase Margrave,margravechase,2009,Defensive Line,"5'11""",190,Senior,51
Gaither Mason,masongaither,2009,Quarterback,"6'4""",185,Junior,10
Bill McConnell,mcconnellbill,2009,Defensive Lineman,"5'9""",185,Junior,41
Michael Mongrain,mongrainmichael,2009,Offensive Line,"6'2""",200,Junior,60
Nick Morton,mortonnick,2009,Offensive Lineman,"5'9""",240,Senior,72
Justin Navarro,navarrojustin,2009,Defensive Lineman,"6'3""",215,Senior,11
Colton Hicks,nickscolton,2009,Offensive Line,,275,Senior,67
Dane Olsson,olssondane,2009,Wide Receiver,"5'10""",185,Junior,12
Kyle Oltman,oltmankyle,2009,Quarterback,"5'8""",170,Junior,7
Donald Redding,reddingdonald,2009,Defensive Line; Running Back,,195,Sophomore,32
John Reed,reedjohn,2009,Tight End; Defensive Line,"6'2""",185,Sophomore,33
Cody Richardson,richardsoncody,2009,Running Back,"5'7""",145,Senior,25
Jaqualyn Rogers,rogersjaqualyn,2009,Defensive Line,"5'10""",210,Junior,58
Taylor Schofield,schofieldtaylor,2009,Defensive Back,"5'6""",155,Senior,21
Casey Schooler,schoolercasey,2009,Offensive Line,"6'1""",190,Sophomore,74
Arkei Shareef,shareefarkei,2009,Running Back,"5'8""",165,Junior,20
Deron Sheffield,sheffieldderon,2009,Defensive Back,"5'6""",150,Senior,22
Deion Smith,smithdeion,2009,Wide Receiver,"5'7""",150,Junior,3
Anthony Terrini,terrinianthony,2009,Offensive Lineman,6',230,Senior,56
Matt Tolley,tolleymatt,2009,Linebacker,6',175,Sophomore,55
Kris Trowbridge,trowbridgekris,2009,Offensive Lineman,"5'8""",185,Senior,65
Morgan Veil,veilmorgan,2009,Linebacker,"5'8""",165,Junior,40
Jeffrey Wagnon,wagnonjeffrey,2009,Defensive Line,"5'7""",185,Senior,50
Richard Watson,watsonrichard,2009,Wide Receiver,"6'2""",165,Junior,83
Daniel Webb,webbdaniel,2009,Offensive Line,"6'2""",215,Sophomore,71
Andrew Wheeler,wheelerandrew,2009,Wide Receiver; Defensive Back,"5'9""",160,Senior,24
Jamal Wilson,wilsonjamal,2009,Linebacker,"6'1""",185,Junior,44
Ronald Adams,adamsronald,2010,,,,Senior,64
Harrison Baden,badenharrison,2010,Defensive End,"5'10""",180,Senior,5
Cody Beacorn,beacorncody,2010,Running Back; Kick Returner,"5'6""",145,Junior,22
Robert Beckwith,beckwithrobert,2010,Defensive Lineman,"6'1""",235,Junior,58
Billy Bolinsky,bolinskybilly,2010,Quarterback,,,Sophomore,15
Spencer Bopp,boppspencer,2010,Linebacker,"6'1""",225,Senior,9
Ray Brock,brockray,2010,,,,Junior,75
Jay Buckle,bucklejay,2010,,,,Senior,50
Marcus Bumbrey,bumbreymarcus,2010,,,,Junior,24
Deondre Butler,butlerdeondre,2010,Wide Receiver,"5'9""",160,Senior,14
Jay Carson,carsonjay,2010,Kicker,"5'6""",130,Senior,6
Mitchell Clark,clarkmitchell,2010,,,,Junior,43
Justin Crabbe,crabbejustin,2010,,,,Junior,
Alex Daniel,danielalex,2010,Defensive End,"5'11""",180,Senior,23
Josiah David,davidjosiah,2010,,,,Junior,77
Markel Delaney,delaneymarkel,2010,Defensive Lineman,,,Senior,55
Aaron Donley,donleyaaron,2010,Punter,"6'1""",170,Senior,18
Quinton Fogle,foglequinton,2010,Offensive Lineman,"5'10""",220,Junior,51
Jacolby Hawkins,hawkinsjacolby,2010,Cornerback,"5'8""",155,Junior,14
Jacob Hooghouse,hooghousejacob,2010,Offensive Lineman,,,Junior,79
Alec Hughart,hughartalec,2010,Offensive Lineman,"5'9""",175,Senior,74
Brenden Hughes,hughesbrenden,2010,Wide Receiver,,,Junior,80
Logan Jackson,jacksonlogan,2010,Linebacker,"5'11""",180,Junior,26
Darrian Johnson,johnsondarrian,2010,Running Back; Free Safety,"5'7""",170,Sophomore,28
Nehemiah Jones,jonesnehemiah,2010,Running Back; Cornerback,"5'9""",175,Senior,4
Brendan Klei,kleibrendan,2010,,,,Senior,53
Matt Lansford,lansfordmatt,2010,Offensive Lineman,"6'3""",230,Senior,78
Pat Masello,masellopat,2010,,,,Senior,52
Gaither Mason,masongaither,2010,Quarterback,"6'4""",190,Senior,10
Elliott McCall,mccallelliott,2010,Cornerback,,,Senior,8
Bill McConnell,mcconnellbill,2010,Defensive Lineman,"5'9""",185,Senior,11
Brandon Murphy,murphybrandon,2010,Offensive Lineman,"6'3""",214,Junior,72
Dane Olsson,olssondane,2010,Wide Receiver,,,Senior,82
Kyle Oltman,oltmankyle,2010,Strong Safety,"5'8""",170,Senior,7
Dorian Prince,princedorian,2010,,,,Junior,30
Adam Pruitt,pruittadam,2010,Offensive Lineman,,,Junior,70
Donald Redding,reddingdonald,2010,Fullback,"5'11""",200,Junior,25
John Reed,reedjohn,2010,Tight End,,,Junior,81
Larry Richardson,richardsonlarry,2010,,,,Junior,
Carlos Rodriguez,rodriguezcarlos,2010,,,,Senior,56
Casey Schooler,schoolercasey,2010,Tight End,6',211,Junior,44
Deion Smith,smithdeion,2010,Wide Receiver,"5'7""",140,Senior,3
Ryan Sompayrac,sompayracryan,2010,,,,Junior,41
Joey Sorrentino,sorrentinojoey,2010,,,,Junior,20
Justin Staggs,staggsjustin,2010,Offensive Lineman,,,Senior,54
Justin Sullivan,sullivanjustin,2010,Offensive Lineman,,,Senior,
Kyle Sullivan,sullivankyle,2010,,,,Junior,33
Morgan Veil,veilmorgan,2010,Linebacker,6',180,Senior,40
Ali Wahdan,wahdanali,2010,Offensive Lineman,,,Junior,71
Richard Watson,watsonrichard,2010,Wide Receiver,,,Senior,83
Daniel Webb,webbdaniel,2010,Offensive Lineman,"6'1""",245,Junior,
Robert Beckwith,beckwithrobert,2011,Offensive Tackle; Nose Guard,"6'2""",245,Senior,
Billy Bolinsky,bolinskybilly,2011,Quarterback,6',215,Junior,
Marcus Bumbrey,bumbreymarcus,2011,Wide Receiver,"5'8""",160,Senior,
Brad Caudill,caudillbrad,2011,Linebacker,"5'10""",175,Junior,
Justin Crabbe,crabbejustin,2011,Running Back; Kick Returner,,,Senior,
Quinton Fogle,foglequinton,2011,Offensive Guard,"5'10""",225,Senior,
Evan Greening,greeningevan,2011,Wide Receiver,,,Junior,
Da'Shawn Harris,harrisdashawn,2011,Wide Receiver,6',165,Junior,
Stephen Harris,harrisstephen,2011,,"5'9""",255,Freshman,
Jacolby Hawkins,hawkinsjacolby,2011,Free Safety,"5'10""",170,Senior,
Patrick Holland,hollandpatrick,2011,,,,Junior,
Jacob Hooghouse,hooghousejacob,2011,Center,6',255,Senior,
Logan Jackson,jacksonlogan,2011,Linebacker,6',185,Senior,
Darrian Johnson,johnsondarrian,2011,Strong Safety,"5'8""",180,Senior,
Logan Lough,loughlogan,2011,Defensive Tackle,"6'3""",180,Junior,
Ricky Martin,martinricky,2011,Offensive Lineman; Defensive Lineman,"5'10""",230,Senior,
Brian Mesimer,mesimerbrian,2011,Defensive Tackle,6',240,Senior,
Brandon Murphy,murphybrandon,2011,Offensive Tackle,"6'3""",230,Senior,
Dorian Prince,princedorian,2011,Cornerback,"5'7""",150,Senior,
Donald Redding,reddingdonald,2011,Running Back,6',220,Senior,
John Reed,reedjohn,2011,Linebacker,"6'3""",230,Senior,
Larry Richardson,richardsonlarry,2011,Linebacker,"5'9""",170,Senior,
Travon Richardson,richardsontravon,2011,,,,Junior,
Casey Schooler,schoolercasey,2011,Tight End,6',225,Senior,
Trey Spindle,spindletrey,2011,Wide Receiver,"5'7""",150,Junior,
Leroy Strowder,strowderleroy,2011,,,,Senior,
Daniel Webb,webbdaniel,2011,Offensive Guard,"6'2""",255,Senior,
Andrew Williams,williamsandrew,2011,Kicker; Punter,"5'9""",140,Junior,
Brandon Williams,williamsbrandon,2011,,,,Junior,
Andreas Yancey,yanceyandreas,2011,Cornerback,"5'10""",185,Senior,
Christian Belman,belmanchristian,2012,Offensive Guard; Defensive Tackle,6',240,Senior,
Billy Bolinsky,bolinskybilly,2012,Quarterback,6',230,Senior,
Brad Caudill,caudillbrad,2012,Linebacker,"5'11""",190,Senior,
Garrett Cropp,croppgarrett,2012,Quarterback,,,Sophomore,
Evan Greening,greeningevan,2012,Wide Receiver,"6'2""",200,Senior,
Da'Shawn Harris,harrisdashawn,2012,Wide Receiver,6',170,Senior,
Stephen Harris,harrisstephen,2012,Offensive Guard,"5'9""",265,Sophomore,
Patrick Holland,hollandpatrick,2012,Linebacker,"5'9""",190,Senior,
Zevin Holley,holleyzevin,2012,Running Back,,,Freshman,
Clayton Johnson,johnsonclayton,2012,,,,,
Nathan Jones,jonesnathan,2012,Offensive Tackle; Defensive Tackle,"5'10""",250,Senior,
CJ Kaashif,kaashifcj,2012,Linebacker,"5'11""",220,Junior,
De'Shon Kennedy,kennedydeshon,2012,Cornerback,"5'8""",155,Senior,
Dylan Lane,lanedylan,2012,Tight End,"5'8""",185,Senior,
Kaiden Lewis,lewiskaiden,2012,Safety,6',170,Sophomore,
Logan Lough,loughlogan,2012,Defensive End,"6'4""",195,Senior,
Thomas Raddatz,raddatzthomas,2012,Defensive End,"6'4""",195,Senior,
Wesley Reynolds,reynoldswesley,2012,Cornerback,"5'7""",140,Senior,
Travon Richardson,richardsontravon,2012,Running Back,"5'10""",170,Senior,
Matt Sompayrac,sompayracmatt,2012,Center,"5'10""",175,Junior,
Trey Spindle,spindletrey,2012,Wide Receiver; Safety,"5'7""",135,Senior,
Devin Stowell,stowelldevin,2012,,,,,
Richard Thomas,thomasrichard,2012,Offensive Tackle,"6'1""",225,Junior,
Andrew Williams,williamsandrew,2012,Kicker; Punter,"5'7""",140,Senior,
Brandon Williams,williamsbrandon,2012,,,,Senior,
Christian Arias-Williams,ariaswilliamschristian,2013,Kicker; Punter,"5'11""",135,Senior,
Josh Ball,balljosh,2013,Tackle; Guard,"6'7""",310,Sophomore,70
Devon Bornschein,bornscheindevon,2013,Linebacker,"5'8""",170,Senior,
Derek Brown,brownderek,2013,,,,,
Taurus Carroll,carrolltaurus,2013,Cornerback,"5'10""",140,Sophomore,
Thomas Cook,cookthomas,2013,Cornerback,"5'9""",155,Senior,
Garrett Cropp,croppgarrett,2013,Quarterback,"6'2""",200,Junior,7
Jacob Dugger,duggerjacob,2013,Tackle; Guard,,,Sophomore,65
Hunter Endler,endlerhunter,2013,Wide Receiver; Free Safety,"6'1""",175,Senior,
Austin Enfinger,enfingeraustin,2013,Offensive Lineman,6',245,Senior,
Chris Escamilla,escamillachris,2013,Tackle; Guard; Defensive End,,,Sophomore,
Michael Gordon,gordonmichael,2013,,,,,
Shane Grice,griceshane,2013,Running Back; Outside Linebacker,,,Sophomore,7
CJ Harper,harperclifton,2013,Wide Receiver; Free Safety,,,Sophomore,
Stephen Harris,harrisstephen,2013,Nose Guard; Guard; Fullback,"5'10""",265,Junior,52
Zevin Holley,holleyzevin,2013,Running Back; Wide Receiver; Free Safety,"5'8""",165,Sophomore,24
Ethan Hughart,hughartethan,2013,Linebacker,"5'8""",160,Senior,
Steven Jett,jettsteven,2013,Quarterback; Outside Linebacker; Middle Linebacker,,,Junior,
Michael Johnson,johnsonmichael,2013,Cornerback,"5'8""",160,Sophomore,
Dorian Judkins,judkinsdorian,2013,Wide Receiver; Cornerback,"5'8""",155,Junior,6
CJ Kaashif,kaashifcj,2013,Middle Linebacker; Defensive End,6',230,Senior,42
Joey Lamar,lamarjoey,2013,Wide Receiver,6',160,Junior,
Cole Lewis,lewiscole,2013,Strong Safety,,,Sophomore,
Kaiden Lewis,lewiskaiden,2013,Middle Linebacker; Outside Linebacker; Strong Safety,6',175,Junior,22
Michael McComber,mccombermichael,2013,Running Back; Outside Linebacker; Middle Linebacker,"5'11""",170,Junior,11
Justin Mesimer,mesimerjustin,2013,Defensive Lineman,"5'10""",215,Senior,
Hunter Moore,moorehunter,2013,Guard,"5'10""",265,Sophomore,60
Tyler Newton,newtontyler,2013,Quarterback; Wide Receiver; Outside Linebacker,"5'9""",180,Sophomore,
Nathan Oltman,oltmannathan,2013,Quarterback; Running Back; Wide Receiver,,,Freshman,43
Joseph Parish,parishjoseph,2013,,,,,
Jamond Porter,porterjamond,2013,,,,Sophomore,
Alec Rossi,rossialec,2013,Wide Receiver; Outside Linebacker,,,Junior,
Bobby Santmyer,santmyerbobby,2013,Offensive Lineman,"6'3""",280,Junior,
Kyle Shifflett,shifflettkyle,2013,Strong Safety; Cornerback; Slotback,"5'8""",150,Junior,4
Daniel Smith,smithdaniel,2013,Running Back; Cornerback,"5'7""",140,Freshman,17
Philip Smith,smithphilip,2013,Wide Receiver; Cornerback,,,Junior,
RC Stephens,stephensrc,2013,Tight End,"6'1""",195,Senior,
Tyler Thacker,thackertyler,2013,Tackle; Defensive End,,,Junior,
Richard Thomas,thomasrichard,2013,Tackle; Defensive End; Center,"6'2""",215,Senior,51
DeSean Young,youngdesean,2013,Running Back; Wide Receiver; Strong Safety,6',145,Sophomore,
Tim Allison,allisontim,2014,,,,Junior,
Josh Ball,balljosh,2014,Tackle; Guard,"6'7""",315,Junior,70
Dallas Brown,browndallas,2014,Cornerback; Wide Receiver,"5'8""",130,Sophomore,9
Bradley Clore,clorebradley,2014,Running Back; Outside Linebacker; Middle Linebacker,"6'2""",200,Sophomore,78
Garrett Cropp,croppgarrett,2014,Quarterback,"6'2""",205,Senior,7
Antwan Davis,davisantwan,2014,Fullback; Nose Guard,"5'10""",195,Junior,
Keenan Delaney,delaneykeenan,2014,Nose Guard; Guard,"6'3""",260,Junior,55
Jacob Dugger,duggerjacob,2014,Tackle; Guard,,,Junior,65
Dustin Endler,endlerdustin,2014,Guard,"6'3""",260,Junior,51
Chris Escamilla,escamillachris,2014,Tackle; Guard; Defensive End,,,Junior,
Joshua Fisher,fisherjoshua,2014,Outside Linebacker,"6'1""",190,Freshman,40
Shane Grice,griceshane,2014,Running Back; Inside Linebacker,"5'11""",180,Junior,6
CJ Harper,harpercj,2014,,,,Junior,
Stephen Harris,harrisstephen,2014,Fullback; Defensive End,"5'10""",260,Senior,3
Zevin Holley,holleyzevin,2014,Running Back; Wide Receiver; Free Safety,"5'8""",180,Junior,22
Josh Ivanjack,ivanjackjosh,2014,Guard,6',201,Sophomore,77
Jarred Janson,jansonjarred,2014,,,,Sophomore,62
Minky Jenkins,jenkinsminky,2014,Cornerback,"5'8""",,Junior,
Conor Jessee,jesseeconor,2014,Outside Linebacker; Fullback,"5'4""",155,Sophomore,8
Steven Jett,jettsteven,2014,Outside Linebacker,,,Senior,
Alonzo Johnson,johnsonalonzo,2014,Cornerback; Wide Receiver,"5'11""",145,Freshman,21
Michael Johnson,johnsonmichael,2014,Cornerback,"5'8""",160,Junior,21
Quentin Johnson,johnsonquentin,2014,Defensive End; Guard,"6'2""",230,Senior,58
Dorian Judkins,judkinsdorian,2014,Wide Receiver; Cornerback,"5'8""",165,Senior,5
Brian Klei,kleibrian,2014,Kicker,"5'6""",160,Senior,
Joey Lamar,lamarjoey,2014,Wide Receiver,6',160,Senior,
Jamin Lane,lanejamin,2014,,,,Sophomore,
Cole Lewis,lewiscole,2014,Strong Safety,"5'11""",155,Junior,
Kaiden Lewis,lewiskaiden,2014,Inside Linebacker; Strong Safety,6',180,Senior,22
Michael McComber,mccombermichael,2014,Outside Linebacker,"5'9""",180,Senior,
Hunter Moore,moorehunter,2014,Guard,"5'10""",265,Junior,61
Tyler Newton,newtontyler,2014,Quarterback; Wide Receiver; Outside Linebacker,"5'9""",180,Junior,
Chase Oliver,oliverchase,2014,,,,Junior,
Nathan Oltman,oltmannathan,2014,Quarterback; Running Back; Wide Receiver,"5'9""",150,Sophomore,2
John Phillips,phillipsjohn,2014,Strong Safety,"5'9""",155,Sophomore,6
Jamond Porter,porterjamond,2014,,,,Junior,
Derik Quinn,quinnderik,2014,Middle Linebacker,"5'10""",175,Sophomore,4
Noah Robertson,robertsonnoah,2014,Tight End,"6'1""",175,Senior,
Alec Rossi,rossialec,2014,Kicker; Punter,"5'11""",180,Senior,
Kyle Shifflett,shifflettkyle,2014,Free Safety,"5'9""",160,Senior,4
Matt Shillingford,shillingfordmatt,2014,,"5'8""",,Sophomore,
Daniel Smith,smithdaniel,2014,Running Back; Cornerback,"5'7""",140,Sophomore,17
Philip Smith,smithphilip,2014,Wide Receiver,"5'10""",160,Senior,
Ripken Smith,smithripken,2014,Offensive Tackle,"6'1""",240,Senior,
Colt Steigerwald,steigerwaldcolt,2014,,,,,
Tyler Thacker,thackertyler,2014,Tackle; Defensive End,"6'4""",250,Senior,72
Austin Thompson,thompsonaustin,2014,Center,"5'10""",275,Senior,54
Taquan Watson,watsontaquan,2014,Cornerback; Wide Receiver,"5'11""",165,Senior,13
Khris Whorton,whortonkhris,2014,,,,Junior,
Landon Woodson,woodsonlandon,2014,Quarterback; Wide Receiver; Defensive End,"6'5""",211,Freshman,18
Braeden York,yorkbraeden,2014,,,,Sophomore,5
DeSean Young,youngdesean,2014,Running Back; Wide Receiver; Strong Safety,6',145,Junior,
Tim Allison,allisontim,2015,Defensive End,"6'1""",203,Senior,81
Granville Amos,amosgranville,2015,Defensive End,"6'3""",203,Sophomore,13
Eric Baker,bakereric,2015,Tackle,"6'3""",,Junior,
Josh Ball,balljosh,2015,Tackle; Guard,"6'7""",310,Senior,70
Zion Barringer,barringerzion,2015,Defensive Tackle,6',240,Freshman,51
Evan Bender,benderevan,2015,Guard,"6'4""",347,Sophomore,75
Josiah Bratcher,bratcherjosiah,2015,Middle Linebacker,"5'9""",153,Freshman,83
Nicholas Broger,brogernicholas,2015,,,,Freshman,
Dallas Brown,browndallas,2015,Cornerback; Wide Receiver,"5'10""",146,Junior,14
Ben Camstra,camstraben,2015,Strong Safety,,,Sophomore,
Joe Chavarria,chavarriajoe,2015,Outside Linebacker; Kicker; Punter,,,Sophomore,
Bradley Clore,clorebradley,2015,Defensive End,"6'3""",200,Junior,81
Kevin Clower,clowerkevin,2015,Wide Receiver,,,Junior,
Charles Conner,connercharles,2015,Center,,,Sophomore,72
Mack Dakota,dakotamack,2015,Tackle; Guard,"6'1""",235,Junior,56
Antwan Davis,davisantwan,2015,Fullback; Nose Guard,"5'10""",195,Senior,
Keenan Delaney,delaneykeenan,2015,Defensive Tackle,"6'1""",280,Senior,55
Ayden Dixon,dixonayden,2015,Guard,,,Sophomore,
Jacob Dugger,duggerjacob,2015,Tackle; Guard,,,Senior,65
Nicholas Dunn,dunnnicholas,2015,Middle Linebacker,"5'11""",195,Sophomore,55
Dustin Endler,endlerdustin,2015,Guard; Tackle,"6'3""",255,Senior,52
Chris Escamilla,escamillachris,2015,Tackle; Defensive End,"6'2""",205,Senior,68
Joshua Fisher,fisherjoshua,2015,Linebacker,"6'1""",200,Sophomore,42
Sean Flanagan,flanagansean,2015,Wide Receiver,,,Junior,
Michael Fletcher,fletchermichael,2015,Cornerback; Free Safety; Strong Safety,"5'5""",140,Freshman,28
Zachary Gnoffo,gnoffozachary,2015,Wide Receiver,"5'11""",153,Sophomore,74
Joshua Goff,goffjoshua,2015,,,,Freshman,
Shane Grice,griceshane,2015,Linebacker,6',200,Senior,26
Xavier Haskins,haskinsxavier,2015,Cornerback,"5'11""",150,Junior,18
Zevin Holley,holleyzevin,2015,Running Back,"5'8""",190,Senior,25
Josh Ivanjack,ivanjackjosh,2015,Guard; Defensive End,"6'1""",221,Junior,66
Darnell Jackson,jacksondarnell,2015,Linebacker,"6'2""",190,Junior,33
Jarred Janson,jansonjarred,2015,,,,Junior,65
Minky Jenkins,jenkinsminky,2015,Quarterback,"5'8""",140,Senior,2
Conor Jessee,jesseeconor,2015,Outside Linebacker; Fullback,"5'5""",155,Junior,31
Alonzo Johnson,johnsonalonzo,2015,Cornerback; Wide Receiver,"5'11""",145,Sophomore,21
Dejour Johnson,johnsondejour,2015,Free Safety,"5'8""",141,Freshman,4
Michael Johnson,johnsonmichael,2015,Free Safety,"5'8""",170,Senior,24
Trevor Johnson,johnsontrevor,2015,Guard,6',195,Sophomore,61
Miles King,kingmiles,2015,Cornerback,"5'11""",153,Senior,17
Shawn Koetter,koettershawn,2015,Middle Linebacker,"5'9""",170,Sophomore,54
Jamin Lane,lanejamin,2015,Quarterback,"6'2""",195,Junior,11
Blake Lewis,lewisblake,2015,,,,,2
Cole Lewis,lewiscole,2015,Strong Safety,6',160,Senior,
Kashawn Lewis,lewiskashawn,2015,Defensive End,"5'6""",193,Sophomore,53
Wendell Lewis,lewiswendell,2015,Running Back,"5'8""",150,Sophomore,10
Jalen Long,longjalen,2015,Defensive Tackle,"5'7""",250,Sophomore,79
Jaden Manhertz,manhertzjaden,2015,Cornerback,6',,Sophomore,21
Brian Milan,milanbrian,2015,Defensive Tackle,"5'10""",210,Freshman,52
Hunter Moore,moorehunter,2015,Guard; Center,"5'10""",280,Senior,62
Zachary Morgan,morganzachary,2015,Outside Linebacker,"5'10""",140,Sophomore,33
Jason Nauta,nautajason,2015,Free Safety,"5'3""",170,Junior,27
Tyler Newton,newtontyler,2015,Defensive End,"5'10""",205,Senior,6
Chase Oliver,oliverchase,2015,Defensive End,"5'8""",170,Senior,9
Nathan Oltman,oltmannathan,2015,Quarterback; Strong Safety,"5'9""",150,Junior,3
Nic Parrish,parrishnic,2015,Outside Linebacker; Wide Receiver,"6'3""",165,Sophomore,28
Mason Pastell,pastellmason,2015,Running Back,"5'8""",165,Sophomore,24
John Phillips,phillipsjohn,2015,Strong Safety; Wide Receiver,"5'11""",155,Junior,16
Dallin Plonka,plonkadallin,2015,Wide Receiver,,,Junior,32
Jamond Porter,porterjamond,2015,Long Snapper,"6'1""",235,Senior,77
Jason Pryce,prycejason,2015,Running Back,"5'10""",140,Sophomore,20
Jonathan Pryor,pryorjonathan,2015,Cornerback,"6'2""",173,Sophomore,25
Derik Quinn,quinnderik,2015,Middle Linebacker; Fullback,6',185,Junior,5
Eugene Richardson,richardsoneugene,2015,Cornerback,"5'7""",130,Sophomore,30
Juwan Roberson,robersonjuwan,2015,Defensive End,,,Sophomore,
Alec Rossi,rossialec,2015,Kicker,6',190,Senior,
James Rossi,rossijames,2015,Wide Receiver,"5'11""",140,Junior,3
Joe Saitta,saittajoe,2015,,,,Junior,40
Thomas Salierno,saliernothomas,2015,Tackle; Guard; Defensive Tackle,"5'6""",161,Sophomore,77
Scott Seestedt,seestedtscott,2015,Tackle,"6'1""",220,Sophomore,58
Matt Shillingford,shillingfordmatt,2015,,"5'8""",,Junior,
Daniel Smith,smithdaniel,2015,Running Back; Cornerback,"5'7""",145,Junior,18
Jalen Smith,smithjalen,2015,Running Back; Free Safety,"5'9""",145,Freshman,7
Joseph Smith,smithjoseph,2015,,,,,
Michael Snow,snowmichael,2015,Center; Guard,,,Junior,79
Marcus Sowers,sowersmarcus,2015,Outside Linebacker,"5'6""",150,Sophomore,4
Jacob Thacker,thackerjacob,2015,,,,Sophomore,
Demetri Thomas,thomasdemetri,2015,Middle Linebacker,"5'11""",170,Sophomore,51
Noah Thompson,thompsonnoah,2015,,,,Sophomore,
Justin Toler,tolerjustin,2015,Cornerback,"5'7""",136,Sophomore,28
Chris Trisler,trislerchris,2015,Quarterback,"5'10""",185,Sophomore,9
Alex Vaughan,vaughanalex,2015,Middle Linebacker; Outside Linebacker,"5'6""",145,Sophomore,
Stephen Vigil,vigilstephen,2015,Defensive Tackle,,,Sophomore,70
Stephen Virgil,virgilstephen,2015,,,,Sophomore,
Jayson Waters,watersjayson,2015,Guard,"5'10""",245,Junior,75
Brandon Wentz,wentzbrandon,2015,Tackle; Guard; Defensive Tackle,,,Sophomore,58
Khris Whorton,whortonkhris,2015,,,,Senior,
Allen Wilcox,wilcoxallen,2015,Punter,"5'10""",160,Sophomore,50
Landon Woodson,woodsonlandon,2015,Wide Receiver; Defensive End,"6'4""",215,Sophomore,20
George Yates,yatesgeorge,2015,Defensive Tackle,"6'2""",320,Senior,67
Braeden York,yorkbraeden,2015,Wide Receiver,"6'1""",170,Junior,6
DeSean Young,youngdesean,2015,Running Back; Wide Receiver; Strong Safety,6',160,Senior,
Anthony Adams,adamsanthony,2016,Slotback; Middle Linebacker,"5'11""",177,Junior,12
Granville Amos,amosgranville,2016,Defensive End; Tight End,"6'3""",210,Junior,6
Kendle Anderson,andersonkendle,2016,Defensive Tackle; Tackle; Center,,,Sophomore,65
Lovell Armstead,armsteadlovell,2016,Running Back; Slotback; Cornerback,"5'8""",180,Junior,2
Aaron Barber,barberaaron,2016,Running Back; Defensive Tackle,"5'5""",222,Freshman,64
Steven Barnes,barnessteven,2016,Wide Receiver,6',,Senior,1
Zion Barringer,barringerzion,2016,Tackle; Guard,"6'1""",245,Sophomore,51
Shamar Berry,berryshamar,2016,,,,Sophomore,
Jacob Bolling,bollingjacob,2016,,,,Freshman,70
Tyler Bradley,bradleytyler,2016,,,,Senior,83
Dimario Brooks,brooksdimario,2016,Cornerback,"5'8""",,Freshman,
John Brown,brownjohn,2016,,,,Sophomore,
Joe Chavarria,chavarriajoe,2016,Outside Linebacker; Kicker; Punter,6',196,Junior,45
Ryan Chon,chonryan,2016,,,,Freshman,
Kevin Clower,clowerkevin,2016,Wide Receiver,,,Senior,88
Noah Culver,culvernoah,2016,,,,Freshman,
Ayden Dixon,dixonayden,2016,Guard,,,Junior,
Nicholas Dunn,dunnnicholas,2016,Middle Linebacker; Defensive End,6',195,Junior,56
Corbin Egebrecht,egebrechtcorbin,2016,,,,Freshman,
Taquan Ellis,ellistaquan,2016,Defensive Tackle; Guard,"5'10""",,Sophomore,17
Joshua Fisher,fisherjoshua,2016,Outside Linebacker; Middle Linebacker,"6'2""",220,Junior,43
Sean Flanagan,flanagansean,2016,Wide Receiver,,,Senior,
Michael Fletcher,fletchermichael,2016,Cornerback; Slotback,"5'5""",140,Sophomore,31
Brandon Garnett,garnettbrandon,2016,,,,Freshman,
Zachary Gnoffo,gnoffozachary,2016,Defensive End; Tackle,"5'11""",153,Junior,73
Mj Hampton,hamptonmj,2016,Running Back; Strong Safety,6',188,Senior,13
Edan Harrison,harrisonedan,2016,Running Back; Strong Safety,"5'5""",160,Sophomore,3
Xavier Haskins,haskinsxavier,2016,Cornerback,"5'11""",155,Senior,50
Garrett Heflin,heflingarrett,2016,,,,Sophomore,81
Ethan Himes,himesethan,2016,,,,Freshman,54
JR Houston,houstonjr,2016,Wide Receiver; Cornerback,,,Sophomore,9
Josh Ivanjack,ivanjackjosh,2016,Tackle; Defensive End,"6'1""",221,Senior,67
Jarred Janson,jansonjarred,2016,,,,Senior,63
Alonzo Johnson,johnsonalonzo,2016,Cornerback; Slotback,"6'1""",175,Junior,23
Dejour Johnson,johnsondejour,2016,Free Safety,"5'8""",141,Sophomore,3
Trevor Johnson,johnsontrevor,2016,Guard,6',195,Junior,62
Zachary Jones,joneszachary,2016,,,,Freshman,
John Koetter,koetterjohn,2016,Cornerback; Slotback,"5'7""",145,Freshman,4
Jamin Lane,lanejamin,2016,Quarterback,"6'2""",195,Senior,11
Elyjah Lewis,lewiselyjah,2016,,,,Freshman,
Kashawn Lewis,lewiskashawn,2016,Defensive End; Tackle,"5'6""",193,Junior,53
Wendell Lewis,lewiswendell,2016,Slotback; Running Back,"5'9""",150,Junior,9
Jalen Long,longjalen,2016,Defensive Tackle,"5'7""",250,Junior,80
Julian Long,longjulian,2016,,,,Freshman,34
Haywood Lunsford,lunsfordhaywood,2016,Quarterback; Free Safety,"6'1""",180,Junior,27
Vincent McGovern,mcgovernvincent,2016,,,,Freshman,82
Dawson Mckoy,mckoydawson,2016,,,,Freshman,
Cristian Melendez,melendezcristian,2016,,,,Freshman,
Brian Milan,milanbrian,2016,Defensive End; Defensive Tackle,"5'10""",210,Sophomore,52
Robby Mills,millsrobby,2016,,,,Freshman,70
Dustin Mitchell,mitchelldustin,2016,Defensive Tackle; Guard; Tackle,"6'2""",240,Junior,71
Jason Nauta,nautajason,2016,Free Safety; Running Back,"5'3""",216,Senior,33
Austin O'Donnell,odonnellaustin,2016,,,,Freshman,
Delyn Palmer,palmerdelyn,2016,,"5'8""",130,Freshman,
Giovannni Parrish,parrishgiovannni,2016,Tight End,"5'11""",155,Freshman,
Mason Pastell,pastellmason,2016,Outside Linebacker; Running Back,"5'8""",185,Junior,25
Jackson Phillips,phillipsjackson,2016,,,,Freshman,74
Aaron Plonka,plonkaaaron,2016,Defensive Tackle,"6'1""",,Sophomore,68
Dallin Plonka,plonkadallin,2016,Wide Receiver,,,Senior,32
Jason Pryce,prycejason,2016,Wide Receiver; Running Back,"5'11""",150,Junior,21
Derik Quinn,quinnderik,2016,Strong Safety; Outside Linebacker,6',185,Senior,5
Eugene Richardson,richardsoneugene,2016,Cornerback,"5'8""",140,Junior,15
Elijah Rodriguez,rodriguezelijah,2016,,,,Sophomore,4
Ethan Roques,roquesethan,2016,,,,Freshman,
James Rossi,rossijames,2016,,,,Senior,
Joe Saitta,saittajoe,2016,,,,Senior,33
Vincenzo Saitta,saittavincenzo,2016,Running Back,"5'7""",160,Freshman,34
Rogelio Santiago-Padilla,santiagopadillarogelio,2016,,,,Sophomore,
Jaylen Sheard-Horton,sheardhortonjaylen,2016,Running Back,,,Junior,24
Daniel Smith,smithdaniel,2016,Running Back; Wide Receiver,"5'8""",160,Senior,18
Jalen Smith,smithjalen,2016,Running Back; Free Safety,"5'10""",155,Sophomore,8
Joseph Strout,stroutjoseph,2016,,,,Freshman,
Michael Surles,surlesmichael,2016,,,,Freshman,
Demetri Thomas,thomasdemetri,2016,,,,Junior,52
Earl Thompson,thompsonearl,2016,,,,Freshman,
Justin Toler,tolerjustin,2016,Cornerback,"5'9""",155,Junior,28
Darien Tuggle,tuggledarien,2016,,,,Sophomore,
Neycer Vasquez,vasquezneycer,2016,,,,Freshman,
Stephen Vigil,vigilstephen,2016,Guard; Defensive Tackle; Defensive End,"6'2""",260,Junior,77
Jayson Waters,watersjayson,2016,Guard; Defensive Tackle,"5'11""",236,Senior,76
CJ Watson,watsoncj,2016,Quarterback,"5'11""",145,Sophomore,10
Brandon Wentz,wentzbrandon,2016,Defensive Tackle; Tackle,,,Junior,58
Allen Wilcox,wilcoxallen,2016,,,,Junior,
Noah Williams,williamsnoah,2016,Wide Receiver; Cornerback,,,Sophomore,20
Landon Woodson,woodsonlandon,2016,Defensive End; Wide Receiver,"6'5""",211,Junior,19
Braeden York,yorkbraeden,2016,Wide Receiver,"6'1""",190,Senior,5
John Zemites,zemitesjohn,2016,Middle Linebacker; Fullback,"5'11""",218,Sophomore,48
Anthony Adams,adamsanthony,2017,Defensive Back,"5'11""",180,Senior,11
Kevin Allard,allardkevin2,2017,,,,Sophomore,31
Granville Amos,amosgranville,2017,Defensive End,"6'2""",220,Senior,5
Kendle Anderson,andersonkendle,2017,,,,Junior,64
Benjamin Andrew,andrewbenjamin,2017,,,,Sophomore,
Lovell Armstead,armsteadlovell,2017,Running Back,"5'8""",165,Senior,
Aaron Barber,barberaaron,2017,,,,Sophomore,63
Alex Baumgartner,baumgartneralex,2017,,,,Sophomore,25
Evan Bender,benderevan,2017,Offensive Lineman,"6'3""",320,Senior,75
Shamar Berry,berryshamar,2017,,,,Junior,41
Jacob Bolling,bollingjacob,2017,,,,Sophomore,70
Josiah Bratcher,bratcherjosiah,2017,,,,Junior,50
Dominic Bratti,brattidominic,2017,,,,Sophomore,46
Dimario Brooks,brooksdimario,2017,,,,Sophomore,12
John Brown,brownjohn,2017,,,,Junior,57
Jonathan Brutus,brutusjonathan,2017,,,,Sophomore,59
Mychael Carter,cartermychael,2017,,,,Junior,20
Joseph Chavarria,chavarriajoseph,2017,Punter,"5'11""",190,Senior,43
Jordan Christianson Romyn,christiansonromyjordan,2017,,,,Junior,14
Nicholas Cole-Dunn,coledunnnicholas,2017,Offensive Lineman; Linebacker,"5'11""",200,Senior,54
Corbin Egebrecht,egebrechtcorbin,2017,,,,Sophomore,29
Taquan Ellis,ellistaquan,2017,,,,Junior,15
Joshua Fisher,fisherjoshua,2017,Linebacker,"6'1""",225,Senior,40
Michael Fletcher,fletchermichael,2017,,,,Junior,28
Logan Foosness,foosnesslogan,2017,,,,Sophomore,32
Divyne Ford,forddivyne,2017,,,,Senior,3
Edan Harrison,harrisonedan,2017,Running Back,,,Junior,2
Garrett Heflin,heflingarrett,2017,Tight End,"5'10""",184,Junior,80
Ethan Himes,himesethan,2017,,,,Sophomore,53
JR Houston,houstonjr,2017,,,,Junior,8
Alonzo Johnson,johnsonalonzo,2017,Defensive Back,6',163,Senior,21
Trevor Johnson,johnsontrevor,2017,Offensive Lineman,"6'1""",235,Senior,
Zachary Jones,joneszachary,2017,,,,Sophomore,
Jack Koetter,koetterjack,2017,,,,Sophomore,
Shawn Koetter,koettershawn,2017,,,,Senior,17
Devin Lardge,lardgedevin,2017,,,,Sophomore,10
Kashawn Lewis,lewiskashawn,2017,,,,Senior,61
Wendell Lewis,lewiswendell,2017,,,,Senior,9
Haywood Lunsford,lunsfordhaywood,2017,,,,Senior,16
Vincent McGovern,mcgovernvincent,2017,,,,Sophomore,81
Hayden Mesimer,mesimerhayden,2017,,,,Sophomore,22
Brian Milan,milanbrian,2017,Defensive Lineman,"5'9""",212,Junior,52
Robert Mills,millsrobert,2017,Offensive Lineman,"6'1""",265,Sophomore,69
Dustin Mitchell,mitchelldustin,2017,,,,Senior,72
Aaron Monroe,monroeaaron,2017,,,,Senior,55
Michael Perry,perrymichael,2017,,,,Freshman,71
Jackson Phillips,phillipsjackson,2017,,,,Sophomore,73
Aaron Plonka,plonkaaaron,2017,Kicker,"6'4""",210,Junior,67
Garrett Powers,powersgarrett,2017,,,,Sophomore,39
Eugene Richardson,richardsoneugene,2017,Wide Receiver,"5'8""",142,Senior,13
Kharliq Richardson,richardsonkharliq,2017,Quarterback,,,Junior,42
Elijah Rodriguez,rodriguezelijah,2017,,,,Junior,4
Rogelio Santiago-Padilla,santiagopadillarogelio,2017,,,,Senior,85
Jaylen Sheard-Horton,sheardhortonjaylen,2017,,,,Senior,23
Joseph Shortt,shorttjoseph,2017,,,,Sophomore,26
Jalen Smith,smithjalen,2017,Quarterback,"5'10""",173,Junior,6
Sean Smith,smithsean,2017,,,,Junior,7
Michael Surles,surlesmichael,2017,,,,Sophomore,88
Demetri Thomas,thomasdemetri,2017,Defensive Lineman,"5'10""",167,Senior,51
Justin Toler,tolerjustin,2017,Running Back; Defensive Back,"5'8""",154,Senior,27
Collin Vaughn,vaughncollin,2017,,,,Senior,66
Stephen Vigil,vigilstephen,2017,,,,Senior,77
Tyler Vines,vinestyler,2017,,,,Sophomore,36
Charles Watson,watsoncharles,2017,,,,Junior,35
Brandon Wentz,wentzbrandon,2017,Offensive Lineman,"5'11""",278,Senior,56
Cody White,whitecody,2017,,,,Sophomore,
Noah Williams,williamsnoah,2017,Defensive Back,"5'11""",154,Junior,19
Landon Woodson,woodsonlandon,2017,Wide Receiver; Defensive Lineman,"6'5""",225,Senior,18
John Zemites,zemitesjohn,2017,Linebacker,"5'10""",216,Junior,45
Kevin Allard,allardkevin2,2018,Wide Receiver; Strong Safety,"5'11""",172,Junior,27
Kendle Anderson,andersonkendle,2018,Defensive Lineman,"5'8""",218,Senior,
Alex Baumgartner,baumgartneralex,2018,Slotback; Middle Linebacker,"5'9""",185,Junior,6
DJ Berry,berrydj,2018,Defensive Lineman,"5'11""",187,Senior,
Jacob Bolling,bollingjacob,2018,Center,"5'10""",216,Junior,
Josiah Bratcher,bratcherjosiah,2018,Left Guard,"5'10""",170,Senior,
Austin Brooks,brooksaustin,2018,Defensive Lineman,"6'1""",246,Senior,
Dimario Brooks,brooksdimario,2018,Wide Receiver,"5'11""",165,Junior,12
Austin Brown,brownaustin,2018,Wide Receiver; Punter,"6'2""",185,Freshman,1
Bryan Brown,brownbryan,2018,Defensive End,"6'1""",205,Sophomore,90
John Brown,brownjohn,2018,Defensive End; Nose Guard,"5'11""",180,Senior,57
Mychael Carter,cartermychael,2018,Slotback; Strong Safety,6',160,Senior,20
Noah Culver,culvernoah,2018,Center; Defensive Tackle,"5'9""",225,Sophomore,60
Nathan Davis,davisnathan,2018,,,,Freshman,
Colten Dunmire,dunmirecolten,2018,Free Safety; Quarterback,"5'10""",155,Sophomore,4
Jordan Edwards,edwardsjordan,2018,,,,Freshman,
Corbin Egebrecht,egebrechtcorbin,2018,Quarterback; Free Safety,6',165,Junior,14
Taquan Ellis,ellistaquan,2018,Defensive Lineman,6',321,Senior,
Michael Fletcher,fletchermichael,2018,Linebacker,"5'7""",165,Senior,
Brandon Garnett,garnettbrandon,2018,Defensive End; Guard,"5'10""",175,Sophomore,77
Ryan Glascock,glascockryan,2018,Guard; Defensive Tackle,"6'1""",235,Freshman,74
Brian Glenn,glennbrian,2018,Cornerback; Wide Receiver,6',165,Freshman,7
Edan Harrison,harrisonedan,2018,Running Back,"5'6""",170,Senior,
Garrett Heflin,heflingarrett,2018,Wide Receiver,6',182,Senior,
TJ Henderson,hendersontj,2018,Wide Receiver; Cornerback,"5'11""",165,Freshman,6
Ethan Himes,himesethan,2018,Tackle; Middle Linebacker,"5'9""",170,Junior,53
JR Houston,houstonjr,2018,Halfback,6',182,Senior,
DeJour Johnson,johnsondejour,2018,Wide Receiver; Cornerback,"5'11""",160,Senior,6
Zachary Jones,joneszachary,2018,,,,Junior,
Pascal Joseph,josephpascal,2018,,,,Sophomore,62
Dylan King,kingdylan,2018,Wide Receiver; Cornerback,"5'8""",155,Freshman,27
Jack Koetter,koetterjack,2018,Quarterback; Cornerback,"5'8""",155,Junior,3
Alex LaPonte,lapontealex,2018,,,,Freshman,
Devin Lardge,lardgedevin,2018,Cornerback,"5'10""",180,Junior,
Elyjah Lewis,lewiselyjah,2018,Running Back; Cornerback,"5'8""",160,Sophomore,18
Julian Long,longjulian,2018,Cornerback; Slotback,"5'9""",150,Junior,24
Kent Lundquist,lundquistkent,2018,Guard,"6'3""",260,Sophomore,61
Vincent McGovern,mcgovernvincent,2018,Slotback; Cornerback,"5'9""",150,Junior,10
Dawson McKoy,mckoydawson,2018,Free Safety; Strong Safety,"5'11""",195,Sophomore,8
Hayden Mesimer,mesimerhayden,2018,Slotback; Outside Linebacker,"6'2""",205,Junior,22
Robby Mills,millsrobby,2018,Right Guard,"6'1""",265,Junior,
Tristan Mitchell,mitchelltristan,2018,Wide Receiver; Strong Safety,,,Junior,26
Derrick Moore,moorederrick,2018,,,,Freshman,
Brandon Neloms,nelomsbrandon,2018,Wide Receiver; Strong Safety,,,Senior,46
Alex Owens,owensalex,2018,Wide Receiver; Cornerback,"5'8""",150,Freshman,32
Derek Oylear,oylearderek,2018,Tight End; Defensive End,"6'3""",185,Senior,
Giovanni Parrish,parrishgiovanni,2018,Tackle; Defensive End,"6'2""",200,Sophomore,54
Michael Perry,perrymichael,2018,Right Tackle,"6'1""",246,Sophomore,
Jackson Phillips,phillipsjackson,2018,Left Tackle,"6'4""",265,Junior,
Aaron Plonka,plonkaaaron,2018,Kicker; Punter,"6'4""",195,Senior,
Tyler Pomeroy,pomeroytyler,2018,,,,Sophomore,
Kharliq Richardson,richardsonkharliq,2018,Quarterback,6',170,Senior,
Elijah Rodriguez,rodriguezelijah,2018,Cornerback,6',155,Senior,
Erik Rojas,rojaserik,2018,Nose Guard; Guard,,,Senior,75
Ethan Roques,roquesethan,2018,Middle Linebacker; Tight End,"6'1""",205,Sophomore,11
Vincenzo Saitta,saittavincenzo,2018,Running Back; Outside Linebacker,"5'7""",160,Junior,33
Jayden Sanchez,sanchezjayden,2018,,,,,
Mitchell Sibenik,sibenikmitchell,2018,Wide Receiver; Cornerback,6',160,Senior,11
Sean Smith,smithsean,2018,Wide Receiver; Free Safety,"6'2""",170,Senior,
Nathan Sullivan,sullivannathan,2018,Wide Receiver; Cornerback,"6'1""",210,Sophomore,11
Jason Sully,sullyjason,2018,,,,,
Nathaniel Sully,sullynathaniel,2018,,,,Freshman,
Jacory Swader,swaderjacory,2018,Defensive Tackle; Tackle,"6'3""",282,Freshman,80
Ricky Thesing,thesingricky,2018,Wide Receiver; Free Safety,"5'10""",182,Sophomore,80
Darien Tuggle,tuggledarien,2018,Slotback; Cornerback,,,Senior,35
Neycer Vasquez,vasquezneycer,2018,Center,6',285,Sophomore,51
Tyler Vines,vinestyler,2018,Running Back; Defensive Tackle,"5'9""",195,Junior,4
Jordan Williams,williamsjordan,2018,Defensive Back,6',173,Junior,
Noah Williams,williamsnoah,2018,Halfback; Defensive Back,6',169,Senior,
Zachary Willis,williszachary,2018,,,,Junior,44
Michiah Wilson,wilsonmichiah,2018,Center; Guard,,,Senior,72
Peyton Woodson,woodsonpeyton,2018,Strong Safety; Running Back,"5'11""",180,Sophomore,23
Joel Wright,wrightjoel,2018,Middle Linebacker; Tight End,"5'11""",,Sophomore,43
John Zemites,zemitesjohn,2018,Linebacker,"5'11""",224,Senior,
Kevin Allard,allardkevin2,2019,Wide Receiver; Strong Safety,"5'11""",172,Senior,27
Benjamin Andrew,andrewbenjamin,2019,,,,Sophomore,
Aaron Barber,barberaaron,2019,Defensive Tackle; Guard,"5'7""",285,Senior,52
Alex Baumgartner,baumgartneralex,2019,Defensive Back; Punter,"5'9""",170,Senior,
Eamon Black,blackeamon,2019,Strong Safety; Slotback,"5'10""",164,Junior,34
Jacob Bolling,bollingjacob,2019,Offensive Tackle,"5'11""",221,Senior,
Dimario Brooks,brooksdimario,2019,Wide Receiver,"5'11""",165,Senior,12
Austin Brown,brownaustin,2019,Wide Receiver; Punter,"6'2""",185,Sophomore,1
Bryan Brown,brownbryan,2019,Defensive Lineman,"6'1""",190,Junior,
Blake Childress,childressblake,2019,Kicker,"5'11""",185,Sophomore,
Ryan Chon,chonryan,2019,,,,Junior,
Noah Culver,culvernoah,2019,Center; Defensive Tackle,"5'9""",225,Junior,60
Nathan Davis,davisnathan,2019,,,,Sophomore,
Colten Dunmire,dunmirecolten,2019,Free Safety; Quarterback,"5'10""",155,Junior,4
Jordan Edwards,edwardsjordan,2019,,,,Sophomore,
Kiori Edwards,edwardskiori,2019,Running Back,"5'5""",155,Junior,
Brandon Garnett,garnettbrandon,2019,Defensive End; Guard,"5'10""",175,Junior,77
Ryan Glascock,glascockryan,2019,Guard; Defensive Tackle,"6'1""",235,Sophomore,74
Brian Glenn,glennbrian,2019,Defensive Back,6',170,Junior,
Cody Goodman,goodmancody,2019,Defensive End; Tackle,,,Junior,62
TJ Henderson,hendersontj,2019,Wide Receiver; Cornerback,"5'11""",165,Sophomore,6
Ethan Himes,himesethan,2019,Tackle; Middle Linebacker,"5'9""",170,Senior,53
Tyler Hirata,hiratatyler,2019,,,,Junior,
Justin Jenkins,jenkinsjustin,2019,Tackle; Defensive Tackle,"6'2""",255,Sophomore,65
Zachary Jones,joneszachary,2019,,,,Senior,
Dylan King,kingdylan,2019,Wide Receiver; Cornerback,"5'8""",155,Sophomore,27
Andrew Koetter,koetterandrew,2019,,,,Sophomore,
Jack Koetter,koetterjack,2019,Quarterback,"5'7""",147,Senior,3
Alex LaPonte,lapontealex,2019,,,,Sophomore,
Devin Lardge,lardgedevin,2019,Running Back; Defensive Back,"5'10""",206,Senior,
Elyjah Lewis,lewiselyjah,2019,Running Back; Cornerback,"5'8""",160,Junior,18
Julian Long,longjulian,2019,Cornerback; Slotback,"5'9""",150,Senior,24
Kent Lundquist,lundquistkent,2019,Guard,"6'3""",260,Junior,61
Aidan McConnell,mcconnellaidan,2019,Quarterback,"6'1""",185,Freshman,2
Vincent McGovern,mcgovernvincent,2019,Slotback; Cornerback,"5'9""",150,Senior,10
Dawson McKoy,mckoydawson,2019,Defensive Back,"5'10""",170,Junior,
Cristian Melendez,melendezcristian,2019,Defensive Tackle; Tackle,"5'10""",198,Junior,75
Hayden Mesimer,mesimerhayden,2019,Running Back; Linebacker,"6'2""",216,Senior,
Ryan Metz,metzryan,2019,Strong Safety; Fullback,"5'10""",155,Sophomore,20
Robby Mills,millsrobby,2019,Offensive Guard; Defensive Lineman,"6'1""",265,Senior,
Derrick Moore,moorederrick,2019,,,,Sophomore,
Jermaine Morris,morrisjermaine,2019,,,,Junior,
Austin O'Donnell,odonnellaustin,2019,,,,Junior,
Alex Owens,owensalex,2019,Wide Receiver; Cornerback,"5'8""",150,Sophomore,32
Delyn Palmer,palmerdelyn,2019,,,,Senior,
Giovanni Parrish,parrishgiovanni,2019,Tackle; Defensive End,"6'2""",200,Junior,54
Michael Perry,perrymichael,2019,Offensive Tackle,"6'3""",270,Junior,
Jackson Phillips,phillipsjackson,2019,Offensive Guard,"6'3""",280,Senior,
Tyler Pomeroy,pomeroytyler,2019,,,,Junior,
Ethan Roques,roquesethan,2019,Linebacker,"6'1""",183,Junior,
Vincenzo Saitta,saittavincenzo,2019,Running Back; Outside Linebacker,"5'7""",160,Senior,33
Jashaun Sayles,saylesjashaun,2019,,,,Junior,
Joseph Shortt,shorttjoseph,2019,Wide Receiver,6',160,Senior,
Joseph Strout,stroutjoseph,2019,,,,Junior,
Nathan Sullivan,sullivannathan,2019,Wide Receiver; Cornerback,"6'1""",210,Junior,11
Michael Surles,surlesmichael,2019,Wide Receiver; Cornerback,"5'8""",150,Senior,88
Jacory Swader,swaderjacory,2019,Defensive Lineman,"6'2""",252,Sophomore,
Ricky Thesing,thesingricky,2019,Wide Receiver; Free Safety,"5'10""",182,Junior,80
Earl Thompson,thompsonearl,2019,,,,Junior,
Neycer Vasquez,vasquezneycer,2019,Center,"5'11""",280,Junior,
Tyler Vines,vinestyler,2019,Defensive Lineman,"5'8""",206,Senior,
Chris Washington,washingtonchris,2019,Defensive Tackle; Guard,,,Senior,64
Patrick Wells-Ouellette,wellsouellettepatrick,2019,Kicker; Punter,,,Sophomore,
Jordan Williams,williamsjordan,2019,Wide Receiver; Defensive Back,"6'2""",195,Senior,
Zachary Willis,williszachary,2019,,6',240,Senior,44
Peyton Woodson,woodsonpeyton,2019,Strong Safety; Running Back,"5'11""",180,Junior,23
Joel Wright,wrightjoel,2019,Middle Linebacker; Tight End,"5'11""",,Junior,43
Gericho Yarbrough,yarbroughgericho,2019,Running Back; Middle Linebacker,"5'7""",190,Sophomore,4
Jay Young,youngjay,2019,Running Back; Middle Linebacker,"5'10""",1,Sophomore,37
Alijah Alleyne,alleynealijah,2020,Wide Receiver; Strong Safety,,,Junior,
Benjamin Andrew,andrewbenjamin,2020,,,,Senior,
Skilayr Atkinson,atkinsonskilayr,2020,Strong Safety; Wide Receiver,"6'4""",195,Sophomore,14
Jack Baumgartner,baumgartnerjack,2020,Slotback; Punter,"5'9""",170,Sophomore,1
Nick Belako,belakonick,2020,Tight End; Defensive End,"6'6""",207,Junior,
Camdyn Belman,belmancamdyn,2020,Slotback; Outside Linebacker,6',210,Freshman,9
Lance Bender,benderlance,2020,Wide Receiver; Strong Safety,"6'3""",189,Junior,15
Eamon Black,blackeamon,2020,Strong Safety; Slotback,"5'10""",164,Senior,34
Devin Bonner,bonnerdevin,2020,Running Back,,,Senior,
Austin Brown,brownaustin,2020,Wide Receiver; Punter,"6'2""",185,Junior,1
Bryan Brown,brownbryan,2020,Defensive End,"6'1""",205,Senior,90
Blake Childress,childressblake,2020,Punter; Kicker,6',179,Junior,69
Ryan Chon,chonryan,2020,,,,Senior,
Brice Collins,collinsbrice,2020,Quarterback; Strong Safety,"5'9""",155,Junior,39
Logan Cooper,cooperlogan,2020,Wide Receiver; Outside Linebacker,"6'2""",160,Freshman,
Dillon Crane,cranedillon,2020,,,,Freshman,
Noah Culver,culvernoah,2020,Center; Defensive Tackle,"5'9""",225,Senior,60
Grant Cureton,curetongrant,2020,Wide Receiver; Cornerback,"5'9""",165,Junior,12
Mason Dahnert,dahnertmason,2020,Slotback; Strong Safety,"5'10""",170,Freshman,3
Darien Davis,davisdarien,2020,,,,Sophomore,
Nathan Davis,davisnathan,2020,,,,Junior,
Thomas Donaldson,donaldsonthomas,2020,Tackle; Defensive End,"6'2""",240,Sophomore,58
Noah Dorazio,dorazionoah,2020,Tight End; Defensive End,"6'1""",190,Freshman,14
Colten Dunmire,dunmirecolten,2020,Free Safety; Quarterback,"5'10""",155,Senior,4
Jordan Edwards,edwardsjordan,2020,Guard; Defensive Tackle,,,Junior,68
Kiori Edwards,edwardskiori,2020,Running Back; Slotback,"5'6""",160,Senior,13
Daman Farwell,farwelldaman,2020,Middle Linebacker; Defensive End,"6'1""",230,Sophomore,
Tyler Francis,francistyler,2020,Guard; Defensive Tackle,"6'3""",380,Freshman,66
Kevin Gaitan-Cruz,gaitancruzkevin,2020,Nose Guard; Guard,"5'6""",,Freshman,
Brandon Garnett,garnettbrandon,2020,Defensive End; Guard,"5'10""",175,Senior,77
Tyler Gladden,gladdentyler,2020,Free Safety; Wide Receiver,"5'11""",181,Sophomore,9
Ryan Glascock,glascockryan,2020,Guard; Defensive Tackle,"6'1""",235,Junior,74
Brian Glenn,glennbrian,2020,Cornerback; Wide Receiver,6',165,Junior,7
Anthony Gonzalez,gonzalezanthony,2020,Guard; Center,,,Sophomore,
Cody Goodman,goodmancody,2020,Defensive End; Tackle,,,Senior,62
Tre Gorham,gorhamtre,2020,,,,Freshman,
Dawson Grant,grantdawson,2020,Middle Linebacker; Tight End,,,Sophomore,
Zack Grice,gricezack,2020,Tackle; Defensive Tackle,"5'10""",200,Junior,60
Ryan Griffin,griffinryan,2020,Running Back; Strong Safety,"6'1""",205,Freshman,
Chris Hall,hallchris,2020,Middle Linebacker; Tight End,,,Sophomore,
Tyler Harris,harristyler,2020,Nose Guard; Guard,,,Sophomore,
TJ Henderson,hendersontj,2020,Wide Receiver; Cornerback,"5'11""",165,Junior,6
Jaysen Hernandez-Ramirez,hernandezramirezjaysen,2020,Guard; Defensive End,,,Freshman,65
Johnny Hinz,hinzjohnny,2020,Wide Receiver; Free Safety,"6'2""",185,Freshman,13
Tyler Hirata,hiratatyler,2020,,,,Senior,
James Jeffers,jeffersjames,2020,Tackle; Defensive End,"5'10""",185,Junior,50
Justin Jenkins,jenkinsjustin,2020,Tackle; Defensive Tackle,"6'2""",255,Junior,65
Caden Johnson,johnsoncaden,2020,Guard; Center,,,Freshman,
Chase Johnson,johnsonchase,2020,Middle Linebacker; Tight End,,,Freshman,
Dylan King,kingdylan,2020,Wide Receiver; Cornerback,"5'8""",155,Junior,27
Tristan Knopov,knopovtristan,2020,Wide Receiver,,,Freshman,
Andrew Koetter,koetterandrew,2020,Wide Receiver; Free Safety,"5'10""",155,Junior,3
Alex LaPonte,lapontealex,2020,,,,Junior,
Elyjah Lewis,lewiselyjah,2020,Running Back; Cornerback,"5'8""",160,Senior,18
Devar Lopez,lopezdevar,2020,Wide Receiver; Cornerback,"5'8""",125,Sophomore,
Kent Lundquist,lundquistkent,2020,Guard,"6'3""",260,Senior,61
Avante Martin,martinavante,2020,Tight End; Middle Linebacker,,,Junior,
Aidan McConnell,mcconnellaidan,2020,Quarterback,"6'1""",185,Sophomore,2
David McCutcheon,mccutcheondavid,2020,Defensive End; Tackle,"5'11""",200,Sophomore,50
Dawson McKoy,mckoydawson,2020,Free Safety; Strong Safety,"5'11""",195,Senior,8
Austin Meisner,meisneraustin,2020,Strong Safety; Slotback,"6'1""",180,Freshman,8
Cristian Melendez,melendezcristian,2020,Tackle; Defensive Tackle,"5'10""",198,Senior,75
Ryan Metz,metzryan,2020,Strong Safety; Fullback,"5'10""",155,Junior,20
Derrick Moore,moorederrick,2020,,,,Junior,
Amari Moorer,mooreramari,2020,Wide Receiver; Strong Safety,"6'5""",200,Junior,
Zach Moore,moorezach,2020,Slotback; Fullback,6',200,Freshman,16
Jermaine Morris,morrisjermaine,2020,,,,Senior,
Jamison Noil,noiljamison,2020,Wide Receiver; Cornerback,"6'3""",165,Sophomore,3
Tim Oravec,oravectim,2020,Tight End; Tackle,,,Junior,70
Jhirmane Parks,parksjhirmane,2020,,,,Freshman,
Giovanni Parrish,parrishgiovanni,2020,Tackle; Defensive End,"6'2""",200,Senior,54
Michael Perry,perrymichael,2020,Tackle; Defensive Tackle,"6'4""",302,Senior,
Cash Phelix,phelixcash,2020,Tackle; Defensive Tackle,"6'6""",270,Freshman,75
Lawson Phillips,phillipslawson,2020,Tackle; Defensive End,,,Sophomore,
Joseph Pittman,pittmanjoseph,2020,Slotback; Punter,"5'11""",145,Freshman,11
Tyler Pomeroy,pomeroytyler,2020,,,,Senior,
Lane Ratcliff,ratclifflane,2020,Tackle; Guard,,,Freshman,
Cristian Reyna,reynacristian,2020,Wide Receiver; Cornerback,,,Senior,
Ethan Roques,roquesethan,2020,Middle Linebacker; Tight End,"6'1""",205,Senior,11
Yoskar Rosales,rosalesyoskar,2020,Wide Receiver; Cornerback,6',175,Senior,12
Devontae Sanders,sandersdevontae,2020,Wide Receiver; Strong Safety,"6'4""",175,Junior,17
Jashaun Sayles,saylesjashaun,2020,,,,Senior,
Edwin Searcy,searcyedwin,2020,Running Back; Strong Safety,"5'8""",160,Freshman,
Dean Smith,smithdean,2020,Wide Receiver; Cornerback,"5'8""",140,Sophomore,
Ian Smith,smithian,2020,Defensive End; Tackle,6',220,Freshman,56
Jacob Soucie,souciejacob,2020,Guard; Tackle,,,Sophomore,
Joseph Strout,stroutjoseph,2020,,,,Senior,
Nathan Sullivan,sullivannathan,2020,Wide Receiver; Cornerback,"6'1""",210,Senior,11
Jacory Swader,swaderjacory,2020,Defensive Tackle; Tackle,"6'3""",282,Junior,80
Ricky Thesing,thesingricky,2020,Wide Receiver; Free Safety,"5'10""",182,Senior,80
Earl Thompson,thompsonearl,2020,,,,Senior,
Alex Valasek,valasekalex,2020,Tackle; Defensive Tackle,"6'2""",246,Freshman,77
Neycer Vasquez,vasquezneycer,2020,Center,6',285,Senior,51
Marcus Walker,walkermarcus,2020,Tight End; Strong Safety,,,Sophomore,
Patrick Wells-Ouellette,wellsouellettepatrick,2020,Kicker; Punter,,,Junior,
Sean Williams,williamssean,2020,Outside Linebacker; Running Back,"5'11""",180,Freshman,10
Peyton Woodson,woodsonpeyton,2020,Strong Safety; Running Back,"5'11""",180,Senior,23
Gavin Wright,wrightgavin,2020,Quarterback; Cornerback,6',170,Freshman,5
Joel Wright,wrightjoel,2020,Middle Linebacker; Tight End,"5'11""",,Senior,43
Gericho Yarbrough,yarbroughgericho,2020,Running Back; Middle Linebacker,"5'7""",190,Junior,4
Jay Young,youngjay,2020,Running Back; Middle Linebacker,"5'10""",,Junior,37
Alijah Alleyne,alleynealijah,2021,Wide Receiver; Strong Safety,,,Senior,
Skilayr Atkinson,atkinsonskilayr,2021,Defensive Back,"6'3""",180,Junior,
Jack Baumgartner,baumgartnerjack,2021,Defensive Back,"5'9""",165,Junior,
Nick Belako,belakonick,2021,Tight End; Defensive End,"6'6""",207,Senior,
Camdyn Belman,belmancamdyn,2021,Slotback; Outside Linebacker,6',210,Sophomore,
Lance Bender,benderlance,2021,Wide Receiver; Strong Safety,"6'3""",189,Senior,15
Aiden Blagg,blaggaiden,2021,,,,Sophomore,
Austin Brown,brownaustin,2021,Wide Receiver; Punter,"6'1""",185,Senior,1
Jahiem Bunns,bunnsjahiem,2021,Defensive End; Fullback,6',230,Freshman,
Thomas Cherian,cherianthomas,2021,,,,Sophomore,
Blake Childress,childressblake,2021,Kicker,6',186,Senior,69
Brice Collins,collinsbrice,2021,Quarterback; Strong Safety,"5'9""",155,Senior,39
Logan Cooper,cooperlogan,2021,Wide Receiver; Outside Linebacker,"6'2""",160,Sophomore,
Brayden Cox,coxbrayden,2021,Long Snapper,"5'8""",155,Freshman,
Micah Cox,coxmicah,2021,Guard; Defensive End,,,Sophomore,
Dillon Crane,cranedillon,2021,,,,Sophomore,
Michael Creamer,creamermichael,2021,Running Back; Outside Linebacker,6',210,Freshman,
Grant Cureton,curetongrant,2021,Defensive Back,"5'9""",165,Senior,12
Mason Dahnert,dahnertmason,2021,Slotback; Strong Safety,"5'10""",170,Sophomore,
Darien Davis,davisdarien,2021,,,,Junior,
Devaughn Davis,davisdevaughn,2021,,,,Sophomore,
Nathan Davis,davisnathan,2021,,,,Senior,
Zach Decker,deckerzach,2021,,,145,Freshman,
John Dodson,dodsonjohn,2021,,,,Sophomore,
Thomas Donaldson,donaldsonthomas,2021,Defensive Lineman,"6'2""",247,Junior,
Noah Dorazio,dorazionoah,2021,Tight End; Defensive End,"6'1""",190,Sophomore,
Jordan Edwards,edwardsjordan,2021,Guard; Defensive Tackle,,,Senior,68
Edward Escamilla,escamillaedward,2021,Guard; Nose Guard,,,Freshman,
Daman Farwell,farwelldaman,2021,Middle Linebacker; Defensive End,"6'1""",230,Junior,
Demeir Flowers Moore,flowersmooredemeir,2021,,"5'6""",147,Freshman,
Tyler Francis,francistyler,2021,Offensive Guard,"6'2""",321,Sophomore,
Mekhi Frye-McNeill,fryemcneillmekhi,2021,Cornerback; Wide Receiver,"6'1""",180,Junior,
Kevin Gaitan-Cruz,gaitancruzkevin,2021,Nose Guard; Guard,"5'6""",,Sophomore,
Tabyas Gerace,geracetabyas,2021,Slotback; Outside Linebacker,,,Freshman,
Tyler Gladden,gladdentyler,2021,Defensive Back,"5'9""",160,Junior,
Ryan Glascock,glascockryan,2021,Guard; Defensive Tackle,"6'1""",235,Senior,74
Brian Glenn,glennbrian,2021,Wide Receiver; Defensive Back,"6'2""",165,Senior,7
Anthony Gonzalez,gonzalezanthony,2021,Guard; Center,,,Junior,
Tre Gorham,gorhamtre,2021,,,,Sophomore,
Dawson Grant,grantdawson,2021,Middle Linebacker; Tight End,,,Junior,
Mike Green,greenmike,2021,Defensive End; Defensive Tackle,"6'1""",210,Junior,
Zack Grice,gricezack,2021,Tackle; Defensive Tackle,"5'10""",200,Senior,60
Ryan Griffin,griffinryan,2021,Running Back; Strong Safety,"6'1""",205,Sophomore,
Chris Hall,hallchris,2021,Middle Linebacker; Tight End,,,Junior,
Jeff Hall,halljeff,2021,,,,Freshman,
Tyler Harris,harristyler,2021,Nose Guard; Guard,,,Junior,
Zavion Harris,harriszavion,2021,Guard; Defensive Tackle,"6'2""",270,Freshman,
TJ Henderson,hendersontj,2021,Wide Receiver; Cornerback,"5'11""",165,Senior,6
Jaysen Hernandez-Ramirez,hernandezramirezjaysen,2021,Guard; Defensive End,,,Sophomore,
Johnny Hinz,hinzjohnny,2021,Wide Receiver; Free Safety,"6'2""",185,Sophomore,
James Jeffers,jeffersjames,2021,Defensive Lineman,"5'9""",185,Senior,
Justin Jenkins,jenkinsjustin,2021,Center; Defensive Lineman,"6'2""",247,Senior,65
Caden Johnson,johnsoncaden,2021,Guard; Center,,,Sophomore,
Chase Johnson,johnsonchase,2021,Linebacker,6',192,Sophomore,
Zach Johnson,johnsonzach,2021,Wide Receiver; Cornerback,"6'4""",205,Freshman,
Dylan King,kingdylan,2021,Wide Receiver; Cornerback,"5'8""",155,Senior,27
Tristan Knopov,knopovtristan,2021,Wide Receiver,,,Sophomore,
Andrew Koetter,koetterandrew,2021,Wide Receiver,"5'10""",145,Senior,3
Alex LaPonte,lapontealex,2021,,,,Senior,
Matthew Lee,leematthew,2021,Wide Receiver; Outside Linebacker,"5'10""",150,Freshman,
Devar Lopez,lopezdevar,2021,Wide Receiver; Cornerback,"5'8""",125,Junior,
Avante Martin,martinavante,2021,Tight End; Middle Linebacker,,,Senior,
Dominic McCaulley,mccaulleydominic,2021,,,,Freshman,
Aidan McConnell,mcconnellaidan,2021,Quarterback,6',170,Junior,18
David McCutcheon,mccutcheondavid,2021,Defensive End; Tackle,"5'11""",200,Junior,
Austin Meisner,meisneraustin,2021,Tight End; Linebacker,6',175,Sophomore,
Ryan Metz,metzryan,2021,Strong Safety; Fullback,"5'10""",155,Senior,20
De'Andre Monroe,monroedeandre,2021,Slotback; Free Safety,"5'9""",200,Freshman,
Derrick Moore,moorederrick,2021,,,,Senior,
Amari Moorer,mooreramari,2021,Wide Receiver; Strong Safety,"6'5""",200,Senior,
Zach Moore,moorezach,2021,Slotback; Fullback,6',200,Sophomore,
Tim Oravec,oravectim,2021,Offensive Tackle,"6'4""",215,Senior,
Dawson Palermo,palermodawson,2021,,"5'8""",158,Senior,
Jhirmane Parks,parksjhirmane,2021,,,,Sophomore,
Isaiah Perez,perezisaiah,2021,,,,Freshman,
Cash Phelix,phelixcash,2021,Offensive Tackle,"6'6""",330,Sophomore,
Lawson Phillips,phillipslawson,2021,Tackle; Defensive End,,,Junior,
Joseph Pittman,pittmanjoseph,2021,Slotback; Punter,"5'11""",145,Sophomore,
Lane Ratcliff,ratclifflane,2021,Tackle; Guard,,,Sophomore,
Jayden Rivera,riverajayden,2021,Fullback; Defensive Tackle,"5'8""",200,Freshman,
Devontae Sanders,sandersdevontae,2021,Wide Receiver; Strong Safety,"6'4""",175,Senior,17
Luke Schneider,schneiderluke,2021,,,,Freshman,
RJ Schoolfield,schoolfieldrj,2021,Quarterback; Cornerback,"6'4""",180,Freshman,
Edwin Searcy,searcyedwin,2021,Running Back,"5'8""",160,Sophomore,
Dean Smith,smithdean,2021,Wide Receiver; Cornerback,"5'8""",140,Junior,
Dominic Smith,smithdominic,2021,Tight End; Middle Linebacker,"6'2""",200,Freshman,
Gabrian Smith,smithgabrian,2021,Tackle; Defensive End,6',218,Freshman,
Ian Smith,smithian,2021,Defensive Lineman,6',185,Sophomore,
Lamar Smith,smithlamar,2021,Wide Receiver; Cornerback,"5'11""",155,Freshman,
Jacob Soucie,souciejacob,2021,Guard; Tackle,,,Junior,
Andrew Stalteri,stalteriandrew,2021,Kicker,6',150,Freshman,
Nathaniel Sully,sullynathaniel,2021,,,,Senior,
Zorian Sutton,suttonzorian,2021,Cornerback; Wide Receiver,"6'2""",170,Freshman,
Jacory Swader,swaderjacory,2021,Defensive Tackle; Tackle,"6'3""",282,Senior,80
Alex Valasek,valasekalex,2021,Offensive Guard,6',230,Sophomore,
Kobe Walker,walkerkobe,2021,,,,Junior,
Marcus Walker,walkermarcus,2021,Tight End; Strong Safety,,,Junior,
Patrick Wells-Ouellette,wellsouellettepatrick,2021,Kicker; Punter,,,Senior,
Sean Williams,williamssean,2021,Outside Linebacker; Running Back,"5'11""",180,Sophomore,
Gavin Wright,wrightgavin,2021,Quarterback; Cornerback,6',170,Sophomore,
Gericho Yarbrough,yarbroughgericho,2021,Running Back; Linebacker,"5'7""",190,Senior,4
Jay Young,youngjay,2021,Running Back; Middle Linebacker,"5'10""",,Senior,37
Darius Abbott,abbottdarius,2022,,,,,
Donovan Amoah,amoahdonovan,2022,Slotback; Cornerback,"5'4""",122,Freshman,22
James Anderson,andersonjames,2022,,,,Sophomore,
Skilayr Atkinson,atkinsonskilayr,2022,Strong Safety; Wide Receiver,"6'4""",195,Senior,14
Mustafa Baryal,baryalmustafa,2022,,,,Sophomore,
Jack Baumgartner,baumgartnerjack,2022,Slotback; Punter,"5'9""",180,Senior,1
Camdyn Belman,belmancamdyn,2022,Safety,"5'11""",180,Junior,
Marquis Bernard,bernardmarquis,2022,,,,Junior,
Joshua Berry,berryjoshua,2022,Wide Receiver; Cornerback,,,Sophomore,
Hagan Blackburn,blackburnhagan,2022,,,,Freshman,
Aiden Blagg,blaggaiden,2022,,,,Junior,
Michael Blakemore,blakemoremichael,2022,Guard; Nose Guard,6',250,Junior,
James Boateng,boatengjames,2022,Running Back; Outside Linebacker,"5'11""",170,Sophomore,
Julian Brown,brownjulian,2022,,"5'11""",195,Sophomore,
Jahiem Bunns,bunnsjahiem,2022,Defensive End; Fullback,6',230,Sophomore,53
Will Bunns,bunnswill,2022,Defensive End,"5'7""",208,Freshman,55
William Butler,butlerwilliam,2022,,,,,
Xayvion Byrd,byrdxayvion,2022,,,,Freshman,
Corrion Carson,carsoncorrion,2022,,,,Junior,
Kaleb Carter,carterkaleb,2022,Running Back; Outside Linebacker,,,Senior,35
Adrian Cervantes,cervantesadrian,2022,,,,Freshman,
Amir Chamany,chamanyamir,2022,Wide Receiver; Cornerback,,,Junior,
Jaden Chambers,chambersjaden,2022,,,,Freshman,
Thomas Cherian,cherianthomas,2022,,,,Junior,
Duane Coats,coatsduane,2022,Running Back; Outside Linebacker,,,Sophomore,
Desean Cole,coledesean,2022,,,,Sophomore,
Logan Cooper,cooperlogan,2022,Outside Linebacker,"6'1""",170,Junior,
Garrett Covert,covertgarrett,2022,,,,Freshman,
Brayden Cox,coxbrayden,2022,Long Snapper,"5'8""",155,Sophomore,89
Micah Cox,coxmicah,2022,Guard; Defensive End,,,Junior,
Dillon Crane,cranedillon,2022,,,,Junior,
Malachi Creamer,creamermalachi,2022,Running Back; Strong Safety,"5'10""",190,Freshman,11
Michael Creamer,creamermichael,2022,Running Back; Strong Safety,6',180,Sophomore,7
Brennen Crowell,crowellbrennen,2022,Wide Receiver; Free Safety,"5'10""",127,Sophomore,
Mason Dahnert,dahnertmason,2022,Slotback; Strong Safety,"5'10""",165,Junior,
Mitchell Dahnert,dahnertmitchell,2022,,,,Freshman,
Darien Davis,davisdarien,2022,,,,Senior,
Devaughn Davis,davisdevaughn,2022,,,,Junior,
Zach Decker,deckerzach,2022,,,145,Sophomore,
Jayden Diaz,diazjayden,2022,,"5'4""",146,Freshman,
John Dodson,dodsonjohn,2022,,,,Junior,
Thomas Donaldson,donaldsonthomas,2022,Offensive Tackle; Defensive End,"6'2""",230,Senior,58
Noah Dorazio,dorazionoah,2022,Tight End; Defensive End,"6'1""",190,Junior,
Edward Escamilla,escamillaedward,2022,Guard; Nose Guard,,,Sophomore,
William Etu,etuwilliam,2022,,"5'4""",116,Freshman,
Daman Farwell,farwelldaman,2022,Middle Linebacker; Defensive End,"6'1""",230,Senior,
James Fells,fellsjames,2022,,,,Freshman,
Demeir Flowers Moore,flowersmooredemeir,2022,,"5'6""",147,Sophomore,
Tyler Francis,francistyler,2022,Guard; Defensive Tackle,"6'3""",380,Junior,
Mekhi Frye-McNeill,fryemcneillmekhi,2022,Cornerback; Wide Receiver,6',185,Senior,6
Kevin Gaitan-Cruz,gaitancruzkevin,2022,Nose Guard; Guard,"5'6""",,Junior,
Enrique Gamez,gamezenrique,2022,,,,Sophomore,
Jesse Gatto,gattojesse,2022,Tackle; Outside Linebacker,"5'6""",147,Freshman,
Tabyas Gerace,geracetabyas,2022,Slotback; Outside Linebacker,,,Sophomore,19
Anthony Gonzalez,gonzalezanthony,2022,Guard; Center,,,Senior,
Jeremias Gonzalez Flores,gonzalezfloresjeremias,2022,,,,Sophomore,
Tre Gorham,gorhamtre,2022,,,,Junior,
Brayzhon Graham,grahambrayzhon,2022,,"6'1""",170,Junior,
Jermeryis Graham,grahamjermeryis,2022,,,"5'8""",Senior,
Dawson Grant,grantdawson,2022,Middle Linebacker; Tight End,,,Senior,
Zion Gray,grayzion,2022,Slotback; Free Safety,"5'9""",160,Sophomore,2
Tyreece Greenfield,greenfieldtyreece,2022,,,,Senior,
Mike Green,greenmike,2022,Defensive End,6',210,Senior,70
Ryan Griffin,griffinryan,2022,Running Back; Strong Safety,"6'1""",205,Junior,
Chris Hall,hallchris,2022,Middle Linebacker; Tight End,,,Senior,
Jeff Hall,halljeff,2022,,,,Sophomore,
Tyler Harris,harristyler,2022,Nose Guard; Guard,,,Senior,
Zavion Harris,harriszavion,2022,Offensive Guard; Defensive Tackle,"5'11""",225,Sophomore,68
Wade Harvey,harveywade,2022,,,,Sophomore,
Walker Haymes,haymeswalker,2022,,"5'10""",140,Freshman,
Elijah Hernandez,hernandezelijah,2022,Nose Guard; Tackle,,,Sophomore,88
Jaysen Hernandez-Ramirez,hernandezramirezjaysen,2022,Guard; Defensive End,,,Junior,
Xavier Hernandez,hernandezxavier,2022,Middle Linebacker; Tackle,"6'1""",215,Freshman,
Johnny Hinz,hinzjohnny,2022,Wide Receiver; Free Safety,"6'2""",185,Junior,
Clark Hughes,hughesclark,2022,,,,Freshman,
Marc James,jamesmarc,2022,Wide Receiver; Strong Safety,6',180,Freshman,33
Caden Johnson,johnsoncaden,2022,Guard; Center,,,Junior,
Chase Johnson,johnsonchase,2022,Middle Linebacker; Tight End,,,Junior,
Zach Johnson,johnsonzach,2022,Cornerback; Wide Receiver,"6'2""",196,Sophomore,9
Elijah Jones,joneselijah,2022,Cornerback; Slotback,"5'7""",135,Freshman,20
Mike Jones,jonesmike,2022,Wide Receiver; Cornerback,"6'4""",,Junior,
TaySean Jones,jonestaysean,2022,Tight End,"6'1""",180,Freshman,
Isaiah Joseph,josephisaiah,2022,,,,Freshman,
Connor Kallis,kallisconnor,2022,,,,Sophomore,
Alex Kane,kanealex,2022,,"5'10""",160,Freshman,49
Tristan Knopov,knopovtristan,2022,Wide Receiver,,,Junior,
James Kyranos,kyranosjames,2022,,,,Freshman,
Matthew Lee,leematthew,2022,Strong Safety; Wide Receiver,"5'10""",150,Sophomore,32
Clayton Lemke,lemkeclayton,2022,Quarterback; Kicker; Punter,,,Freshman,18
Russell Lennon,lennonrussell,2022,Wide Receiver; Free Safety,"5'11""",160,Sophomore,4
Nate Leslie,leslienate,2022,Slotback; Cornerback,"5'10""",160,Freshman,6
Mason Lisicki,lisickimason,2022,Outside Linebacker; Cornerback,6',180,Freshman,
Devar Lopez,lopezdevar,2022,Wide Receiver; Cornerback,"5'8""",125,Senior,
Trenton Lyles,lylestrenton,2022,,,,Sophomore,
Brady Malloy,malloybrady,2022,,,,Freshman,
Mason Malloy,malloymason,2022,Slotback; Strong Safety,"5'9""",160,Junior,
Dajon Marshall,marshalldajon,2022,Wide Receiver; Strong Safety,"6'1""",150,Freshman,
Corii Massey,masseycorii,2022,,,,Senior,
Caleb McClarin,mcclarincaleb,2022,,,,Junior,
Aidan McConnell,mcconnellaidan,2022,Quarterback,"6'1""",190,Senior,2
David McCutcheon,mccutcheondavid,2022,Defensive End; Tackle,"5'11""",200,Senior,50
Isaiah Mcrae,mcraeisaiah,2022,Defensive End,,,Freshman,
Austin Meisner,meisneraustin,2022,Strong Safety; Slotback,"6'1""",180,Junior,8
Alexander Mendez,mendezalexander,2022,,,,Sophomore,
Bryant Miller,millerbryant,2022,,,,Freshman,
Peter Miller,millerpeter,2022,,,,Freshman,
De'Andre Monroe,monroedeandre,2022,Slotback; Free Safety,"5'9""",200,Sophomore,
Zach Moore,moorezach,2022,Middle Linebacker,6',180,Junior,
KJ Morton,mortonkj,2022,Wide Receiver; Cornerback,"5'10""",165,Freshman,5
Caleb Nelson,nelsoncaleb,2022,,,,Sophomore,
Darriyus Nelson,nelsondarriyus,2022,Fullback; Outside Linebacker,,,Freshman,
Collin Newton,newtoncollin,2022,,"5'11""",140,Sophomore,
Jamison Noil,noiljamison,2022,Wide Receiver; Cornerback,"6'3""",165,Senior,3
Hezekiah Ortiz,ortizhezekiah,2022,,,,Junior,
Isaac Ortiz,ortizisaiah,2022,Slotback; Outside Linebacker,"5'10""",175,Freshman,
Kamron Panyard,panyardkamron,2022,Guard; Nose Guard,"5'9""",245,Sophomore,56
Jhirmane Parks,parksjhirmane,2022,,,,Junior,
Isaiah Perez,perezisaiah,2022,,,,Sophomore,
Rashaun Petty,pettyrashaun,2022,Guard; Nose Guard,,,Junior,
Cash Phelix,phelixcash,2022,Offensive Tackle; Defensive Tackle,"6'6""",240,Junior,
Lawson Phillips,phillipslawson,2022,Tackle; Defensive End,,,Senior,
Xavier Pinckney,pinckneyxavier,2022,Nose Guard; Defensive Tackle,,,Sophomore,
Joseph Pittman,pittmanjoseph,2022,Slotback; Punter,"5'11""",145,Junior,
Jacob Pitts,pittsjacob,2022,,,,Freshman,
Peyton Powell,powellpeyton,2022,Wide Receiver; Strong Safety,,,Freshman,
Tyler Pulliam,pulliamtyler,2022,Tackle; Defensive Tackle,"6'4""",245,Freshman,79
Lane Ratcliff,ratclifflane,2022,Tackle; Guard,,,Junior,
Gavin Richardson,richardsongavin,2022,,,,Sophomore,
Jayden Rivera,riverajayden,2022,Guard; Defensive End,"5'8""",180,Sophomore,51
Hendrix Roberson,robersonhendrix,2022,Wide Receiver; Cornerback,,,Sophomore,
Caleb Ross,rosscaleb,2022,,,,Junior,
Travis Ross,rosstravis,2022,Tackle; Defensive End,6',215,Sophomore,77
Hunter Sanders,sandershunter,2022,,,,Freshman,
Luke Schneider,schneiderluke,2022,,,,Sophomore,
RJ Schoolfield,schoolfieldrj,2022,Quarterback; Cornerback,"6'4""",173,Sophomore,17
Antonio Seals,sealsantonio,2022,Defensive Tackle; Guard,"5'10""",240,Sophomore,53
Edwin Searcy,searcyedwin,2022,Running Back; Strong Safety,"5'8""",160,Junior,
Davon Shelton,sheltondavon,2022,Wide Receiver; Free Safety,"5'9""",150,Freshman,
Dillon Shelton,sheltondillon,2022,,,,Sophomore,
Hunter Simpson,simpsonhunter,2022,,,,Freshman,
Dean Smith,smithdean,2022,Wide Receiver; Cornerback,"5'8""",140,Senior,
Dominic Smith,smithdominic,2022,Quarterback; Defensive End,"6'1""",200,Sophomore,1
Gabrian Smith,smithgabrian,2022,Tackle; Defensive End,6',218,Sophomore,
Henry Smith,smithhenry,2022,Center; Nose Guard,"6'4""",300,Junior,
Ian Smith,smithian,2022,Defensive End; Tackle,"6'1""",235,Junior,
Lamar Smith,smithlamar,2022,Wide Receiver; Cornerback,"5'11""",155,Sophomore,7
Braeden Snavely,snavelybraeden,2022,Nose Guard,"6'2""",235,Freshman,
Jacob Soucie,souciejacob,2022,Guard; Tackle,,,Senior,
Andrew Stalteri,stalteriandrew,2022,Kicker,"5'9""",160,Sophomore,35
Dimas Stapleton,stapletondimas,2022,Cornerback; Slotback,,,Junior,
Justin Stewart,stewartjustin,2022,Outside Linebacker; Fullback,"5'8""",198,Freshman,
Caiden Story,storycaiden,2022,,,,Freshman,
Michael Sullivan,sullivanmichael,2022,Wide Receiver; Cornerback,"5'11""",155,Freshman,
Zorian Sutton,suttonzorian,2022,Cornerback; Wide Receiver,"6'2""",170,Sophomore,
Kenneth Thornton,thorntonkenneth,2022,,,,Sophomore,
Christopher Tierney,tierneychristopher,2022,Center; Defensive End,,,Freshman,60
Alex Valasek,valasekalex,2022,Offensive Guard; Defensive Tackle,"6'2""",250,Junior,
Kobe Walker,walkerkobe,2022,,,,Senior,
Marcus Walker,walkermarcus,2022,Tight End; Strong Safety,,,Senior,
Killian Weatherholtz,weatherholtzkillian,2022,Quarterback; Wide Receiver,,,Freshman,
Tre Wheaton,wheatontre,2022,Running Back; Outside Linebacker,"5'9""",180,Junior,
Jayden White-Hardy,whitehardyjayden,2022,Running Back; Defensive End,"5'11""",206,Freshman,13
Alex Williams,williamsalex,2022,,,,Senior,
Sean Williams,williamssean,2022,Outside Linebacker; Running Back,"5'11""",170,Junior,
Victor Willingham,willinghamvictor,2022,Guard; Defensive End,,,Junior,
Gavin Wright,wrightgavin,2022,Quarterback; Cornerback,"5'11""",165,Junior,
Aaden Agyeman,agyemanaaden,2023,Running Back; Defensive Tackle,,,Freshman,
Donovan Amoah,amoahdonovan,2023,Slotback; Cornerback,"5'4""",122,Sophomore,21
James Anderson,andersonjames,2023,,,,Junior,
Nathan Apicella,apicellanathan,2023,,,,Freshman,
Aiden Asenso,asensoaiden,2023,Outside Linebacker,"5'7""",167,Sophomore,30
Benjamin Athenry,athenrybenjamin,2023,,,,Freshman,
Alex Baker,bakeralex,2023,Guard; Defensive End,"5'10""",180,Junior,68
Mason Banks,banksmason,2023,,,,Freshman,
Reece Banks,banksreece2,2023,Guard; Defensive Tackle,"5'11""",280,Freshman,66
Mustafa Baryal,baryalmustafa,2023,,,,Junior,
Miller Beavers,beaversmiller,2023,,,,Freshman,
Camdyn Belman,belmancamdyn,2023,Slotback; Outside Linebacker,6',210,Senior,9
Johnathan Benz,benzjohnathan,2023,Defensive End; Middle Linebacker,"5'9""",160,Freshman,
Marquis Bernard,bernardmarquis,2023,,,,Senior,
Joshua Berry,berryjoshua,2023,Wide Receiver; Cornerback,,,Junior,
Hagan Blackburn,blackburnhagan,2023,,,,Sophomore,
Aiden Blagg,blaggaiden,2023,,,,Senior,
Michael Blakemore,blakemoremichael,2023,Guard; Nose Guard,6',250,Senior,68
James Boateng,boatengjames,2023,Running Back; Outside Linebacker,"5'11""",170,Junior,
Kaelyn Booth,boothkaelyn,2023,,,,Junior,
Ryan Brecht,brechtryan,2023,,,,Freshman,
Gavin Brown,browngavin,2023,,,,Freshman,42
Julian Brown,brownjulian,2023,,"5'11""",195,Junior,
JJ Bryant,bryantjj,2023,,"5'7""",,Freshman,
Collin Buchanan,buchanancollin,2023,,"5'10""",276,Freshman,
Jahiem Bunns,bunnsjahiem,2023,Defensive End,6',210,Junior,53
Will Bunns,bunnswill,2023,Defensive End; Tackle,"5'7""",208,Sophomore,55
Xayvion Byrd,byrdxayvion,2023,,,,Sophomore,
Corrion Carson,carsoncorrion,2023,,,,Senior,
Jaivon Cato,catojaivon,2023,,,,Freshman,
Adrian Cervantes,cervantesadrian,2023,,,,Sophomore,
Amir Chamany,chamanyamir,2023,Wide Receiver; Cornerback,,,Senior,
Jaden Chambers,chambersjaden,2023,,,,Sophomore,
Thomas Cherian,cherianthomas,2023,,,,Senior,
Ethan Chon,chonethan,2023,Wide Receiver; Cornerback,"5'9""",170,Freshman,88
Duane Coats,coatsduane,2023,Strong Safety; Slotback,,,Junior,49
Jordan Coats,coatsjordan,2023,Wide Receiver; Cornerback,,,Freshman,
Desean Cole,coledesean,2023,,,,Junior,
Logan Cooper,cooperlogan,2023,Wide Receiver; Outside Linebacker,"6'2""",160,Senior,
Garrett Covert,covertgarrett,2023,,,,Sophomore,
Brayden Cox,coxbrayden,2023,Long Snapper,"5'8""",155,Junior,89
Micah Cox,coxmicah,2023,Guard; Defensive End,,,Senior,51
Dillon Crane,cranedillon,2023,,,,Senior,
Malachi Creamer,creamermalachi,2023,Running Back; Strong Safety,"5'10""",190,Sophomore,10
Michael Creamer,creamermichael,2023,Running Back,6',200,Junior,7
Ethan Crockett,crockettethan,2023,Tackle; Defensive Tackle,,,Freshman,75
Brennen Crowell,crowellbrennen,2023,Wide Receiver; Free Safety,"5'10""",127,Junior,
Mason Dahnert,dahnertmason,2023,Wide Receiver,"5'10""",175,Senior,
Mitchell Dahnert,dahnertmitchell,2023,,,,Sophomore,
Devaughn Davis,davisdevaughn,2023,,,,Senior,
Zach Decker,deckerzach,2023,,,145,Junior,
Makai Dewitt,dewittmakai,2023,Wide Receiver; Cornerback,,,Freshman,32
Jayden Diaz,diazjayden,2023,,"5'4""",146,Sophomore,
John Dodson,dodsonjohn,2023,,,,Senior,
Noah Dorazio,dorazionoah,2023,Tight End; Defensive End,"6'1""",190,Senior,14
Preston Dunstan,dunstanpreston,2023,,,,Freshman,
Tyreese Ellis,ellistyreese,2023,,6',,Freshman,84
Edward Escamilla,escamillaedward,2023,Guard; Nose Guard,,,Junior,
William Etu,etuwilliam,2023,,"5'4""",116,Sophomore,
James Fells,fellsjames,2023,,,,Sophomore,
Demeir Flowers Moore,flowersmooredemeir,2023,,"5'6""",147,Junior,
Tyler Francis,francistyler,2023,Guard; Defensive Tackle,"6'3""",380,Senior,66
Max Friday,fridaymax,2023,Cornerback,6',165,Freshman,22
Kevin Gaitan-Cruz,gaitancruzkevin,2023,Nose Guard; Guard,"5'6""",,Senior,
Enrique Gamez,gamezenrique,2023,,,,Junior,
Erick Garcia,garciaerick,2023,,,,Freshman,
Jesse Gatto,gattojesse,2023,Tackle; Outside Linebacker,"5'6""",147,Sophomore,
Tabyas Gerace,geracetabyas,2023,Slotback; Outside Linebacker; Fullback,,,Junior,19
Jeremias Gonzalez Flores,gonzalezfloresjeremias,2023,,,,Junior,
Tristen Goodwin,goodwintristen,2023,Slotback; Free Safety,,,Freshman,41
Tre Gorham,gorhamtre,2023,,,,Senior,
Brayzhon Graham,grahambrayzhon,2023,,"6'1""",170,Senior,
Stephen Grau,graustephen,2023,,,,Freshman,
Zion Gray,grayzion,2023,Wide Receiver; Cornerback,"5'9""",160,Junior,1
Ryan Griffin,griffinryan,2023,Running Back; Strong Safety,"6'1""",205,Senior,
Jeff Hall,halljeff,2023,,,,Junior,
Zavion Harris,harriszavion,2023,Offensive Guard,"6'1""",245,Junior,60
Wade Harvey,harveywade,2023,,,,Junior,
Walker Haymes,haymeswalker,2023,,"5'10""",140,Sophomore,
Elijah Hernandez,hernandezelijah,2023,Offensive Tackle,"6'5""",290,Junior,
Jaysen Hernandez-Ramirez,hernandezramirezjaysen,2023,Guard; Defensive End,,,Senior,65
Xavier Hernandez,hernandezxavier,2023,Linebacker,"6'1""",215,Sophomore,
Elijah Hill,hillelijah,2023,Running Back; Free Safety,"5'7""",145,Freshman,
Trevor Himes,himestrevor,2023,Defensive End; Defensive Tackle,,,Sophomore,
Johnny Hinz,hinzjohnny,2023,Wide Receiver,"6'1""",175,Senior,
Clark Hughes,hughesclark,2023,,,,Sophomore,
Marc James,jamesmarc,2023,Wide Receiver; Strong Safety,6',180,Sophomore,33
Caden Johnson,johnsoncaden,2023,Guard; Center,,,Senior,
Chase Johnson,johnsonchase,2023,Middle Linebacker; Tight End,,,Senior,
Christopher Johnson,johnsonchristopher,2023,,,,Senior,
Zach Johnson,johnsonzach,2023,Wide Receiver,"6'1""",185,Junior,
Elijah Jones,joneselijah,2023,Cornerback; Slotback,"5'7""",135,Sophomore,20
TaySean Jones,jonestaysean,2023,Slotback; Tight End; Fullback,"6'2""",185,Sophomore,88
Isaiah Joseph,josephisaiah,2023,,,,Sophomore,
Connor Kallis,kallisconnor,2023,,,,Junior,
Alex Kane,kanealex,2023,,"5'10""",160,Sophomore,39
Colby Kehoe,kehoecolby,2023,,,,Freshman,
Khalil Knightner,knightnerkhalil,2023,,,,Freshman,
Tristan Knopov,knopovtristan,2023,Wide Receiver,,,Senior,
Ben Knox,knoxben,2023,,,,Freshman,
Nana Koranteng,korantengnana,2023,Running Back,6',200,Freshman,58
James Kyranos,kyranosjames,2023,,,,Sophomore,
Michael Lampman,lampmanmichael,2023,Guard; Middle Linebacker,,,Freshman,
Austin Lee,leeaustin,2023,Guard; Defensive Tackle,"6'2""",236,Freshman,65
Matthew Lee,leematthew,2023,Strong Safety; Wide Receiver,"5'10""",150,Junior,23
Clayton Lemke,lemkeclayton,2023,Quarterback; Kicker; Punter,,,Sophomore,18
Russell Lennon,lennonrussell,2023,Wide Receiver; Free Safety,"5'11""",160,Junior,3
Nate Leslie,leslienate,2023,Slotback; Cornerback,"5'10""",160,Sophomore,6
Mason Lisicki,lisickimason,2023,Outside Linebacker; Cornerback,6',180,Sophomore,
Messiah Lugo,lugomessiah,2023,Guard; Defensive End,"5'11""",225,Sophomore,
Trenton Lyles,lylestrenton,2023,,,,Junior,
Brady Malloy,malloybrady,2023,,,,Sophomore,
Mason Malloy,malloymason,2023,Slotback; Strong Safety,"5'9""",168,Senior,25
Dajon Marshall,marshalldajon,2023,Wide Receiver; Strong Safety,"6'1""",150,Sophomore,13
Josh Martin,martinjosh,2023,,,,Freshman,
Xavier Martin,martinxavier,2023,,,,Freshman,
Jacob McAlister,mcalisterjacob,2023,,,,Junior,
Caleb McClarin,mcclarincaleb,2023,,,,Senior,
Bodi McGowan,mcgowanbodi,2023,Center; Defensive Tackle,,,Freshman,60
Isaiah Mcrae,mcraeisaiah,2023,Defensive End,,,Sophomore,70
Austin Meisner,meisneraustin,2023,Safety,"6'1""",185,Senior,
Alexander Mendez,mendezalexander,2023,,,,Junior,
Bryant Miller,millerbryant,2023,,,,Sophomore,
Peter Miller,millerpeter,2023,,,,Sophomore,
Jaylin Mills,millsjaylin,2023,Guard; Defensive End,,,Freshman,59
Adriel Miranda,mirandaadriel,2023,,,,Freshman,
De'Andre Monroe,monroedeandre,2023,Safety; Wide Receiver,"5'7""",190,Junior,3
Kole Montgomery,montgomerykole,2023,,,,Freshman,
Jacob Moore,moorejacob,2023,Wide Receiver; Defensive End,"6'1""",157,Sophomore,
Zach Moore,moorezach,2023,Linebacker,"5'11""",205,Senior,
Damian Morales,moralesdamian,2023,,,,Freshman,
KJ Morton,mortonkj,2023,Wide Receiver; Cornerback,"5'11""",155,Sophomore,5
Caleb Nelson,nelsoncaleb,2023,,,,Junior,
Darriyus Nelson,nelsondarriyus,2023,Fullback; Outside Linebacker,,,Sophomore,17
Kaleb Oglesby,oglesbykaleb,2023,,"5'7""",129,Freshman,
Makayla Ontiveros,ontiverosmakayla,2023,,"5'4""",0,Sophomore,
Hezekiah Ortiz,ortizhezekiah,2023,,,,Senior,
Isaac Ortiz,ortizisaiah,2023,Slotback; Outside Linebacker,"5'10""",175,Sophomore,
Kamron Panyard,panyardkamron,2023,Offensive Guard,"5'9""",235,Junior,55
Jhirmane Parks,parksjhirmane,2023,,,,Senior,
Aydan Pendleton,pendletonaydan,2023,Slotback; Outside Linebacker,,,Freshman,40
Isaiah Perez,perezisaiah,2023,,,,Junior,
Cash Phelix,phelixcash,2023,Tackle; Defensive Tackle,"6'6""",270,Senior,75
Xavier Pinckney,pinckneyxavier,2023,Nose Guard; Defensive Tackle,,,Junior,
Joseph Pittman,pittmanjoseph,2023,Slotback; Punter,"5'11""",145,Senior,11
Jacob Pitts,pittsjacob,2023,,,,Sophomore,
Torbin Powell,powelltorbin,2023,,"5'7""",134,Freshman,
Tyler Pulliam,pulliamtyler,2023,Tackle; Defensive Tackle,"6'4""",245,Sophomore,78
Thomas Quirk,quirkthomas,2023,,"5'9""",,Freshman,
Lane Ratcliff,ratclifflane,2023,Tackle; Guard; Center,,,Senior,
Gavin Richardson,richardsongavin,2023,,,,Junior,
Jayden Rivera,riverajayden,2023,Guard; Defensive End,"5'8""",180,Junior,51
Hendrix Roberson,robersonhendrix,2023,Wide Receiver; Cornerback,,,Junior,
Colton Roberts,robertscolton,2023,,,,Freshman,
Colin Robinson,robinsoncolin,2023,Kicker; Punter,"5'11""",175,Freshman,35
Caleb Ross,rosscaleb,2023,,,,Senior,
Travis Ross,rosstravis,2023,Tackle; Defensive End,6',215,Junior,76
Luke Schneider,schneiderluke,2023,,,,Junior,
RJ Schoolfield,schoolfieldrj,2023,Quarterback; Cornerback,"6'4""",173,Junior,16
Antonio Seals,sealsantonio,2023,Guard; Nose Guard,"5'10""",240,Junior,53
Edwin Searcy,searcyedwin,2023,Running Back; Nose Guard,"5'8""",195,Senior,22
Austin Shackleford,shacklefordaustin,2023,,,,Freshman,
Davon Shelton,sheltondavon,2023,Wide Receiver; Free Safety,"5'9""",150,Sophomore,
Dillon Shelton,sheltondillon,2023,,,,Junior,
Osman Sillah,sillahosman,2023,,,,Senior,
Hunter Simpson,simpsonhunter,2023,,,,Sophomore,
Ashby Smith,smithashby,2023,Guard; Tackle; Nose Guard,,,Freshman,77
Dominic Smith,smithdominic,2023,Quarterback; Middle Linebacker,"6'1""",200,Junior,1
Gabrian Smith,smithgabrian,2023,Tackle; Defensive End,6',218,Junior,68
Henry Smith,smithhenry,2023,Center,"6'5""",300,Senior,72
Ian Smith,smithian,2023,Nose Tackle,6',220,Senior,
Lamar Smith,smithlamar,2023,Safety,"5'11""",150,Junior,6
Sebastian Smith,smithsebastian,2023,,,,Freshman,39
Vichael Smith,smithvichael,2023,,,,Senior,
Braeden Snavely,snavelybraeden,2023,Defensive End,"6'3""",240,Sophomore,89
Andrew Stalteri,stalteriandrew,2023,Kicker,6',146,Junior,35
Dimas Stapleton,stapletondimas,2023,Cornerback; Slotback,,,Senior,12
Justin Stewart,stewartjustin,2023,Outside Linebacker; Fullback,"5'8""",198,Sophomore,
Brody Stoffan,stoffanbrody,2023,Slotback; Strong Safety,"5'9""",160,Freshman,39
Caiden Story,storycaiden,2023,,,,Sophomore,
Kani Strother,strotherkani,2023,Slotback; Free Safety,"5'9""",140,Freshman,11
Michael Sullivan,sullivanmichael,2023,Wide Receiver; Cornerback,"5'11""",155,Sophomore,
Zorian Sutton,suttonzorian,2023,Cornerback,"5'10""",160,Junior,23
Carthan Swapschire,swapschirecarthan,2023,,,,Sophomore,
Kenneth Thornton,thorntonkenneth,2023,,,,Junior,
Christopher Tierney,tierneychristopher,2023,Center; Defensive End,,,Sophomore,58
Miles Tyson,tysonmiles,2023,,,,Freshman,
Alex Valasek,valasekalex,2023,Offensive Tackle,"6'2""",245,Senior,
Jansen Vernam,vernamjansen,2023,,,,Freshman,
Elijah Walker,walkerelijah,2023,Wide Receiver; Outside Linebacker,,,Freshman,44
Tre Wheaton,wheatontre,2023,Running Back; Outside Linebacker,"5'9""",180,Senior,40
Jayden White-Hardy,whitehardyjayden,2023,Running Back; Defensive End,"5'11""",206,Sophomore,12
Sean Williams,williamssean,2023,Linebacker,"5'11""",180,,
Victor Willingham,willinghamvictor,2023,Guard; Defensive End,,,Senior,67
Gavin Wright,wrightgavin,2023,Quarterback,6',170,Senior,
Jack Yealy,yealyjack,2023,,,,Freshman,
Kawika Young,youngkawika,2023,Tackle; Defensive Tackle,"6'5""",309,Freshman,
Luke Adams,adamsluke,2024,Quarterback,"6'1""",195,Freshman,15
Aaden Agyeman,agyemanaaden,2024,Running Back; Defensive Tackle,,,Sophomore,
Donovan Amoah,amoahdonovan,2024,Slotback; Cornerback,"5'9""",153,Junior,20
James Anderson,andersonjames,2024,,,,Senior,
Nathan Apicella,apicellanathan,2024,,,,Sophomore,
Aiden Asenso,asensoaiden,2024,Running Back; Outside Linebacker,"5'7""",167,Junior,25
Benjamin Athenry,athenrybenjamin,2024,,,,Sophomore,
Adrian Ayala,ayalaadrian,2024,,,,Freshman,
Alex Baker,bakeralex,2024,Guard; Defensive End,"5'10""",180,Senior,65
Mason Banks,banksmason,2024,,,,Sophomore,
Reece Banks,banksreece2,2024,Guard; Defensive Tackle,"5'11""",280,Sophomore,66
Mustafa Baryal,baryalmustafa,2024,,,,Senior,
Miller Beavers,beaversmiller,2024,,,,Sophomore,
Riley Bender,benderriley,2024,Tackle; Tight End,"6'2""",200,Freshman,15
Johnathan Benz,benzjohnathan,2024,Defensive End; Middle Linebacker,"5'9""",160,Sophomore,
Joshua Berry,berryjoshua,2024,Wide Receiver; Cornerback,,,Senior,
Justin Bissell,bisselljustin,2024,Guard; Defensive Tackle,,,Senior,67
Hagan Blackburn,blackburnhagan,2024,,,,Junior,
David Blakemore,blakemoredavid,2024,,,,Freshman,
James Boateng,boatengjames,2024,Running Back; Outside Linebacker,"5'11""",170,Senior,
Brock Boncich,boncichbrock,2024,,,,Freshman,
Kaelyn Booth,boothkaelyn,2024,,,,Senior,
Ryan Brecht,brechtryan,2024,,,,Sophomore,
Julian Brown,brownjulian,2024,,"5'11""",195,Senior,
JJ Bryant,bryantjj,2024,,"5'7""",,Sophomore,
Collin Buchanan,buchanancollin,2024,,"5'10""",276,Sophomore,
Jahiem Bunns,bunnsjahiem,2024,Defensive End; Fullback,6',230,Senior,53
Gavin Bushman,bushmangavin,2024,,,,Freshman,
Dakota Butler,butlerdakota,2024,,,,Freshman,
Xayvion Byrd,byrdxayvion,2024,,,,Junior,
Sean Campbell,campbellsean,2024,,,,Freshman,17
Silas Carey,careysilas,2024,,,,Freshman,
Adrian Cervantes,cervantesadrian,2024,,,,Junior,
Jaden Chambers,chambersjaden,2024,,,,Junior,
Chole Chaplin,chaplinchole,2024,,,,Freshman,
Jamaah Cheatham,cheathamjamaah,2024,,,,Freshman,
Ethan Chon,chonethan,2024,Wide Receiver; Cornerback,"5'9""",170,Sophomore,84
Duane Coats,coatsduane,2024,Running Back; Outside Linebacker,,,Senior,44
Jordan Coats,coatsjordan,2024,Cornerback; Wide Receiver,6',140,Sophomore,
Desean Cole,coledesean,2024,,,,Senior,
Garrett Covert,covertgarrett,2024,,,,Junior,
Brayden Cox,coxbrayden,2024,Long Snapper,"5'8""",155,Senior,88
Malachi Creamer,creamermalachi,2024,Running Back; Outside Linebacker,"5'10""",190,Junior,9
Michael Creamer,creamermichael,2024,Running Back; Outside Linebacker,6',215,Senior,7
Ethan Crockett,crockettethan,2024,Tackle; Defensive Tackle,,,Sophomore,70
Brennen Crowell,crowellbrennen,2024,Wide Receiver; Free Safety,"5'10""",127,Senior,
Mitchell Dahnert,dahnertmitchell,2024,,,,Junior,
Zach Decker,deckerzach,2024,,,145,Senior,
Makai Dewitt,dewittmakai,2024,Wide Receiver; Cornerback,,,Sophomore,30
Jayden Diaz,diazjayden,2024,,"5'4""",146,Junior,
Amare Dobson,dobsonamare,2024,,,,Freshman,
Preston Dunstan,dunstanpreston,2024,,,,Sophomore,
Gray Elkins,elkinsgray,2024,,,,Freshman,
Brian Ellenwood,ellenwoodbrian,2024,,"5'6""",,Freshman,32
Tyreese Ellis,ellistyreese,2024,Center,"6'2""",,Sophomore,78
Edward Escamilla,escamillaedward,2024,Guard; Nose Guard,,,Senior,
William Etu,etuwilliam,2024,,"5'4""",116,Junior,
James Fells,fellsjames,2024,,,,Junior,
Demeir Flowers Moore,flowersmooredemeir,2024,,"5'6""",147,Senior,
Luke Flynn,flynnluke,2024,,,,Freshman,15
Ben Fowler,fowlerben,2024,,"5'1""",120,Sophomore,
O'Shay Franklin,franklinoshay,2024,,,,Freshman,
Max Friday,fridaymax,2024,Cornerback; Wide Receiver,"6'1""",170,Sophomore,21
Chris Fuller,fullerchris,2024,,,,Freshman,
Henry Furrow,furrowhenry,2024,,,124,Freshman,
Dakota Gale,galedakota,2024,,"5'10""",135,Freshman,
Enrique Gamez,gamezenrique,2024,,,,Senior,
Erick Garcia,garciaerick,2024,,,,Sophomore,
Jesse Gatto,gattojesse,2024,Tackle; Outside Linebacker,"5'6""",147,Junior,
Tabyas Gerace,geracetabyas,2024,Linebacker,"5'10""",180,Senior,18
Jeremias Gonzalez Flores,gonzalezfloresjeremias,2024,,,,Senior,
Tristen Goodwin,goodwintristen,2024,Slotback; Free Safety,"5'8""",155,Sophomore,40
Stephen Grau,graustephen,2024,,,,Sophomore,53
Timothy Grayson,graysontimothy,2024,,,,Freshman,
Zion Gray,grayzion,2024,Quarterback; Defensive Back,"5'10""",165,Senior,1
Brycen Grisham,grishambrycen,2024,,,,Freshman,
Jeff Hall,halljeff,2024,,,,Senior,
Micah Harrington,harringtonmicah,2024,,"5'9""",165,Freshman,
Zavion Harris,harriszavion,2024,Guard; Defensive Line,"6'1""",260,Senior,60
Wade Harvey,harveywade,2024,,,,Senior,
Walker Haymes,haymeswalker,2024,,"5'10""",140,Junior,
Elijah Hernandez,hernandezelijah,2024,Tackle,"6'3""",335,Senior,
Xavier Hernandez,hernandezxavier,2024,Linebacker,"6'1""",215,Junior,
Elijah Hill,hillelijah,2024,Running Back; Free Safety,"5'7""",145,Sophomore,
Clark Hughes,hughesclark,2024,,,,Junior,
Michael Irish,irishmichael,2024,,,,Freshman,
Calvin Jackson,jacksoncalvin,2024,,,,Freshman,
Marc James,jamesmarc,2024,Wide Receiver; Outside Linebacker,6',180,Junior,32
Zach Johnson,johnsonzach,2024,Wide Receiver,"6'2""",200,Senior,8
Elijah Jones,joneselijah,2024,Slotback; Cornerback,"5'7""",135,Junior,19
TaySean Jones,jonestaysean,2024,Slotback; Tight End,"6'4""",215,Junior,88
Isaiah Joseph,josephisaiah,2024,,,,Junior,
Connor Kallis,kallisconnor,2024,,,,Senior,
Alex Kane,kanealex,2024,,"5'10""",160,Junior,35
Ammar Kareem,kareemammar,2024,,"5'8""",170,Freshman,44
Nicholas Kedzierski,kedzierskinicholas,2024,,,,Freshman,
Colby Kehoe,kehoecolby,2024,,,,Sophomore,
Brodie Kickuth,kickuthbrodie,2024,,,,Freshman,
Khalil Knightner,knightnerkhalil,2024,,,,Sophomore,
Ben Knox,knoxben,2024,,,,Sophomore,
Nana Koranteng,korantengnana,2024,Running Back; Defensive End,6',200,Sophomore,58
Okyere Kwadwo,kwadwookyere,2024,,"5'8""",,Sophomore,
James Kyranos,kyranosjames,2024,,,,Junior,
Dajuan Lawton,lawtondajuan,2024,Outside Linebacker,"5'8""",168,Freshman,30
Austin Lee,leeaustin,2024,Guard; Defensive Tackle,"6'2""",236,Sophomore,63
Matthew Lee,leematthew,2024,Wide Receiver; Outside Linebacker,"5'10""",150,Senior,22
Clayton Lemke,lemkeclayton,2024,Quarterback; Kicker; Punter,"5'9""",,Junior,17
Russell Lennon,lennonrussell,2024,Wide Receiver; Outside Linebacker,"5'11""",160,Senior,2
Nate Leslie,leslienate,2024,Slotback; Defensive Back,"5'10""",165,Junior,5
Mason Lisicki,lisickimason,2024,Outside Linebacker; Cornerback,6',180,Junior,
Messiah Lugo,lugomessiah,2024,Guard; Defensive End,"5'11""",225,Junior,
Trenton Lyles,lylestrenton,2024,,,,Senior,
Nathan Maas,maasnathan,2024,,,,Freshman,
Brady Malloy,malloybrady,2024,,,,Junior,
Dajon Marshall,marshalldajon,2024,Wide Receiver; Strong Safety,"6'1""",150,Junior,12
Josh Martin,martinjosh,2024,,,,Sophomore,
Xavier Martin,martinxavier,2024,,,,Sophomore,
Ethan Marton,martonethan,2024,Wide Receiver; Strong Safety,"5'10""",165,Freshman,23
Skylar Mason,masonskylar,2024,,,,Freshman,
Jacob McAlister,mcalisterjacob,2024,,,,Senior,
Kayne Mccarty,mccartykayne,2024,,,,Freshman,
Bodi McGowan,mcgowanbodi,2024,Fullback; Long Snapper,"5'9""",166,Sophomore,44
Isaiah McRae,mcraeisaiah,2024,Defensive End,,,Junior,68
Alexander Mendez,mendezalexander,2024,,,,Senior,
Bryant Miller,millerbryant,2024,,,,Junior,
Peter Miller,millerpeter,2024,,,,Junior,
Noah Milliken,millikennoah,2024,,,,Freshman,
Jaylin Mills,millsjaylin,2024,Guard; Defensive End,"5'10""",,Sophomore,
Adriel Miranda,mirandaadriel,2024,,,,Sophomore,
De'Andre Monroe,monroedeandre,2024,Slotback,"5'9""",190,Senior,3
Kole Montgomery,montgomerykole,2024,,,,Sophomore,
Jacob Moore,moorejacob,2024,Wide Receiver; Defensive End,"6'1""",157,Junior,
Damian Morales,moralesdamian,2024,,,,Sophomore,
Jvion Morton,mortonjvion,2024,,,,Sophomore,
KJ Morton,mortonkj,2024,Wide Receiver,"5'11""",160,Junior,4
Camden Nave,navecamden,2024,,,,Freshman,
Caleb Nelson,nelsoncaleb,2024,,,,Senior,
Darriyus Nelson,nelsondarriyus,2024,Fullback; Outside Linebacker,"5'10""",,Junior,16
Collin Newton,newtoncollin,2024,,"5'11""",140,Senior,
Junior Nkem,nkemjunior,2024,,"5'11""",170,Junior,18
Kaleb Oglesby,oglesbykaleb,2024,,"5'7""",129,Sophomore,
Makayla Ontiveros,ontiverosmakayla,2024,,"5'4""",,Junior,
Isaac Ortiz,ortizisaiah,2024,Slotback; Outside Linebacker,"5'10""",175,Junior,
Connor Panyard,panyardconnor,2024,,"5'10""",158,Freshman,
Kamron Panyard,panyardkamron,2024,Guard,"5'8""",240,Senior,55
Xavier Parker,parkerxavier,2024,,,125,Freshman,
Kalib Patton,pattonkalib,2024,,,,Freshman,55
Jamir Pearson,pearsonjamir,2024,Quarterback,"5'8""",1,Sophomore,19
Aydan Pendleton,pendletonaydan,2024,Slotback; Outside Linebacker,,,Sophomore,35
Max Penn,pennmax,2024,,,,Freshman,
Isaiah Perez,perezisaiah,2024,,,,Senior,
Xavier Pinckney,pinckneyxavier,2024,Nose Guard; Defensive Tackle,,,Senior,
Jacob Pitts,pittsjacob,2024,,,,Junior,
Torbin Powell,powelltorbin,2024,,"5'7""",134,Sophomore,
Tyler Pulliam,pulliamtyler,2024,Tackle; Defensive Tackle,"6'4""",250,Junior,77
Jeremy Pyle,pylejeremy,2024,,,,Freshman,
Thomas Quirk,quirkthomas,2024,,"5'9""",,Sophomore,
Gavin Richardson,richardsongavin,2024,,,,Senior,
Jayden Rivera,riverajayden,2024,Fullback; Defensive End,"5'8""",200,Senior,49
Hendrix Roberson,robersonhendrix,2024,,"5'7""",143,Senior,
Colton Roberts,robertscolton,2024,,,,Sophomore,
Colin Robinson,robinsoncolin,2024,Kicker; Punter,"5'8""",150,Sophomore,90
Travis Ross,rosstravis,2024,Tackle; Defensive End,6',215,Senior,75
Hunter Sanders,sandershunter,2024,,,,Junior,
Luke Schneider,schneiderluke,2024,,,,Senior,
RJ Schoolfield,schoolfieldrj,2024,Quarterback; Cornerback,"6'4""",180,Senior,13
Carter Scott,scottcarter,2024,,,,Sophomore,22
Antonio Seals,sealsantonio,2024,Defensive Line,"5'10""",240,Senior,51
Davon Shelton,sheltondavon,2024,Wide Receiver; Free Safety,"5'9""",150,Junior,
Dillon Shelton,sheltondillon,2024,,,,Senior,
Hunter Simpson,simpsonhunter,2024,,,,Junior,
Ashby Smith,smithashby,2024,Tackle; Nose Guard,"6'2""",,Sophomore,76
Devon Smith,smithdevon,2024,,,,Sophomore,72
Dominic Smith,smithdominic,2024,Linebacker,"6'1""",200,Senior,0
Gabrian Smith,smithgabrian,2024,Tackle; Defensive End,6',218,Senior,68
Lamar Smith,smithlamar,2024,Wide Receiver; Cornerback,"5'11""",155,Senior,6
Sebastian Smith,smithsebastian,2024,,,,Sophomore,39
Braeden Snavely,snavelybraeden,2024,Defensive Line,"6'3""",270,Junior,89
Andrew Stalteri,stalteriandrew,2024,Kicker,6',150,Senior,33
Justin Stewart,stewartjustin,2024,Outside Linebacker; Fullback,"5'8""",198,Junior,
Brody Stoffan,stoffanbrody,2024,Slotback; Strong Safety,"5'9""",160,Sophomore,
Caiden Story,storycaiden,2024,,,,Junior,
Kani Strother,strotherkani,2024,Slotback; Free Safety,"5'9""",140,Sophomore,10
Michael Sullivan,sullivanmichael,2024,Wide Receiver; Cornerback,"5'11""",155,Junior,
Zorian Sutton,suttonzorian,2024,Cornerback; Wide Receiver,"6'2""",170,Senior,23
Carthan Swapschire,swapschirecarthan,2024,,,,Junior,
Kenneth Thornton,thorntonkenneth,2024,,,,Senior,
Christopher Tierney,tierneychristopher,2024,Center,"6'1""",240,Junior,56
Grant Tobin,tobingrant,2024,,,,Freshman,
Vincent Todd,toddvincent,2024,Guard; Defensive End,,,Freshman,
Miles Tyson,tysonmiles,2024,,,,Sophomore,
Jansen Vernam,vernamjansen,2024,,,,Sophomore,
Michael Vosburg,vosburgmichael,2024,,,,Freshman,
Elijah Walker,walkerelijah,2024,Wide Receiver; Outside Linebacker,,,Sophomore,41
Zech Waters,waterszech,2024,Wide Receiver; Cornerback,"5'10""",180,Sophomore,9
Jayden White-Hardy,whitehardyjayden,2024,Defensive End; Running Back,"5'11""",206,Junior,11
Christian Wilburn,wilburnchristian,2024,Cornerback; Wide Receiver,,,Junior,28
Josiah Wright,wrightjosiah,2024,Defensive Back,"5'9""",165,Freshman,
Jack Yealy,yealyjack,2024,,,,Sophomore,
Kawika Young,youngkawika,2024,Tackle; Defensive Tackle,"6'5""",309,Sophomore,
Jonathan Adams,adamsjonathan,2025,,,160,Junior,
Luke Adams,adamsluke,2025,Quarterback,"6'1""",175,Sophomore,15
Aaden Agyeman,agyemanaaden,2025,,,,Junior,
Donovan Amoah,amoahdonovan,2025,Slotback; Cornerback,"5'9""",153,Senior,20
Sautasi Aoelua,aoeluasautasi,2025,,,,Junior,
Reece Banks,banksreece2,2025,,,295,Junior,
Gavin Brown,browngavin,2025,,,,Senior,
Sean Campbell,campbellsean,2025,,,,Junior,
Malachi Creamer,creamermalachi,2025,Running Back; Outside Linebacker,"5'10""",190,Senior,9
Brayden Dalton,daltonbrayden,2025,,,,Junior,
Makai Dewitt,dewittmakai,2025,Wide Receiver; Cornerback,,,Junior,12
Tyreese Ellis,ellistyreese,2025,,6',,Junior,78
Luke Flynn,flynnluke,2025,,,,Sophomore,14
Max Friday,fridaymax,2025,Cornerback; Wide Receiver,"6'1""",175,Junior,2
Tristen Goodwin,goodwintristen,2025,Slotback; Free Safety,"5'8""",155,Junior,17
Stephen Grau,graustephen,2025,,,,Senior,
Micah Harrington,harringtonmicah,2025,,,,Junior,
Clark Hughes,hughesclark,2025,,,,Senior,
Marc James,jamesmarc,2025,Wide Receiver; Defensive End,"6'1""",190,Senior,22
Christopher Jean,jeanchristopher,2025,,,,Junior,
Gavin Johnson,johnsongavin,2025,Guard,,,Freshman,53
Elijah Jones,joneselijah,2025,Slotback; Cornerback,"5'7""",135,Senior,8
Nana Koranteng,korantengnana,2025,Defensive End; Running Back,"6'1""",215,Junior,0
Austin Lee,leeaustin,2025,Guard; Defensive Tackle,"6'2""",236,Junior,63
Clayton Lemke,lemkeclayton,2025,Quarterback; Kicker,,,Senior,6
Nate Leslie,leslienate,2025,Slotback; Cornerback,"5'10""",160,Senior,5
Nathan Maas,maasnathan,2025,,,,Junior,
Brady Malloy,malloybrady,2025,,,,Senior,
Xavier Martin,martinxavier,2025,,,,Senior,
Bodi McGowan,mcgowanbodi,2025,Fullback; Long Snapper,"5'9""",185,Junior,59
Isaiah McRae,mcraeisaiah,2025,,,190,Senior,
Elijah Miller,millerelijah,2025,,,,,
Donte Minor,minordonte,2025,Guard; Tackle,,,Freshman,43
KJ Morton,mortonkj,2025,Wide Receiver; Free Safety,"5'11""",155,Senior,4
Darriyus Nelson,nelsondarriyus,2025,Fullback; Outside Linebacker,,,Senior,16
Emigdus Nkem,nkememigdus,2025,,,,Senior,
Kalib Patton,pattonkalib,2025,,,,Junior,
Tyler Pulliam,pulliamtyler,2025,Tackle; Defensive Tackle,"6'4""",250,Senior,77
Colton Roberts,robertscolton,2025,,,,Senior,
Colin Robinson,robinsoncolin,2025,Kicker; Punter,,165,Junior,
Carter Scott,scottcarter,2025,,,,Senior,
Ashby Smith,smithashby,2025,Tackle; Center,"6'4""",,Junior,76
Toriyon Stephens,stephenstoriyon,2025,,,,Freshman,
Kani Strother,strotherkani,2025,,,,Junior,
Vincent Todd,toddvincent,2025,,,,Junior,
Branden Turner,turnerbranden,2025,,,,Senior,
Eson Vaughan,vaughaneson,2025,,,,Senior,
Michael Vosburg,vosburgmichael,2025,,,,Junior,
Elijah Walker,walkerelijah,2025,Wide Receiver; Outside Linebacker,,,Junior,13
David Waters,watersdavid,2025,,,150,Senior,
Zech Waters,waterszech,2025,Cornerback; Wide Receiver,"5'9""",165,Junior,19
Jayden White-Hardy,whitehardyjayden,2025,Defensive End; Running Back,"5'11""",206,Senior,11
Christian Wilburn,wilburnchristian,2025,Wide Receiver; Cornerback,,,Senior,1
Jeremiah Williams,williamsjeremiah,2025,,,,Sophomore,
Josiah Wright,wrightjosiah,2025,Wide Receiver; Free Safety,"5'11""",165,Sophomore,3
Aaden Agyeman,agyemanaaden,2026,,,,Senior,28
Sautasi Aoelua,aoeluasautasi,2026,,"5'11""",,Junior,51
Jarrod Bailey,baileyjarrod,2026,Running Back; Strong Safety,"5'6""",130,Freshman,22
Levi Banks,bankslevi,2026,Guard,,,Junior,68
RJ Banks,banksrj,2026,,,,Senior,66
Riley Bender,benderriley,2026,Tackle; Tight End,"6'2""",200,Junior,15
Gavin Brown,browngavin,2026,,,,Senior,42
Sean Campbell,campbellsean,2026,,,,Junior,17
Johnathan Carruth,carruthjohnathan,2026,,,,Freshman,
Ethan Chon,chonethan,2026,Outside Linebacker; Defensive End,"5'9""",180,Senior,5
Ariston Chonko,chonkoariston,2026,,,,Freshman,
Nate Clute,clutenate,2026,Defensive End; Tight End,"6'1""",205,Sophomore,14
Kasim Coles,coleskasim,2026,,,,,
Franklin Cruz,cruzfranklin,2026,,,,Freshman,
Brayden Dalton,daltonbrayden,2026,Quarterback; Middle Linebacker,6',190,Senior,7
Logan Decatur,decaturlogan,2026,Free Safety,,,Freshman,
Makai Dewitt,dewittmakai,2026,Wide Receiver; Cornerback,,,Senior,1
Elijah Drake,drakeelijah,2026,,,,,
Brian Ellenwood,ellenwoodbrian,2026,,"5'6""",,Junior,32
Tyreese Ellis,ellistyreese,2026,,"6'2""",,Senior,78
Jayden Eura,eurajayden,2026,,,,,
Jermiah Eura,eurajermiah,2026,Outside Linebacker; Fullback,"5'7""",175,Sophomore,28
Jalen Fells,fellsjalen,2026,,,,,
Jordan Fells,fellsjordan,2026,Wide Receiver; Cornerback,,,Freshman,
Luke Flynn,flynnluke,2026,,,,Junior,4
Daniel Frye,fryedaniel,2026,Tackle,"5'11""",170,Sophomore,63
Nathan Gary,garynathan,2026,,,,Freshman,
Tony Giles,gilestony,2026,,,,,
Egon Gonzalez Escalante,gonzalezescalanteegon,2026,,,,Junior,12
Tristen Goodwin,goodwintristen,2026,Slotback; Free Safety,"5'8""",155,Senior,20
Stephen Grau,graustephen,2026,,,,Senior,53
Micah Harrington,harringtonmicah,2026,,"5'9""",182,Junior,18
Tatum Hazelwood,hazelwoodtatum,2026,,,,,
Jayden Hernandez Ramirez,hernandezramirezjayden,2026,Center; Defensive Tackle,,,Freshman,
Easton Hibberd,hibberdeaston,2026,Strong Safety; Wide Receiver,"5'10""",165,Sophomore,3
Brandon Hill,hillbrandon,2026,,,,,
KJ Hitt,hittkj,2026,Defensive End; Wide Receiver,"6'3""",210,Sophomore,11
Corbin Hosaflook,hosaflookcorbin,2026,,,,,
Owen Jarvis,jarvisowen,2026,,,,,
Christopher Jean,jeanchristopher,2026,,,,Senior,79
Herman Johannson,johannsonherman,2026,,,,,
Colton Jolley,jolleycolton,2026,,,,,
Liam Kelly,kellyliam,2026,,,,,
Nana Koranteng,korantengnana,2026,Defensive End; Running Back,"6'1""",215,Senior,0
Chace Lang,langchace,2026,,,,,
Jaxson Lankford,lankfordjaxson,2026,,,,,
Dajuan Lawton,lawtondajuan,2026,Outside Linebacker; Running Back,"5'9""",205,Junior,6
Austin Lee,leeaustin,2026,,,,Senior,58
Nathan Maas,maasnathan,2026,,"5'10""",230,Junior,40
Draco Martin,martindraco,2026,,,,,
Xavier Martin,martinxavier,2026,,,,Senior,21
Bodi McGowan,mcgowanbodi,2026,Fullback; Long Snapper,"5'9""",166,Senior,44
Tristen McLeod,mcleodtristen,2026,,,,,
Damian Moreno,morenodamian,2026,Cornerback; Wide Receiver,"5'6""",140,Freshman,10
Emilio Najarro,najarroemilio,2026,,,,,
Kaleb Oglesby,oglesbykaleb,2026,,,,Senior,30
Xavier Parker,parkerxavier,2026,Running Back,,,Junior,8
Kalib Patton,pattonkalib,2026,,,,Junior,55
Jamir Pearson,pearsonjamir,2026,Quarterback,"5'8""",,Senior,19
Aydan Pendleton,pendletonaydan,2026,Slotback; Outside Linebacker,,,Senior,
Max Penn,pennmax,2026,,"5'10""",200,Junior,23
Emiliano Rivera,riveraemiliano,2026,,,,,
Colin Robinson,robinsoncolin,2026,Kicker; Punter,"5'10""",170,Senior,35
Giovanny Salazar,salazargiovanny,2026,,,,Junior,75
Carter Scott,scottcarter,2026,,,,Senior,22
Ashby Smith,smithashby,2026,Tackle; Center,"6'4""",,Senior,56
Sebastian Smith,smithsebastian,2026,,,,Senior,39
Toriyon Stephens,stephenstoriyon,2026,Running Back; Free Safety,,,Sophomore,
Kani Strother,strotherkani,2026,Slotback; Free Safety,"5'9""",140,Senior,2
Bradley Sullivan,sullivanbradley,2026,,,,,
Hayden Thornton,thorntonhayden,2026,Wide Receiver,,,Freshman,
Eson Vaughan,vaughaneson,2026,,,,Senior,50
Lincoln Vorse,vorselincoln,2026,Defensive End; Offensive Guard,6',205,Sophomore,55
Michael Vosburg,vosburgmichael,2026,,,,Junior,65
Elijah Walker,walkerelijah,2026,Wide Receiver; Outside Linebacker,,,Senior,10
Zech Waters,waterszech,2026,Wide Receiver; Cornerback,"5'10""",180,Senior,9
Jack Yule,yulejack,2026,,,,,
Justin Sullivan,sullivanjustin,2009,Offensive Lineman,,,Junior,
Tyler Layburn,layburn,2011,,,,Junior,
Tyler Layburn,layburn,2012,,,,Senior,
